CASE_ID,ACCIDENT_YEAR,PROC_DATE,JURIS,COLLISION_DATE,COLLISION_TIME,OFFICER_ID,REPORTING_DISTRICT,DAY_OF_WEEK,CHP_SHIFT,POPULATION,CNTY_CITY_LOC,SPECIAL_COND,BEAT_TYPE,CHP_BEAT_TYPE,CITY_DIVISION_LAPD,CHP_BEAT_CLASS,BEAT_NUMBER,PRIMARY_RD,SECONDARY_RD,DISTANCE,DIRECTION,INTERSECTION,WEATHER_1,WEATHER_2,STATE_HWY_IND,CALTRANS_COUNTY,CALTRANS_DISTRICT,STATE_ROUTE,ROUTE_SUFFIX,POSTMILE_PREFIX,POSTMILE,LOCATION_TYPE,RAMP_INTERSECTION,SIDE_OF_HWY,TOW_AWAY,COLLISION_SEVERITY,NUMBER_KILLED,NUMBER_INJURED,PARTY_COUNT,PRIMARY_COLL_FACTOR,PCF_CODE_OF_VIOL,PCF_VIOL_CATEGORY,PCF_VIOLATION,PCF_VIOL_SUBSECTION,HIT_AND_RUN,TYPE_OF_COLLISION,MVIW,PED_ACTION,ROAD_SURFACE,ROAD_COND_1,ROAD_COND_2,LIGHTING,CONTROL_DEVICE,CHP_ROAD_TYPE,PEDESTRIAN_ACCIDENT,BICYCLE_ACCIDENT,MOTORCYCLE_ACCIDENT,TRUCK_ACCIDENT,NOT_PRIVATE_PROPERTY,ALCOHOL_INVOLVED,STWD_VEHTYPE_AT_FAULT,CHP_VEHTYPE_AT_FAULT,COUNT_SEVERE_INJ,COUNT_VISIBLE_INJ,COUNT_COMPLAINT_PAIN,COUNT_PED_KILLED,COUNT_PED_INJURED,COUNT_BICYCLIST_KILLED,COUNT_BICYCLIST_INJURED,COUNT_MC_KILLED,COUNT_MC_INJURED,PRIMARY_RAMP,SECONDARY_RAMP,LATITUDE,LONGITUDE,COUNTY,CITY,POINT_X,POINT_Y
91427523,2021,2021-03-15,9850,2021-03-05,1540,021878,NA,5,2,5,3612,0,1,1,NA,2,082,I-15 TO BEAR VALLEY RD OFF-RAMP,BEAR VALLEY RD,110,S,N,A,-,Y,NA,NA,15,NA,NA,NA,R,NA,NA,N,4,0,1,2,A,-,07,21658,A,N,B,C,A,A,H,-,A,D,0,NA,NA,NA,NA,Y,NA,A,01,0,0,1,0,0,0,0,0,0,-,-,34.47003936767578,-117.34398651123048,SAN BERNARDINO,VICTORVILLE,-117.34398651123048,34.47003936767578
91428021,2021,2021-03-16,9834,2021-03-05,1805,018343,NA,5,2,9,3600,0,1,3,NA,1,064,SR-62,SANTE FE RAILROAD TRACKS,29040,E,N,A,-,Y,NA,NA,62,NA,NA,NA,NA,NA,NA,Y,2,0,1,1,A,-,01,23152,F,N,F,A,A,A,H,-,B,D,0,NA,NA,NA,NA,Y,NA,A,07,1,0,0,0,0,0,0,0,0,-,-,34.085140228271484,-114.75988006591795,SAN BERNARDINO,UNINCORPORATED,-114.7598876953125,34.085182189941406
91428485,2021,2021-03-16,9835,2021-03-11,2005,021824,NA,4,2,9,3600,0,1,1,NA,2,075,I-15 S/B,E. BAKER BLVD,12408,N,N,A,-,Y,NA,NA,15,NA,NA,NA,NA,NA,S,Y,4,0,5,2,A,-,03,22350,NA,N,C,C,A,A,H,-,D,D,0,NA,NA,NA,NA,Y,NA,A,08,0,0,5,0,0,0,0,0,0,-,-,35.30440139770508,-116.01380157470705,SAN BERNARDINO,UNINCORPORATED,-116.0137939453125,35.30439376831055
91429976,2021,2021-03-18,9565,2021-03-08,2324,021855,NA,1,3,6,3607,0,1,S,NA,2,101,I-10 W/B (SAN BERNARDINO FWY),I-15 N/B (ONTARIO FWY),230,E,N,A,-,Y,NA,NA,10,NA,NA,NA,NA,NA,W,Y,4,0,3,2,A,-,07,21658,A,N,B,C,A,A,D,-,C,D,0,NA,NA,NA,NA,Y,NA,A,01,0,0,3,0,0,0,0,0,0,-,-,34.06740188598633,-117.54389190673828,SAN BERNARDINO,ONTARIO,-117.54389190673828,34.06749725341797
91431079,2021,2021-03-19,9855,2021-03-10,0345,020664,NA,3,3,6,3604,0,1,1,NA,2,101,I-10 E/B,CHERRY AVE.,2640,W,N,B,C,Y,NA,NA,10,NA,NA,NA,NA,NA,E,N,4,0,1,2,A,-,08,22107,NA,N,B,I,A,B,H,-,C,D,0,NA,NA,NA,Y,Y,NA,A,01,0,0,1,0,0,0,0,0,0,-,-,34.06563949584961,-117.49793243408205,SAN BERNARDINO,FONTANA,-117.4979248046875,34.06556701660156
91431181,2021,2021-03-19,9855,2021-03-10,0535,016375,NA,3,3,6,3604,0,1,1,NA,2,101,I-10 W/B (SAN BERNARDINO FWY),CITRUS AVE.,2112,W,N,B,C,Y,NA,NA,10,NA,NA,NA,NA,NA,W,Y,4,0,1,2,A,-,03,22350,NA,N,C,C,A,B,H,-,B,D,0,NA,NA,NA,Y,Y,NA,G,27,0,0,1,0,0,0,0,0,0,-,-,34.066650390625,-117.46159362792967,SAN BERNARDINO,FONTANA,-117.46159362792967,34.06664276123047
91431281,2021,2021-03-19,9855,2021-03-10,0338,021855,NA,3,3,6,3604,0,1,1,NA,2,101,I-10 W/B (SAN BERNARDINO FWY),CHERRY AVE.,1487,E,N,B,C,Y,NA,NA,10,NA,NA,NA,NA,NA,W,Y,3,0,1,1,A,-,03,22350,NA,N,F,A,A,B,H,-,C,D,0,NA,NA,NA,NA,Y,NA,D,22,0,1,0,0,0,0,0,0,0,-,-,34.06608963012695,-117.48381805419922,SAN BERNARDINO,FONTANA,-117.48381805419922,34.066104888916016
91432217,2021,2021-03-22,9855,2021-03-10,0424,021233,NA,3,3,6,3616,0,1,1,NA,2,152,I-15 S/B (ONTARIO FWY),6TH ST,450,S,N,B,C,Y,NA,NA,15,NA,NA,NA,NA,NA,S,Y,4,0,3,4,A,-,03,22350,NA,N,C,C,A,B,H,-,C,D,0,NA,NA,NA,NA,Y,NA,A,01,0,0,3,0,0,0,0,0,0,-,-,34.08679962158203,-117.54486846923828,SAN BERNARDINO,RANCHO CUCAMONGA,-117.54489135742188,34.08679962158203
91432699,2021,2021-03-23,9860,2021-03-22,1405,016651,NA,1,2,9,3600,0,1,1,NA,2,151,I-15 S/B,CLEGHORN RD,1162,S,N,A,-,Y,NA,NA,15,NA,NA,NA,NA,NA,S,N,4,0,1,2,A,-,03,22350,NA,N,C,C,A,A,H,-,A,D,0,NA,NA,NA,NA,Y,NA,A,01,0,0,1,0,0,0,0,0,0,-,-,34.29603958129883,-117.45552825927734,SAN BERNARDINO,UNINCORPORATED,-117.45561981201172,34.29596710205078
9143271,2020,2020-09-01,3602,2020-01-16,0809,2798,NA,4,5,5,3602,0,0,0,NA,0,003,MONTE VISTA AV,EDISON AV,0,NA,Y,A,-,N,NA,NA,NA,NA,NA,NA,NA,NA,NA,N,3,0,2,2,A,-,12,21453,A,N,-,C,A,A,H,-,A,A,0,NA,NA,NA,NA,Y,NA,A,08,0,2,0,0,0,0,0,0,0,-,-,NA,NA,SAN BERNARDINO,CHINO,-117.6977996826172,33.997249603271484
91435055,2021,2021-03-25,9855,2021-03-09,0035,020161,NA,2,3,6,3604,0,1,1,NA,2,101,I-10 W/B (SAN BERNARDINO FWY),CITRUS AVE.,500,E,N,A,-,Y,NA,NA,10,NA,NA,NA,NA,NA,W,Y,3,0,1,1,A,-,08,22107,NA,N,E,I,A,A,H,-,C,A,0,NA,NA,NA,NA,Y,NA,A,01,0,1,0,0,0,0,0,0,0,-,-,34.06692886352539,-117.45171356201172,SAN BERNARDINO,FONTANA,-117.4517059326172,34.067020416259766
91435303,2021,2021-03-25,9834,2021-03-16,0605,015229,NA,2,1,9,3600,0,1,1,NA,2,042,I-40 E/B,MOUNTAIN SPRINGS RD.,8448,E,N,A,-,Y,NA,NA,40,NA,NA,NA,NA,NA,E,Y,2,0,1,1,A,-,08,22107,NA,N,F,A,A,A,H,-,B,D,0,NA,NA,NA,NA,Y,NA,A,01,1,0,0,0,0,0,0,0,0,-,-,34.83079147338867,-115.02149963378906,SAN BERNARDINO,UNINCORPORATED,-115.02147674560548,34.83071517944336
9143702,2020,2020-09-18,3610,2020-07-28,1335,50639,NA,2,5,6,3610,0,0,0,NA,0,POLICE,W KENDALL DR,NH ST,120,W,N,A,-,N,NA,NA,NA,NA,NA,NA,NA,NA,NA,Y,4,0,1,2,A,-,03,22350,NA,M,C,C,A,A,H,-,-,A,0,NA,NA,NA,NA,Y,Y,A,01,0,0,1,0,0,0,0,0,0,-,-,34.161861419677734,-117.30043792724608,SAN BERNARDINO,SAN BERNARDINO,NA,NA
91437719,2021,2021-03-29,9860,2021-03-15,1853,016651,NA,1,2,9,3600,0,2,4,NA,1,131,LYTLE CREEK RD,GLEN HELEN PARKWAY,11088,N,N,C,-,Y,NA,NA,NA,NA,NA,NA,NA,NA,NA,Y,3,0,1,1,A,-,03,22350,NA,N,E,I,A,B,H,-,D,D,0,NA,NA,NA,NA,Y,NA,A,07,0,1,0,0,0,0,0,0,0,-,-,34.213470458984375,-117.45735168457033,SAN BERNARDINO,UNINCORPORATED,-117.45763397216795,34.21205139160156
9143891,2020,2020-09-21,3600,2020-07-15,1738,F4772,VC028,3,5,5,3612,0,0,0,NA,0,VC2,LA PAZ DR,LORENE DR,21,N,N,A,-,N,NA,NA,NA,NA,NA,NA,NA,NA,NA,Y,4,0,1,2,A,-,12,22450,NA,N,D,C,A,A,H,-,A,A,0,NA,NA,NA,NA,Y,NA,A,01,0,0,1,0,0,0,0,0,0,-,-,NA,NA,SAN BERNARDINO,VICTORVILLE,-117.31269073486328,34.51357650756836
9144116,2020,2020-09-21,3600,2020-07-05,1457,D3983,RC038,7,5,6,3616,0,0,0,NA,0,RC4,TULSA PL,BARSTOW DR,0,NA,Y,A,-,N,NA,NA,NA,NA,NA,NA,NA,NA,NA,N,4,0,1,2,A,-,11,21954,A,N,G,B,E,A,H,-,A,D,0,Y,NA,NA,NA,Y,NA,N,60,0,0,1,0,1,0,0,0,0,-,-,NA,NA,SAN BERNARDINO,RANCHO CUCAMONGA,-117.59950256347656,34.108280181884766
91441878,2021,2021-04-02,9855,2021-03-27,2045,020046,NA,6,2,6,3607,0,1,3,NA,2,601,SR-60 E/B (POMONA FWY),ARCHIBALD AVE.,200,W,N,A,-,Y,NA,NA,NA,NA,NA,NA,NA,NA,NA,N,4,0,1,2,A,-,03,22350,NA,N,C,C,A,A,D,-,C,D,0,NA,NA,NA,NA,Y,NA,A,07,0,0,1,0,0,0,0,0,0,-,-,34.029239654541016,-117.5941162109375,SAN BERNARDINO,ONTARIO,-117.59101104736328,34.03049850463867
91441958,2021,2021-04-02,9860,2021-04-01,1110,016575,NA,4,1,6,3610,0,1,1,NA,2,214,I-215 S/B,ORANGE SHOW RD.,50,N,N,B,-,Y,NA,NA,215,NA,NA,NA,NA,NA,S,N,4,0,1,2,A,-,07,21658,A,N,B,C,A,A,D,-,A,D,0,NA,NA,NA,Y,Y,NA,F,25,0,0,1,0,0,0,0,0,0,-,-,34.07828140258789,-117.29669952392578,SAN BERNARDINO,SAN BERNARDINO,-117.29666900634766,34.07830047607422
91442250,2021,2021-04-05,9860,2021-03-29,0800,017098,NA,1,1,4,3603,0,1,1,NA,2,214,I-215 N/B,IOWA AVE,200,N,N,A,-,Y,NA,NA,215,NA,NA,NA,NA,NA,N,Y,4,0,1,3,A,-,03,22350,NA,N,C,C,A,A,H,-,A,D,0,NA,NA,NA,NA,Y,NA,A,01,0,0,1,0,0,0,0,0,0,-,-,34.0246696472168,-117.33466339111328,SAN BERNARDINO,COLTON,-117.33468627929688,34.024696350097656
91442458,2021,2021-04-05,9860,2021-03-27,0720,019321,NA,6,1,9,3600,0,3,5,NA,2,004,11TH ST.,ELM ST.,150,W,N,A,-,N,NA,NA,NA,NA,NA,NA,NA,NA,NA,Y,4,0,1,2,A,-,03,22350,NA,N,C,C,A,A,H,-,A,D,0,NA,NA,NA,NA,Y,NA,A,01,0,0,1,0,0,0,0,0,0,-,-,34.04454040527344,-117.40345001220705,SAN BERNARDINO,UNINCORPORATED,-117.40340423583984,34.04451370239258
91442483,2021,2021-04-05,9860,2021-03-29,1500,020282,NA,1,2,5,3609,0,1,1,NA,2,201,SR-210 W/B,LOCUST AVE,540,E,N,A,-,Y,NA,NA,210,NA,NA,NA,NA,NA,W,N,4,0,1,3,A,-,07,21658,A,F,C,C,A,A,H,-,A,D,0,NA,NA,NA,NA,Y,NA,A,01,0,0,1,0,0,0,0,0,0,-,-,34.13608932495117,-117.40786743164063,SAN BERNARDINO,RIALTO,-117.40785980224608,34.13641357421875
9144277,2020,2020-10-14,3600,2020-08-01,0802,F7786,RC051,6,5,6,3616,0,0,0,NA,0,004,HELLMAN AV,ARROW RT,0,NA,Y,A,-,N,NA,NA,NA,NA,NA,NA,NA,NA,NA,Y,3,0,2,3,A,-,09,21801,A,N,A,C,A,A,H,-,A,A,0,NA,NA,NA,NA,Y,NA,A,01,0,1,1,0,0,0,0,0,0,-,-,NA,NA,SAN BERNARDINO,RANCHO CUCAMONGA,-117.60228729248048,34.09933090209961
91443253,2021,2021-04-05,9855,2021-03-26,1740,019675,NA,5,2,6,3607,0,1,1,NA,2,103,I-10 E/B (SAN BERNARDINO FWY),HAVEN AVE.,1500,W,N,A,-,Y,NA,NA,10,NA,NA,NA,NA,NA,E,Y,4,0,2,2,A,-,03,22350,NA,N,C,C,A,A,D,-,A,D,0,NA,NA,NA,NA,Y,NA,A,07,0,0,2,0,0,0,0,0,0,-,-,34.06734848022461,-117.5810089111328,SAN BERNARDINO,ONTARIO,-117.5810089111328,34.06747055053711
91443532,2021,2021-04-06,9860,2021-03-27,1830,019706,NA,6,2,9,3600,0,1,1,NA,2,151,I-15 SOUTHBOUND,MATHEWS RANCH RD,975,N,N,A,-,Y,NA,NA,15,NA,NA,NA,NA,NA,S,Y,3,0,1,2,A,-,07,21658,A,N,C,C,A,A,H,-,A,D,0,NA,NA,Y,NA,Y,NA,C,02,0,1,0,0,0,0,0,0,1,-,-,34.2492790222168,-117.44197082519533,SAN BERNARDINO,UNINCORPORATED,-117.44200134277344,34.249210357666016
91443604,2021,2021-04-06,9835,2021-04-04,1720,021205,NA,7,2,9,3600,0,3,5,NA,2,034,CALICO BLVD,CALICO RD,569,W,N,A,-,N,NA,NA,NA,NA,NA,NA,NA,NA,NA,Y,2,0,3,1,A,-,01,23152,A,N,F,A,A,A,H,-,A,D,0,NA,NA,NA,NA,Y,Y,A,07,1,2,0,0,0,0,0,0,0,-,-,34.910858154296875,-116.84124755859376,SAN BERNARDINO,UNINCORPORATED,-116.8417510986328,34.91038131713867
91443929,2021,2021-04-06,9860,2021-04-05,0935,017098,NA,1,1,9,3600,0,1,1,NA,2,152,I-15 S/B,SR-138,6336,N,N,A,-,Y,NA,NA,15,NA,NA,NA,NA,NA,S,Y,4,0,1,3,A,-,03,22350,NA,N,C,C,A,A,H,-,A,D,0,NA,NA,NA,NA,Y,NA,D,22,0,0,1,0,0,0,0,0,0,-,-,34.328819274902344,-117.48239135742188,SAN BERNARDINO,UNINCORPORATED,-117.48242950439452,34.328819274902344
91445328,2021,2021-04-07,9835,2021-04-03,0025,016683,NA,6,3,3,3601,0,3,5,NA,2,032,BLUE STAR MEMORIAL HIGHWAY,RT 395,13200,E,N,A,-,N,NA,NA,NA,NA,NA,NA,NA,NA,NA,Y,2,0,4,1,A,-,03,22350,NA,N,E,I,A,A,H,-,D,D,0,NA,NA,NA,NA,Y,Y,A,07,1,0,3,0,0,0,0,0,0,-,-,34.988948822021484,-117.49658966064452,SAN BERNARDINO,BARSTOW,NA,NA
9144557,2020,2020-10-22,3605,2020-08-20,1724,443,NA,4,5,4,3605,0,0,0,NA,0,NA,RAMONA,KINGSLEY ST,0,NA,Y,A,-,N,NA,NA,NA,NA,NA,NA,NA,NA,NA,N,4,0,1,2,A,-,09,21800,A,N,D,C,A,A,H,-,A,A,0,NA,NA,NA,NA,Y,NA,-,-,0,0,1,0,0,0,0,0,0,-,-,NA,NA,SAN BERNARDINO,MONTCLAIR,-117.70703125,34.06678009033203
9144786,2020,2020-10-13,3600,2020-08-18,1508,8526,404,2,5,5,3619,0,0,0,NA,0,004,SANTA FE AV E,SULTANA ST,0,NA,Y,B,-,N,NA,NA,NA,NA,NA,NA,NA,NA,NA,Y,4,0,1,2,A,-,06,21755,A,N,B,C,A,A,H,-,A,D,0,NA,NA,NA,NA,Y,NA,A,01,0,0,1,0,0,0,0,0,0,-,-,NA,NA,SAN BERNARDINO,HESPERIA,-117.30294036865234,34.41413116455078
91448303,2021,2021-04-12,9865,2021-04-03,1446,021502,NA,6,2,9,3600,0,1,3,NA,1,022,STATE ROUTE 18,GREEN VALLEY LAKE ROAD,11088,N,N,A,-,Y,NA,NA,18,NA,NA,NA,NA,NA,NA,Y,4,0,1,1,A,-,03,22350,NA,N,F,A,A,A,H,-,A,D,0,NA,NA,Y,NA,Y,NA,C,02,0,0,1,0,0,0,0,0,1,-,-,34.221248626708984,-117.04937744140624,SAN BERNARDINO,UNINCORPORATED,-117.0493621826172,34.221221923828125
91449394,2021,2021-04-13,9860,2021-04-05,1230,016575,NA,1,1,6,3610,0,1,1,NA,2,214,I-215 S/B,ORANGE SHOW RD.,940,N,N,A,-,Y,NA,NA,215,NA,NA,NA,NA,NA,S,Y,2,0,4,3,A,-,03,22350,NA,N,C,C,A,A,D,-,A,D,0,NA,NA,NA,NA,Y,NA,A,01,1,0,3,0,0,0,0,0,0,-,-,34.080440521240234,-117.29808807373048,SAN BERNARDINO,SAN BERNARDINO,-117.29805755615234,34.08045959472656
9145024,2020,2021-01-19,3603,2020-08-20,0911,4546,CPD,4,5,4,3603,0,0,0,NA,0,004,MT VERNON AV,WASHINGTON ST,0,NA,Y,A,-,N,NA,NA,NA,NA,NA,NA,NA,NA,NA,Y,4,0,1,2,A,-,09,21801,A,N,D,C,A,A,H,-,A,A,0,NA,NA,NA,NA,Y,NA,A,07,0,0,1,0,0,0,0,0,0,-,-,34.0483283996582,-117.30924224853516,SAN BERNARDINO,COLTON,-117.30682373046876,34.04724884033203
91450901,2021,2021-04-15,9835,2021-04-11,1630,021981,NA,7,2,9,3600,0,2,4,NA,1,017,IRWIN ROAD,SPADRA ST,11616,N,N,A,-,N,NA,NA,NA,NA,NA,NA,NA,NA,NA,Y,4,0,1,1,A,-,08,22107,NA,N,F,A,A,A,H,-,A,D,0,NA,NA,Y,NA,Y,NA,C,02,0,0,1,0,0,0,0,0,1,-,-,34.95362854003906,-117.0215072631836,SAN BERNARDINO,UNINCORPORATED,-117.02306365966795,34.952720642089844
91450939,2021,2021-04-15,9860,2021-04-07,1745,019725,NA,3,2,6,3610,0,1,1,NA,2,103,I-10 W/B,WATERMAN AVE,1056,W,N,A,-,Y,NA,NA,10,NA,NA,NA,NA,NA,W,N,4,0,2,2,A,-,03,22350,NA,N,C,C,A,A,H,-,A,D,0,NA,NA,NA,NA,Y,NA,D,22,0,0,2,0,0,0,0,0,0,-,-,34.064239501953125,-117.28212738037108,SAN BERNARDINO,SAN BERNARDINO,-117.28211975097656,34.06418228149414
91451986,2021,2021-04-16,9855,2021-04-04,1331,020002,NA,7,1,6,3607,0,1,1,NA,2,152,I-15 S/B (ONTARIO FWY),4TH ST,1100,S,N,A,-,Y,NA,NA,15,NA,NA,NA,NA,NA,S,Y,3,0,1,2,A,-,07,21658,A,F,E,I,A,A,H,-,A,D,0,NA,NA,NA,NA,Y,NA,-,99,0,1,0,0,0,0,0,0,0,-,-,34.07402038574219,-117.54524230957033,SAN BERNARDINO,ONTARIO,-117.5450439453125,34.07401657104492
91452215,2021,2021-04-16,9865,2021-04-11,1127,017808,NA,7,1,9,3600,0,1,3,NA,1,010,SR-18 S/B,MORMON SPRINGS RD,1584,S,N,B,-,Y,NA,NA,18,NA,NA,NA,NA,NA,S,Y,3,0,1,1,A,-,08,22107,NA,N,E,I,A,A,H,-,A,D,0,NA,NA,Y,NA,Y,NA,C,02,0,1,0,0,0,0,0,0,1,-,-,34.2292594909668,-117.29776000976563,SAN BERNARDINO,UNINCORPORATED,-117.29776000976563,34.229251861572266
9145244,2020,2020-10-26,3608,2020-08-18,1722,3818,NA,2,5,5,3608,0,0,0,NA,0,NA,PALM AV,CENTER ST,0,NA,Y,A,-,N,NA,NA,NA,NA,NA,NA,NA,NA,NA,N,4,0,1,2,A,-,12,22450,A,N,D,C,A,A,H,-,A,A,0,NA,NA,NA,NA,Y,NA,A,01,0,0,1,0,0,0,0,0,0,-,-,NA,NA,SAN BERNARDINO,REDLANDS,-117.18132019042967,34.04032897949219
91452931,2021,2021-04-19,9865,2021-04-11,1505,021392,NA,7,2,9,3600,0,1,3,NA,1,010,SR-18 N/B,OLD WATERMAN CANYON RD,48048,N,N,A,-,Y,NA,NA,18,NA,NA,NA,NA,NA,N,N,3,0,1,1,A,-,03,22350,NA,N,E,I,A,A,B,-,A,D,0,NA,NA,Y,NA,Y,NA,C,02,0,1,0,0,0,0,0,0,1,-,-,34.22618103027344,-117.30594635009766,SAN BERNARDINO,UNINCORPORATED,-117.30596923828124,34.22616195678711
91453261,2021,2021-04-19,9855,2021-04-07,1726,016729,NA,3,2,6,3616,0,1,1,NA,2,152,I-15 N/B (ONTARIO FWY),FOURTH ST.,600,N,N,A,-,Y,NA,NA,15,NA,NA,NA,NA,NA,N,N,4,0,1,2,A,-,03,22350,NA,N,C,C,A,A,H,-,A,D,0,NA,NA,NA,NA,Y,NA,A,01,0,0,1,0,0,0,0,0,0,-,-,34.07920837402344,-117.54466247558594,SAN BERNARDINO,RANCHO CUCAMONGA,-117.54463958740234,34.07920837402344
91453513,2021,2021-04-19,9855,2021-04-09,2114,016051,NA,5,2,5,3630,0,1,3,NA,2,071,SR-71 S/B (CHINO FWY),SOQUEL CANYON PKWY.,3599,N,N,A,-,Y,NA,NA,NA,NA,NA,NA,NA,NA,NA,Y,4,0,1,2,A,-,03,22350,NA,N,C,C,A,A,H,-,A,D,0,NA,NA,NA,NA,Y,NA,D,22,0,0,1,0,0,0,0,0,0,-,-,34.975589752197266,-117.69747924804688,SAN BERNARDINO,CHINO HILLS,-117.69721221923828,33.97535705566406
91453974,2021,2021-04-20,9860,2021-04-09,1315,016575,NA,5,1,4,3603,0,1,1,NA,2,103,I-10 W/B,W EDGE OF SANTA ANA RIVER BRIDGE,35,E,N,A,-,Y,NA,NA,10,NA,NA,NA,NA,NA,W,Y,3,0,1,2,A,-,01,23152,A,N,C,C,A,A,C,-,A,D,0,NA,NA,NA,NA,Y,Y,A,01,0,1,0,0,0,0,0,0,0,-,-,34.065330505371094,-117.30332183837892,SAN BERNARDINO,COLTON,-117.30332183837892,34.06529235839844
91454975,2021,2021-04-21,9855,2021-04-09,0024,021233,NA,5,3,6,3616,0,1,1,NA,2,152,I-15 S/B (ONTARIO FWY),FOURTH ST.,3000,N,N,A,-,Y,NA,NA,15,NA,NA,NA,NA,NA,S,Y,4,0,2,2,A,-,07,21658,A,N,B,C,A,A,H,-,C,D,0,NA,NA,NA,Y,Y,NA,A,01,0,0,2,0,0,0,0,0,0,-,-,34.08641052246094,-117.54489135742188,SAN BERNARDINO,RANCHO CUCAMONGA,-117.5448989868164,34.08641052246094
91455126,2021,2021-04-21,9834,2021-04-18,1910,021525,Cheme,7,2,9,3600,0,3,5,NA,2,001,RIO VISTA DR,DAKOTA AVE,212,N,N,A,-,N,NA,NA,NA,NA,NA,NA,NA,NA,NA,Y,3,0,1,1,A,-,01,23152,A,N,F,A,A,A,H,-,A,D,0,NA,NA,NA,NA,Y,Y,A,01,0,1,0,0,0,0,0,0,0,-,-,34.1268310546875,-114.3763427734375,SAN BERNARDINO,UNINCORPORATED,-114.37633514404295,34.12680435180664
91456015,2021,2021-04-22,9835,2021-04-17,0240,022379,NA,6,3,9,3600,0,1,1,NA,2,077,I-15 N/B,NEVADA STATELINE,1742,S,N,A,-,Y,NA,NA,NA,NA,NA,NA,NA,NA,NA,Y,4,0,2,2,A,-,03,22350,NA,N,C,C,A,A,H,-,D,D,0,NA,NA,NA,NA,Y,Y,A,01,0,0,2,0,0,0,0,0,0,-,-,35.361698150634766,-115.23310089111328,SAN BERNARDINO,UNINCORPORATED,NA,NA
91456079,2021,2021-04-22,9855,2021-04-12,0700,018313,NA,1,1,6,3607,0,1,3,NA,2,601,SR-60 E/B (POMONA FWY),HAVEN AVE.,1500,E,N,A,-,Y,NA,NA,60,NA,NA,NA,NA,NA,E,Y,4,0,1,3,A,-,07,21658,A,N,B,C,A,A,H,-,A,D,0,NA,NA,NA,NA,Y,NA,A,01,0,0,1,0,0,0,0,0,0,-,-,34.027801513671875,-117.5719985961914,SAN BERNARDINO,ONTARIO,-117.5719985961914,34.02779769897461
91456187,2021,2021-04-22,9860,2021-04-14,1505,016651,NA,3,2,9,3600,0,1,1,NA,2,151,I-15 N/B,KENWOOD AVE,490,S,N,B,-,Y,NA,NA,15,NA,NA,NA,NA,NA,N,N,4,0,1,2,A,-,03,22350,NA,N,C,C,A,A,H,-,A,D,0,NA,NA,NA,NA,Y,NA,A,01,0,0,1,0,0,0,0,0,0,-,-,34.2358283996582,-117.42378997802734,SAN BERNARDINO,UNINCORPORATED,-117.42376708984376,34.23585891723633
91457608,2021,2021-04-26,9860,2021-04-19,1602,021138,NA,1,2,9,3600,0,1,1,NA,2,152,I-15 S/B,SR-138,5808,N,N,A,-,Y,NA,NA,15,NA,NA,NA,NA,NA,S,Y,2,0,1,2,A,-,07,21658,A,N,B,C,A,A,H,-,A,D,0,NA,NA,Y,NA,Y,NA,A,01,1,0,0,0,0,0,0,0,1,-,-,34.32640075683594,-117.48236846923828,SAN BERNARDINO,UNINCORPORATED,-117.4823989868164,34.32640075683594
91459616,2021,2021-04-27,9835,2021-04-18,2100,022209,NA,7,2,9,3600,0,1,1,NA,2,074,I-15 S/B,RASOR RD,1504,S,N,A,-,Y,NA,NA,15,NA,NA,NA,NA,NA,S,N,4,0,1,2,A,-,08,22107,NA,N,C,C,A,A,H,-,D,D,0,NA,NA,NA,NA,Y,NA,A,07,0,0,1,0,0,0,0,0,0,-,-,35.131229400634766,-116.21436309814452,SAN BERNARDINO,UNINCORPORATED,-116.21431732177734,35.13117980957031
9146055,2020,2020-09-17,3600,2020-07-16,2056,0068,106,4,5,4,3640,0,0,0,NA,0,001,YUCAIPA BL,4TH ST,595,E,N,A,-,N,NA,NA,NA,NA,NA,NA,NA,NA,NA,N,2,0,1,2,A,-,00,21965,NA,N,A,A,D,A,H,-,D,D,0,Y,NA,NA,NA,Y,NA,N,60,1,0,0,0,1,0,0,0,0,-,-,NA,NA,SAN BERNARDINO,YUCAIPA,-117.04993438720705,34.033870697021484
91460802,2021,2021-04-28,9835,2021-04-04,1249,021160,NA,7,1,9,3600,0,3,5,NA,2,032,COMMUNITY BOULEVARD,DIXIE RD,1070,W,N,A,-,N,NA,NA,NA,NA,NA,NA,NA,NA,NA,Y,1,2,0,1,A,-,08,22107,NA,N,E,I,A,A,H,-,A,D,0,NA,NA,NA,NA,Y,NA,A,01,0,0,0,0,0,0,0,0,0,-,-,34.90729904174805,-117.13980102539063,SAN BERNARDINO,UNINCORPORATED,-117.1397705078125,34.907470703125