CASE_ID,ACCIDENT_YEAR,PROC_DATE,JURIS,COLLISION_DATE,COLLISION_TIME,OFFICER_ID,REPORTING_DISTRICT,DAY_OF_WEEK,CHP_SHIFT,POPULATION,CNTY_CITY_LOC,SPECIAL_COND,BEAT_TYPE,CHP_BEAT_TYPE,CITY_DIVISION_LAPD,CHP_BEAT_CLASS,BEAT_NUMBER,PRIMARY_RD,SECONDARY_RD,DISTANCE,DIRECTION,INTERSECTION,WEATHER_1,WEATHER_2,STATE_HWY_IND,CALTRANS_COUNTY,CALTRANS_DISTRICT,STATE_ROUTE,ROUTE_SUFFIX,POSTMILE_PREFIX,POSTMILE,LOCATION_TYPE,RAMP_INTERSECTION,SIDE_OF_HWY,TOW_AWAY,COLLISION_SEVERITY,NUMBER_KILLED,NUMBER_INJURED,PARTY_COUNT,PRIMARY_COLL_FACTOR,PCF_CODE_OF_VIOL,PCF_VIOL_CATEGORY,PCF_VIOLATION,PCF_VIOL_SUBSECTION,HIT_AND_RUN,TYPE_OF_COLLISION,MVIW,PED_ACTION,ROAD_SURFACE,ROAD_COND_1,ROAD_COND_2,LIGHTING,CONTROL_DEVICE,CHP_ROAD_TYPE,PEDESTRIAN_ACCIDENT,BICYCLE_ACCIDENT,MOTORCYCLE_ACCIDENT,TRUCK_ACCIDENT,NOT_PRIVATE_PROPERTY,ALCOHOL_INVOLVED,STWD_VEHTYPE_AT_FAULT,CHP_VEHTYPE_AT_FAULT,COUNT_SEVERE_INJ,COUNT_VISIBLE_INJ,COUNT_COMPLAINT_PAIN,COUNT_PED_KILLED,COUNT_PED_INJURED,COUNT_BICYCLIST_KILLED,COUNT_BICYCLIST_INJURED,COUNT_MC_KILLED,COUNT_MC_INJURED,PRIMARY_RAMP,SECONDARY_RAMP,LATITUDE,LONGITUDE,COUNTY,CITY,POINT_X,POINT_Y
92239378,2023,2023-11-17,9855,2023-11-10,1105,020367,NA,5,1,6,3607,0,1,1,NA,2,101,I-10 E/B (SAN BERNARDINO FWY),HAVEN AVE.,5,E,N,A,-,Y,SBD,NA,10,NA,NA,8.182,H,NA,R,N,4,0,1,3,A,-,03,22350,NA,N,C,C,A,A,H,-,A,D,0,NA,NA,NA,NA,Y,NA,-,-,0,0,1,0,0,0,0,0,0,-,-,34.06740951538086,-117.57554626464844,SAN BERNARDINO,ONTARIO,-117.57554626464844,34.06746292114258
92241122,2022,2023-11-20,9860,2022-11-26,1546,020533,NA,6,2,9,3600,0,3,5,NA,2,004,HAWTHORNE AVENUE,PALM LANE,131,E,N,A,-,N,NA,NA,NA,NA,NA,NA,NA,NA,NA,Y,1,2,2,5,A,-,01,23152,A,F,A,E,F,A,H,-,A,D,0,Y,NA,NA,NA,Y,Y,D,22,1,1,0,2,1,0,0,0,0,-,-,34.08135986328125,-117.41429138183594,SAN BERNARDINO,UNINCORPORATED,-117.41436004638672,34.08126449584961
9224264,2021,2021-03-08,3600,2021-01-18,2004,G3832,HE134,1,5,5,3619,0,0,0,NA,0,HE3,10TH AV,PALM AV,360,S,N,A,-,N,NA,NA,NA,NA,NA,NA,NA,NA,NA,N,4,0,1,2,A,-,01,23152,B,N,E,E,A,A,H,-,D,D,0,NA,NA,NA,NA,Y,Y,A,01,0,0,1,0,0,0,0,0,0,-,-,NA,NA,SAN BERNARDINO,HESPERIA,-117.3266143798828,34.40660858154297
92245702,2023,2023-11-27,9855,2023-11-18,1445,021742,NA,6,2,5,3602,0,1,3,NA,2,071,SR-71 S/B (CHINO FWY),EUCLID AVE.,2000,N,N,B,-,Y,SBD,NA,71,NA,R,7.581,H,NA,L,N,4,0,1,2,A,-,03,22350,NA,N,C,C,A,A,H,-,A,D,0,NA,NA,NA,NA,Y,NA,A,01,0,0,1,0,0,0,0,0,0,-,-,33.9352912902832,-117.66372680664063,SAN BERNARDINO,CHINO,-117.66354370117188,33.93540573120117
92247583,2023,2023-11-29,9850,2023-08-20,1530,018211,NA,7,2,9,3600,0,1,1,NA,2,084,I-15 S/B,STODDARD WELLS RD,1500,N,N,C,-,Y,SBD,NA,15,NA,NA,44.69,H,NA,L,Y,1,1,3,3,A,-,03,22350,NA,N,D,C,A,B,F,-,A,D,0,NA,NA,NA,NA,Y,NA,A,07,0,3,0,0,0,0,0,0,0,-,-,34.55833053588867,-117.28762817382813,SAN BERNARDINO,UNINCORPORATED,-117.28749084472656,34.55828094482422
92247770,2023,2023-11-29,9850,2023-11-23,1915,021878,NA,4,2,9,3600,0,3,5,NA,2,003,ROCK SPRINGS ROAD,DEEP CREEK ROAD,2075,W,N,A,-,N,NA,NA,NA,NA,NA,NA,NA,NA,NA,Y,4,0,2,2,A,-,05,21460,A,N,B,2,A,A,H,-,D,D,0,NA,NA,NA,NA,Y,NA,D,22,0,0,2,0,0,0,0,0,0,-,-,34.41379928588867,-117.2316436767578,SAN BERNARDINO,UNINCORPORATED,-117.23153686523438,34.4138298034668
92247888,2023,2023-11-29,9855,2023-11-10,2345,018000,NA,5,3,5,3602,0,1,3,NA,2,603,SR-60 W/B (POMONA FWY),MOUNTAIN AVENUE,425,W,N,A,-,Y,SBD,NA,60,NA,R,3.528,H,NA,L,Y,3,0,3,2,A,-,01,23152,A,N,B,C,A,A,H,-,C,D,0,NA,NA,NA,NA,Y,Y,A,01,0,2,1,0,0,0,0,0,0,-,-,34.030479431152344,-117.66918182373048,SAN BERNARDINO,CHINO,-117.66918182373048,34.030452728271484
92248812,2023,2023-11-30,9835,2023-11-25,1337,022428,NA,6,1,9,3600,0,3,5,NA,2,032,NATIONAL TRAILS HWY,FORT CADY RD,2376,E,N,A,-,N,NA,NA,NA,NA,NA,NA,NA,NA,NA,N,4,0,1,1,C,-,18,NA,NA,N,E,J,A,A,H,-,A,D,0,NA,NA,NA,NA,Y,NA,-,-,0,0,1,0,0,0,0,0,0,-,-,34.811988830566406,-116.60238647460938,SAN BERNARDINO,UNINCORPORATED,-116.60247802734376,34.812068939208984
92248952,2023,2023-11-30,9865,2023-11-21,1350,014696,NA,2,1,9,3600,0,1,3,NA,2,020,SR-330,FOREST SERVICE ROAD 1N22,5280,N,N,A,-,Y,SBD,NA,330,NA,NA,34.57,H,NA,R,Y,3,0,2,1,A,-,08,22107,NA,N,E,I,A,A,H,-,A,A,0,NA,NA,NA,NA,Y,NA,D,22,0,1,1,0,0,0,0,0,0,-,-,34.18247985839844,-117.17208099365234,SAN BERNARDINO,UNINCORPORATED,-117.17201995849608,34.182498931884766
92249107,2023,2023-11-30,9865,2023-07-14,2500,021587,NA,5,4,9,3600,0,1,3,NA,1,039,SR-38,2N04,208,E,N,A,-,Y,SBD,NA,38,NA,NA,42.482,H,NA,R,Y,1,1,0,1,A,-,03,22350,NA,N,F,0,A,A,H,-,A,D,0,NA,NA,NA,NA,Y,NA,A,01,0,0,0,0,0,0,0,0,0,-,-,34.21990966796875,-116.75791931152344,SAN BERNARDINO,UNINCORPORATED,-116.75794219970705,34.21988296508789
92250742,2023,2023-12-04,9860,2023-11-20,1840,022645,NA,1,2,9,3600,0,1,1,NA,2,152,I-15 N/B,OAK HILL RD,13200,S,N,A,-,Y,SBD,NA,15,NA,R,24.04,H,NA,R,Y,4,0,1,3,A,-,07,21658,A,N,B,C,A,A,H,-,D,D,0,NA,NA,NA,NA,Y,NA,D,22,0,0,1,0,0,0,0,0,0,-,-,34.33993148803711,-117.46784973144533,SAN BERNARDINO,UNINCORPORATED,-117.46784973144533,34.339935302734375
92250780,2023,2023-12-04,9860,2023-11-28,1935,022439,NA,2,2,4,3603,0,1,1,NA,2,102,I-10 W/B,RIVERSIDE AVE,2300,E,N,A,-,Y,SBD,NA,10,NA,NA,20.444,H,NA,L,Y,2,0,1,1,A,-,08,22107,NA,N,E,8,A,A,H,-,D,D,0,NA,NA,NA,NA,Y,NA,A,07,1,0,0,0,0,0,0,0,0,-,-,34.06901931762695,-117.36209106445313,SAN BERNARDINO,COLTON,-117.36209106445313,34.06897735595703
92252029,2023,2023-12-04,9835,2023-11-30,1130,019189,NA,4,1,9,3600,0,1,1,NA,2,073,INTERSTATE 15 S/B,FIELD ROAD,1373,N,N,A,-,Y,SBD,NA,15,NA,R,103.901,H,NA,L,Y,3,0,1,2,A,-,03,22350,NA,N,C,C,A,A,H,-,A,D,0,NA,NA,NA,NA,Y,NA,A,01,0,1,0,0,0,0,0,0,0,-,-,35.012718200683594,-116.52693176269533,SAN BERNARDINO,UNINCORPORATED,-116.52694702148438,35.01275634765625
92252983,2023,2023-12-05,9855,2023-11-27,1545,017351,NA,1,2,6,3604,0,1,1,NA,2,101,I-10 E/B,SIERRA AVENUE,1584,W,N,A,-,Y,SBD,NA,10,NA,NA,15.834,H,NA,R,Y,4,0,1,2,A,-,03,22350,NA,N,C,C,A,A,H,-,A,D,0,NA,NA,NA,NA,Y,NA,A,01,0,0,1,0,0,0,0,0,0,-,-,34.066898345947266,-117.44239044189452,SAN BERNARDINO,FONTANA,-117.44239044189452,34.06684112548828
92253022,2023,2023-12-05,9850,2023-11-29,1210,017377,NA,3,1,9,3600,0,1,3,NA,2,060,STATE ROUTE 138 TO SHEEP CREEK ROAD,SNOW LINE DRIVE,1742,E,N,A,-,Y,SBD,NA,138,NA,NA,5.761,H,NA,R,Y,2,0,1,1,A,-,03,22350,NA,N,F,A,A,A,H,-,A,A,0,NA,NA,NA,Y,Y,NA,F,26,1,0,0,0,0,0,0,0,0,-,-,34.402801513671875,-117.57872009277344,SAN BERNARDINO,UNINCORPORATED,-117.57904052734376,34.402767181396484
92253916,2023,2023-12-06,9850,2023-11-29,1900,021342,NA,3,2,9,3600,0,1,3,NA,2,040,SR-18 S/B,ORACLE ROAD,472,W,N,A,-,Y,SBD,NA,18,NA,NA,73.766,H,NA,L,Y,4,0,2,2,A,-,09,21800,A,N,A,C,A,A,H,-,C,D,0,NA,NA,NA,NA,Y,NA,A,01,0,0,2,0,0,0,0,0,0,-,-,34.443851470947266,-116.9497528076172,SAN BERNARDINO,UNINCORPORATED,-116.94971466064452,34.443851470947266
92254394,2023,2024-01-23,9870,2023-11-26,1840,019709,NA,7,2,9,3600,0,2,4,NA,2,042,AMBOY ROAD,CACTUS JACK AVENUE,50,E,N,A,-,N,NA,NA,NA,NA,NA,NA,NA,NA,NA,Y,2,0,4,4,A,-,17,24250,NA,N,C,C,A,A,H,-,D,D,0,NA,NA,NA,NA,Y,NA,E,22,1,2,1,0,0,0,0,0,0,-,-,34.16548156738281,-115.9745635986328,SAN BERNARDINO,UNINCORPORATED,-115.97473907470705,34.16545104980469
92257424,2023,2023-12-08,9850,2023-11-17,1235,020817,NA,5,1,9,3600,0,3,5,NA,2,005,VISTA RD,HELENDALE RD,1056,E,N,A,-,N,NA,NA,NA,NA,NA,NA,NA,NA,NA,Y,4,0,1,2,A,-,03,22350,NA,N,C,C,A,A,H,-,A,D,0,NA,NA,NA,NA,Y,NA,A,07,0,0,1,0,0,0,0,0,0,-,-,34.7435188293457,-117.33151245117188,SAN BERNARDINO,UNINCORPORATED,-117.33148193359376,34.74348449707031
92258071,2023,2023-12-11,9855,2023-12-07,24,021233,NA,4,3,6,3616,0,1,1,NA,2,201,SR-210 E/B (FOOTHILL FREEWAY),DAY CREEK BLVD,3600,W,N,B,-,Y,SBD,NA,210,NA,NA,8.455,H,NA,R,Y,3,0,2,2,A,-,01,23152,A,N,C,C,A,A,H,-,D,D,0,NA,NA,NA,Y,Y,Y,A,01,0,1,1,0,0,0,0,0,0,-,-,34.13642883300781,-117.54901885986328,SAN BERNARDINO,RANCHO CUCAMONGA,-117.54901885986328,34.13648223876953
92258826,2023,2023-12-11,9855,2023-12-05,1805,021742,NA,2,2,6,3607,0,1,3,NA,2,601,SR-60 W/B (POMONA FWY),HAVEN AVENUE,2000,W,N,A,-,Y,SBD,NA,60,NA,R,8.473,H,NA,L,N,4,0,1,2,A,-,07,21658,A,N,B,C,A,A,H,-,C,D,0,NA,NA,NA,NA,Y,NA,A,08,0,0,1,0,0,0,0,0,0,-,-,34.03068923950195,-117.5830307006836,SAN BERNARDINO,ONTARIO,-117.58303833007813,34.030609130859375
92259604,2023,2023-12-12,9860,2023-11-03,1018,021451,NA,5,1,9,3600,0,2,4,NA,2,066,CAJON BLVD,KEENBROOK ROAD,2000,N,N,A,-,N,NA,NA,NA,NA,NA,NA,NA,NA,NA,Y,4,0,4,3,A,-,05,21460,A,N,A,2,E,A,H,-,A,D,0,Y,NA,NA,NA,Y,NA,A,01,0,0,4,0,1,0,0,0,0,-,-,34.26512145996094,-117.4648208618164,SAN BERNARDINO,UNINCORPORATED,-117.46045684814452,34.25428771972656
92260067,2023,2023-12-12,9855,2023-09-23,2350,020963,NA,6,3,6,3616,0,1,1,NA,2,201,STATE ROUTE 210 EASTBOUND,INTERSTATE 15,3168,W,N,A,-,Y,SBD,NA,210,NA,NA,10.881,H,NA,R,Y,4,0,5,5,A,-,08,22107,NA,M,C,C,A,A,H,-,D,D,0,NA,NA,NA,NA,Y,Y,A,01,0,0,5,0,0,0,0,0,0,-,-,34.1361083984375,-117.50669097900392,SAN BERNARDINO,RANCHO CUCAMONGA,-117.50669097900392,34.136192321777344
92261108,2023,2023-12-13,9850,2023-11-19,1300,020817,NA,7,1,9,3600,0,3,5,NA,2,005,HELENDALE RD,WILD RD,550,S,N,A,-,N,NA,NA,NA,NA,NA,NA,NA,NA,NA,N,3,0,1,1,A,-,03,38305,NA,N,F,A,A,A,H,-,A,D,0,NA,NA,Y,NA,Y,NA,C,03,0,1,0,0,0,0,0,0,1,-,-,34.76797103881836,-117.33011627197266,SAN BERNARDINO,UNINCORPORATED,-117.33022308349608,34.767974853515625
9226221,2021,2021-03-05,3600,2021-01-21,1739,G5408,AP005,4,5,5,3621,0,0,0,NA,0,AP1,APPLE VALLEY RD,APPLE VALLEY RD 15390,0,NA,Y,A,-,N,NA,NA,NA,NA,NA,NA,NA,NA,NA,Y,4,0,1,2,A,-,09,21801,A,N,D,C,A,A,H,-,D,D,0,NA,NA,NA,NA,Y,NA,A,01,0,0,1,0,0,0,0,0,0,-,-,NA,NA,SAN BERNARDINO,APPLE VALLEY,-117.261999,34.531189
92262269,2023,2023-12-14,9860,2023-10-13,1635,022694,NA,5,2,9,3600,1,3,5,NA,2,001,DEVORE RD.,CAJON BLVD.,30,E,N,A,-,N,NA,NA,NA,NA,NA,NA,NA,NA,NA,Y,2,0,1,2,A,-,03,22350,NA,N,D,C,A,A,H,-,A,A,0,NA,NA,NA,NA,Y,NA,A,01,1,0,0,0,0,0,0,0,0,-,-,34.220558166503906,-117.40232849121094,SAN BERNARDINO,UNINCORPORATED,-117.40230560302734,34.22047805786133
9226344,2021,2021-04-07,3600,2021-02-05,0930,F8945,VC021,5,5,5,3612,0,0,0,NA,0,VC3,HESPERIA RD,NISQUALLI RD,0,NA,Y,A,-,N,NA,NA,NA,NA,NA,NA,NA,NA,NA,Y,3,0,1,2,A,-,09,21804,A,N,D,C,A,A,H,-,A,A,0,NA,NA,NA,NA,Y,NA,A,01,0,1,0,0,0,0,0,0,0,-,-,NA,NA,SAN BERNARDINO,VICTORVILLE,-117.29015350341795,34.485496520996094
9226348,2021,2021-04-07,3600,2021-02-11,1106,F8945,VC075,4,5,5,3612,0,0,0,NA,0,VC6,MOJAVE DR,CONDOR RD,0,NA,Y,A,-,N,NA,NA,NA,NA,NA,NA,NA,NA,NA,Y,4,0,3,2,A,-,09,21804,A,N,D,C,A,A,H,-,A,D,0,NA,NA,NA,NA,Y,NA,A,01,0,0,3,0,0,0,0,0,0,-,-,NA,NA,SAN BERNARDINO,VICTORVILLE,-117.32093811035156,34.52885818481445
92264843,2023,2023-12-18,9855,2023-12-07,1025,021543,NA,4,1,5,3602,0,1,3,NA,2,603,SR-60 W/B (POMONA FWY),PIPELINE AVE.,528,E,N,A,-,Y,SBD,NA,60,NA,R,0.915,H,NA,L,N,4,0,3,3,A,-,03,22350,NA,N,C,C,A,A,H,-,A,D,0,NA,NA,NA,Y,Y,NA,A,01,0,0,3,0,0,0,0,0,0,-,-,34.029380798339844,-117.71460723876952,SAN BERNARDINO,CHINO,-117.71465301513672,34.02949905395508
92265216,2023,2023-12-18,9860,2023-12-03,1155,018275,NA,7,1,9,3600,0,3,5,NA,2,003,PIONEER AVE,NEVADA STREET,850,W,N,A,-,N,NA,NA,NA,NA,NA,NA,NA,NA,NA,Y,2,0,1,2,A,-,08,22100,A,N,B,C,A,A,H,-,A,D,0,NA,NA,Y,Y,Y,NA,G,25,1,0,0,0,0,0,0,0,1,-,-,34.08116149902344,-117.22030639648438,SAN BERNARDINO,UNINCORPORATED,-117.22024536132813,34.08113098144531
9226546,2021,2021-03-08,3609,2021-01-11,1745,02334,RI146,1,5,5,3609,0,0,0,NA,0,003,CEDAR AV,DURST DR,0,NA,Y,B,C,N,NA,NA,NA,NA,NA,NA,NA,NA,NA,Y,4,0,2,2,A,-,09,21801,A,N,A,C,A,B,H,-,C,A,0,NA,NA,NA,NA,Y,NA,D,22,0,0,2,0,0,0,0,0,0,-,-,34.10020065307617,-117.39219665527344,SAN BERNARDINO,RIALTO,-117.3965301513672,34.09423065185547
92265883,2023,2023-12-19,9850,2023-12-10,1435,023055,NA,7,2,5,3619,0,1,1,NA,2,082,I-15 S/B,MAIN ST,1056,S,N,A,-,Y,SBD,NA,15,NA,NA,33.757,H,NA,L,Y,4,0,4,2,A,-,03,22350,NA,N,C,C,A,A,D,-,A,D,0,NA,NA,NA,NA,Y,NA,A,07,0,0,4,0,0,0,0,0,0,-,-,34.423770904541016,-117.3827896118164,SAN BERNARDINO,HESPERIA,-117.38285064697266,34.42380142211914
92266428,2023,2023-12-19,9855,2023-12-09,1920,021006,NA,6,2,5,3611,0,1,1,NA,2,203,SR-210 E/B (FOOTHILL FWY),CAMPUS AVE.,750,W,N,A,-,Y,SBD,NA,210,NA,NA,3.076,H,NA,R,N,4,0,2,2,A,-,03,22350,NA,N,C,C,A,A,H,-,C,D,0,NA,NA,NA,NA,Y,NA,A,07,0,0,2,0,0,0,0,0,0,-,-,34.134639739990234,-117.64282989501952,SAN BERNARDINO,UPLAND,-117.64282989501952,34.134681701660156
92267046,2023,2023-12-20,9850,2023-12-11,1015,017377,NA,1,1,5,3612,0,1,1,NA,2,082,INTERSTATE 15 SOUTHBOUND,BEAR VALLEY ROAD,7920,S,N,A,-,Y,SBD,NA,15,NA,NA,36.075,H,NA,L,Y,4,0,1,7,A,-,03,22350,NA,F,C,C,A,A,D,-,A,D,0,NA,NA,NA,NA,Y,NA,A,01,0,0,1,0,0,0,0,0,0,-,-,34.45195007324219,-117.36077880859376,SAN BERNARDINO,VICTORVILLE,-117.36080932617188,34.451969146728516
92267387,2023,2023-12-20,9835,2023-10-10,2300,023315,NA,2,3,9,3600,0,1,1,NA,2,075,I-15 S/B,HALLORAN SPRINGS RD,18850,S,N,A,-,Y,SBD,NA,15,NA,NA,146.003,H,NA,L,Y,1,1,1,2,A,-,11,21954,A,N,G,B,E,A,H,-,D,D,0,Y,NA,NA,NA,Y,NA,N,60,0,1,0,1,0,0,0,0,0,-,-,35.34754180908203,-115.94528198242188,SAN BERNARDINO,UNINCORPORATED,-115.94528198242188,35.34754180908203
92269453,2023,2023-12-22,9860,2023-11-25,530,020002,NA,6,3,5,3608,0,1,1,NA,2,203,SR-210 W/B,SAN BERNARDINO AVE,420,E,N,A,-,Y,SBD,NA,210,NA,R,32.443,H,NA,L,N,4,0,1,2,C,-,18,NA,NA,N,E,E,A,A,H,-,C,D,0,NA,NA,NA,NA,Y,NA,-,-,0,0,1,0,0,0,0,0,0,-,-,34.076141357421875,-117.20046997070313,SAN BERNARDINO,REDLANDS,-117.20054626464844,34.076141357421875
92269570,2023,2023-12-22,9860,2023-07-03,123,023041,NA,1,3,5,3609,0,1,1,NA,2,201,STATE ROUTE 210 WESTBOUND,HIGHLAND AVENUE,92,E,N,A,-,Y,SBD,NA,210,NA,NA,18.9,H,NA,L,Y,1,1,0,2,A,-,11,21954,A,N,G,B,D,A,H,-,C,D,0,Y,NA,NA,NA,Y,NA,N,60,0,0,0,1,0,0,0,0,0,-,-,34.1362190246582,-117.36673736572266,SAN BERNARDINO,RIALTO,-117.36673736572266,34.13616943359375
92271002,2023,2023-12-26,9870,2023-12-18,1900,019709,NA,1,2,9,3600,0,3,5,NA,2,004,GODWIN ROAD,GOVERMNET ROAD,350,N,N,A,-,N,NA,NA,NA,NA,NA,NA,NA,NA,NA,Y,3,0,1,1,C,-,18,NA,NA,N,H,H,A,A,C,-,C,D,0,NA,NA,Y,NA,Y,NA,-,-,0,1,0,0,0,0,0,0,1,-,-,34.139320373535156,-115.93125915527344,SAN BERNARDINO,UNINCORPORATED,NA,NA
92272992,2023,2023-12-28,9855,2023-12-13,1500,021006,NA,3,2,5,3630,0,1,3,NA,2,071,SR-71 S/B (CHINO FWY),SOQUEL CANYON ROAD,1750,N,N,A,-,Y,SBD,NA,71,NA,R,4.345,H,NA,L,Y,4,0,2,1,A,-,08,22107,NA,N,E,I,A,A,H,-,A,D,0,NA,NA,NA,NA,Y,NA,A,01,0,0,2,0,0,0,0,0,0,-,-,33.9740104675293,-117.6956787109375,SAN BERNARDINO,CHINO HILLS,-117.69556427001952,33.974090576171875
92274878,2023,2023-12-29,9834,2023-12-28,500,017400,NA,4,3,9,3600,0,1,1,NA,2,044,I-40,MPM 134,528,W,N,A,-,Y,SBD,NA,40,NA,R,134.577,H,NA,L,Y,3,0,1,2,A,-,03,22350,NA,N,C,C,A,A,H,-,D,D,0,NA,NA,NA,Y,Y,NA,A,01,0,1,0,0,0,0,0,0,0,-,-,34.88507080078125,-114.72425079345705,SAN BERNARDINO,UNINCORPORATED,-114.7242431640625,34.885047912597656
92274987,2023,2023-12-29,9850,2023-12-20,1710,023055,NA,3,2,5,3619,0,1,1,NA,2,082,I-15 SB,JOSHUA ST,1584,N,N,A,-,Y,SBD,NA,15,NA,NA,32.655,H,NA,L,Y,4,0,2,2,A,-,03,22350,NA,N,C,C,A,A,D,-,D,D,0,NA,NA,NA,NA,Y,NA,A,01,0,0,2,0,0,0,0,0,0,-,-,34.41032028198242,-117.39331817626952,SAN BERNARDINO,HESPERIA,-117.39334869384766,34.410335540771484
92275032,2023,2023-12-29,9850,2023-12-21,1415,021342,NA,4,2,5,3621,0,1,1,NA,2,083,I-15 N/B,STODDARD WELLS RD,5280,N,N,B,-,Y,SBD,NA,15,NA,NA,48.475,H,NA,R,Y,4,0,1,2,A,-,07,21658,A,M,B,C,A,A,H,-,A,D,0,NA,NA,NA,NA,Y,NA,-,99,0,0,1,0,0,0,0,0,0,-,-,34.6031608581543,-117.24977111816406,SAN BERNARDINO,APPLE VALLEY,-117.2497787475586,34.60316467285156
92275804,2023,2024-01-01,9860,2023-12-17,1100,019009,NA,7,1,9,3600,0,3,5,NA,2,002,NORTH E STREET,WEST 41ST STREET,0,NA,Y,A,-,N,NA,NA,NA,NA,NA,NA,NA,NA,NA,Y,3,0,1,2,A,-,12,22450,A,N,D,C,A,A,H,-,A,A,0,NA,NA,NA,NA,Y,NA,M,94,0,1,0,0,0,0,0,0,0,-,-,34.168209075927734,-117.300537109375,SAN BERNARDINO,UNINCORPORATED,-117.30052185058594,34.168212890625
92276108,2023,2024-01-01,9860,2023-12-20,1655,022931,NA,3,2,5,3608,0,1,1,NA,2,105,I-10 W/B,PALM AVE,384,E,N,B,C,Y,SBD,NA,10,NA,NA,32.455,H,NA,L,Y,4,0,1,3,A,-,03,22350,NA,N,E,8,A,B,H,-,D,D,0,NA,NA,NA,NA,Y,NA,D,22,0,0,1,0,0,0,0,0,0,-,-,34.05072021484375,-117.16015625,SAN BERNARDINO,REDLANDS,-117.16007232666016,34.05076599121094
92276313,2023,2024-01-02,9834,2023-12-29,800,017400,NA,5,1,9,3600,0,2,4,NA,1,031,NEEDLES HWY,CAPRI RD.,8448,N,N,A,-,N,NA,NA,NA,NA,NA,NA,NA,NA,NA,Y,3,0,1,1,A,-,08,22107,NA,N,E,I,A,A,H,-,A,D,0,NA,NA,NA,NA,Y,NA,A,01,0,1,0,0,0,0,0,0,0,-,-,34.97365951538086,-114.67381286621094,SAN BERNARDINO,UNINCORPORATED,-114.67288208007813,34.975372314453125
92278484,2023,2024-01-03,9834,2023-12-23,1835,019219,NA,6,2,9,3600,0,1,1,NA,2,044,I-40 EASTBOUND,MPM 137.5,1000,E,N,A,-,Y,SBD,NA,40,NA,R,137.819,H,NA,R,Y,4,0,1,1,A,-,08,22107,NA,N,F,A,A,A,H,-,D,D,0,NA,NA,NA,NA,Y,NA,A,07,0,0,1,0,0,0,0,0,0,-,-,34.88282012939453,-114.67062377929688,SAN BERNARDINO,UNINCORPORATED,-114.67064666748048,34.882774353027344
92279138,2023,2024-01-04,9855,2023-12-26,1450,021006,NA,2,2,5,3602,0,1,3,NA,2,603,SR-60 E/B (POMONA FWY),MOUNTAIN AVENUE,1000,E,N,A,-,Y,SBD,NA,60,NA,R,3.952,H,NA,R,N,4,0,2,2,A,-,03,22350,NA,N,C,C,A,A,H,-,A,D,0,NA,NA,NA,NA,Y,NA,D,22,0,0,2,0,0,0,0,0,0,-,-,34.03020095825195,-117.66178131103516,SAN BERNARDINO,CHINO,-117.66178131103516,34.03028869628906
92280246,2024,2024-01-05,9860,2024-01-03,1025,016590,NA,3,1,9,3600,0,1,3,NA,1,380,SR-38,WARD WAY,1056,E,N,B,C,Y,SBD,NA,38,NA,NA,6.958,H,NA,R,Y,4,0,1,1,A,-,03,22350,NA,N,E,I,A,B,H,-,A,D,0,NA,NA,NA,NA,Y,NA,D,22,0,0,1,0,0,0,0,0,0,-,-,34.07318115234375,-117.07321166992188,SAN BERNARDINO,UNINCORPORATED,-117.0732421875,34.073341369628906
9228032,2021,2021-03-25,3611,2021-01-11,1932,2297,3611,1,5,5,3611,0,0,0,NA,0,002,FOOTHILL BL,SAN ANTONIO AV,30,W,N,A,-,N,NA,NA,NA,NA,NA,NA,NA,NA,NA,Y,4,0,2,2,A,-,01,23152,A,N,C,C,A,A,H,-,C,A,0,NA,NA,NA,NA,Y,Y,-,NA,0,0,2,0,0,0,0,0,0,-,-,NA,NA,SAN BERNARDINO,UPLAND,-117.660888671875,34.106971740722656
9228061,2020,2021-03-29,3611,2020-11-20,1356,3296,3611,5,5,5,3611,0,0,0,NA,0,002,7TH ST,MOUNTAIN AV,196,W,N,A,-,N,NA,NA,NA,NA,NA,NA,NA,NA,NA,Y,4,0,3,3,A,-,03,22350,NA,N,B,C,A,A,H,-,A,A,0,NA,NA,NA,NA,Y,NA,E,22,0,0,3,0,0,0,0,0,0,-,-,NA,NA,SAN BERNARDINO,UPLAND,-117.6707763671875,34.088768005371094
9228106,2021,2021-04-15,3602,2021-02-21,1711,3573,NA,7,5,5,3602,0,0,0,NA,0,001,G ST,3RD ST,146,E,N,A,-,N,NA,NA,NA,NA,NA,NA,NA,NA,NA,N,4,0,1,2,A,-,09,21804,A,N,D,C,A,A,H,-,A,D,0,NA,NA,NA,NA,Y,NA,M,94,0,0,1,0,0,0,0,0,0,-,-,34.009849548339844,-117.6958465576172,SAN BERNARDINO,CHINO,-117.69561767578124,34.009849548339844