CASE_ID,ACCIDENT_YEAR,PROC_DATE,JURIS,COLLISION_DATE,COLLISION_TIME,OFFICER_ID,REPORTING_DISTRICT,DAY_OF_WEEK,CHP_SHIFT,POPULATION,CNTY_CITY_LOC,SPECIAL_COND,BEAT_TYPE,CHP_BEAT_TYPE,CITY_DIVISION_LAPD,CHP_BEAT_CLASS,BEAT_NUMBER,PRIMARY_RD,SECONDARY_RD,DISTANCE,DIRECTION,INTERSECTION,WEATHER_1,WEATHER_2,STATE_HWY_IND,CALTRANS_COUNTY,CALTRANS_DISTRICT,STATE_ROUTE,ROUTE_SUFFIX,POSTMILE_PREFIX,POSTMILE,LOCATION_TYPE,RAMP_INTERSECTION,SIDE_OF_HWY,TOW_AWAY,COLLISION_SEVERITY,NUMBER_KILLED,NUMBER_INJURED,PARTY_COUNT,PRIMARY_COLL_FACTOR,PCF_CODE_OF_VIOL,PCF_VIOL_CATEGORY,PCF_VIOLATION,PCF_VIOL_SUBSECTION,HIT_AND_RUN,TYPE_OF_COLLISION,MVIW,PED_ACTION,ROAD_SURFACE,ROAD_COND_1,ROAD_COND_2,LIGHTING,CONTROL_DEVICE,CHP_ROAD_TYPE,PEDESTRIAN_ACCIDENT,BICYCLE_ACCIDENT,MOTORCYCLE_ACCIDENT,TRUCK_ACCIDENT,NOT_PRIVATE_PROPERTY,ALCOHOL_INVOLVED,STWD_VEHTYPE_AT_FAULT,CHP_VEHTYPE_AT_FAULT,COUNT_SEVERE_INJ,COUNT_VISIBLE_INJ,COUNT_COMPLAINT_PAIN,COUNT_PED_KILLED,COUNT_PED_INJURED,COUNT_BICYCLIST_KILLED,COUNT_BICYCLIST_INJURED,COUNT_MC_KILLED,COUNT_MC_INJURED,PRIMARY_RAMP,SECONDARY_RAMP,LATITUDE,LONGITUDE,COUNTY,CITY,POINT_X,POINT_Y
92440386,2024,2024-07-16,9835,2024-07-07,711,023107,NA,7,1,9,3600,0,1,1,NA,2,075,INTERSTATE 15 NORTHBOUND,HALLORAN SUMMIT ROAD,15840,S,N,A,-,Y,SBD,NA,15,NA,NA,152.497,H,NA,R,Y,3,0,3,2,A,-,03,22350,NA,M,C,C,A,A,H,-,A,D,0,NA,NA,NA,NA,Y,NA,A,01,0,3,0,0,0,0,0,0,0,-,-,35.389060974121094,-115.8431396484375,SAN BERNARDINO,UNINCORPORATED,-115.84315490722656,35.38908386230469
92442460,2024,2024-07-18,9855,2024-07-07,225,023010,NA,7,3,6,3607,0,1,1,NA,2,103,I-10 E/B (SAN BERNARDINO FWY) TO HAVEN AVE.,HAVEN AVE.,300,W,N,A,-,Y,NA,NA,NA,NA,NA,NA,NA,NA,NA,N,3,0,1,1,A,-,01,23152,A,N,E,I,A,A,H,-,D,D,0,NA,NA,NA,NA,Y,Y,A,01,0,1,0,0,0,0,0,0,0,-,-,34.06623077392578,-117.5769271850586,SAN BERNARDINO,ONTARIO,-117.57693481445313,34.067420959472656
92442929,2024,2024-08-02,9860,2024-07-03,1720,022439,NA,3,2,6,3610,0,1,1,NA,2,104,I-10 W/B,WATERMAN AVE,650,E,N,A,-,Y,SBD,NA,10,NA,NA,25.417,H,NA,L,N,3,0,2,4,A,-,03,22350,NA,N,C,C,A,A,H,-,A,D,0,NA,NA,NA,NA,Y,NA,A,07,0,1,1,0,0,0,0,0,0,-,-,34.06428146362305,-117.27639770507813,SAN BERNARDINO,SAN BERNARDINO,-117.27640533447266,34.06425094604492
92443383,2024,2024-07-19,9855,2024-07-09,1620,019188,NA,2,2,5,3611,0,1,1,NA,2,103,I-10 W/B (SAN BERNARDINO FWY),SR-83 (EUCLID AVE.),1320,W,N,A,-,Y,SBD,NA,10,NA,NA,3.202,H,NA,L,N,4,0,1,2,A,-,03,22350,NA,M,C,C,A,A,H,-,A,D,0,NA,NA,NA,NA,Y,NA,D,22,0,0,1,0,0,0,0,0,0,-,-,34.08747863769531,-117.65576171875,SAN BERNARDINO,UPLAND,-117.65576171875,34.0874137878418
92443621,2024,2024-07-19,9835,2024-07-14,422,022612,NA,7,3,9,3600,0,1,1,NA,2,076,INTERSTATE 15 SOUTHBOUND,BAILEY ROAD,15840,S,N,A,-,Y,SBD,NA,15,NA,NA,168.619,H,NA,L,Y,3,0,1,1,A,-,08,22107,NA,N,E,I,A,A,H,-,D,D,0,NA,NA,NA,NA,Y,NA,A,01,0,1,0,0,0,0,0,0,0,-,-,35.4752082824707,-115.57821655273438,SAN BERNARDINO,UNINCORPORATED,-115.57822418212892,35.475250244140625
9245589,2021,2021-03-29,3604,2021-01-25,0355,1332,NA,1,5,6,3604,0,0,0,NA,0,NA,FOOTHILL,CITRUS,0,NA,Y,C,-,N,NA,NA,NA,NA,NA,NA,NA,NA,NA,Y,2,0,1,2,A,-,12,21453,A,F,D,C,A,B,H,-,C,A,0,NA,NA,NA,NA,Y,NA,A,07,1,0,0,0,0,0,0,0,0,-,-,NA,NA,SAN BERNARDINO,FONTANA,-117.45362854003906,34.10655212402344
9245889,2021,2021-04-08,3608,2021-02-14,1240,4824,NA,7,5,5,3608,0,0,0,NA,0,NA,E PEARL AV,ORANGE ST,0,NA,Y,A,-,N,NA,NA,NA,NA,NA,NA,NA,NA,NA,N,4,0,2,2,A,-,08,22107,NA,N,A,C,A,A,H,-,A,A,0,NA,NA,NA,NA,Y,NA,A,07,0,0,2,0,0,0,0,0,0,-,-,34.06132125854492,-117.18256378173828,SAN BERNARDINO,REDLANDS,-117.18254852294922,34.06132888793945
9245892,2021,2021-04-08,3608,2021-02-23,1410,4027,NA,2,5,5,3608,0,0,0,NA,0,NA,CYPRESS AV,CAJON ST,0,NA,Y,A,-,N,NA,NA,NA,NA,NA,NA,NA,NA,NA,Y,4,0,1,2,A,-,09,21802,B,N,D,C,A,A,H,-,A,A,0,NA,NA,NA,NA,Y,NA,A,01,0,0,1,0,0,0,0,0,0,-,-,NA,NA,SAN BERNARDINO,REDLANDS,-117.17648315429688,34.04737854003906
9246944,2021,2021-04-30,3608,2021-03-04,1950,4463,NA,4,5,5,3608,0,0,0,NA,0,NA,ALABAMA,COULSTON AV,50,S,N,A,-,N,NA,NA,NA,NA,NA,NA,NA,NA,NA,Y,4,0,1,2,A,-,01,23152,F,N,D,C,A,A,H,-,C,A,0,NA,NA,NA,NA,Y,Y,A,01,0,0,1,0,0,0,0,0,0,-,-,NA,NA,SAN BERNARDINO,REDLANDS,-117.20874786376952,34.06877136230469
9247436,2021,2021-05-04,3608,2021-03-17,1808,4904,NA,3,5,5,3608,0,0,0,NA,0,NA,PALMETTO AV,LIGHT POLE 4671339E,30,E,N,A,-,N,NA,NA,NA,NA,NA,NA,NA,NA,NA,Y,3,0,2,1,A,-,01,23153,NA,N,E,I,A,A,H,-,B,D,0,NA,NA,NA,NA,Y,Y,-,-,0,2,0,0,0,0,0,0,0,-,-,34.08488082885742,-117.21885681152344,SAN BERNARDINO,REDLANDS,NA,NA
9248585,2021,2021-04-13,3600,2021-03-16,1720,G5366,VC016,2,5,5,3612,0,0,0,NA,0,VC2,GREEN TREE BL,BURNING TREE DR,910,W,N,A,-,N,NA,NA,NA,NA,NA,NA,NA,NA,NA,Y,4,0,1,3,A,-,08,22107,NA,N,B,C,A,-,H,-,A,D,0,NA,NA,NA,NA,Y,NA,A,07,0,0,1,0,0,0,0,0,0,-,-,NA,NA,SAN BERNARDINO,VICTORVILLE,-117.3157958984375,34.5064811706543
9248587,2021,2021-04-13,3600,2021-03-11,1444,E4795,VC064,4,5,5,3612,0,0,0,NA,0,VC5,AMARGOSA RD,LA MESA RD,260,S,N,A,-,N,NA,NA,NA,NA,NA,NA,NA,NA,NA,Y,4,0,1,1,A,-,01,23152,A,N,E,I,A,A,H,-,A,A,0,NA,NA,NA,NA,Y,Y,A,01,0,0,1,0,0,0,0,0,0,-,-,NA,NA,SAN BERNARDINO,VICTORVILLE,-117.33699035644533,34.4847412109375
9249040,2021,2021-04-28,3600,2021-04-08,2205,H7587,VV232,4,5,3,3613,0,0,0,NA,0,AD1,RT 395,BARTLETT AV,0,NA,Y,A,-,Y,SBD,8,395,-,-,16.22,H,-,N,Y,3,0,5,2,A,-,01,23152,A,F,C,C,A,A,-,-,C,A,0,NA,NA,NA,NA,Y,Y,A,01,0,1,4,0,0,0,0,0,0,-,-,NA,NA,SAN BERNARDINO,ADELANTO,-117.41207122802734,34.579227447509766
9250656,2021,2021-04-29,3602,2021-04-20,1253,4113,NA,2,5,5,3602,0,0,0,NA,0,002,LACEY CT,S NORTH AV,46,W,N,A,-,N,NA,NA,NA,NA,NA,NA,NA,NA,NA,Y,4,0,2,1,A,-,08,22107,NA,N,E,I,A,A,H,-,A,D,0,NA,NA,NA,NA,Y,NA,A,01,0,0,2,0,0,0,0,0,0,-,-,34.011531829833984,-117.65714263916016,SAN BERNARDINO,CHINO,-117.65666198730467,34.011417388916016
9251549,2020,2021-04-23,3600,2020-11-11,1750,G7668,RC04,3,5,6,3616,0,0,0,NA,0,004,ARCHIBALD AV,8TH ST,96,N,N,A,-,N,NA,NA,NA,NA,NA,NA,NA,NA,NA,N,2,0,1,1,A,-,03,22350,A,N,E,I,A,A,H,-,C,A,0,NA,NA,Y,NA,Y,NA,C,02,1,0,0,0,0,0,0,0,1,-,-,NA,NA,SAN BERNARDINO,RANCHO CUCAMONGA,-117.59349060058594,34.091941833496094
9251805,2021,2021-04-28,3604,2021-03-19,0449,1285,NA,5,5,6,3604,0,0,0,NA,0,NA,RANDALL AV,MANGO AV,0,NA,Y,A,-,N,NA,NA,NA,NA,NA,NA,NA,NA,NA,Y,3,0,1,2,A,-,12,22450,A,N,D,C,A,A,H,-,C,A,0,NA,NA,NA,NA,Y,NA,-,-,0,1,0,0,0,0,0,0,0,-,-,NA,NA,SAN BERNARDINO,FONTANA,-117.43135833740234,34.084861755371094
9253123,2021,2021-05-06,3609,2021-02-12,1542,0510,RI059,5,5,5,3609,0,0,0,NA,0,002,RIVERSIDE AV,RT 210,30,S,N,A,-,Y,SBD,8,210,-,-,18.878,R,4,E,Y,4,0,1,2,A,-,12,21453,A,N,D,C,A,A,H,-,A,A,0,NA,NA,NA,NA,Y,NA,-,NA,0,0,1,0,0,0,0,0,0,-,EO,34.0802001953125,-117.22119903564452,SAN BERNARDINO,RIALTO,-117.36717224121094,34.135921478271484
9253253,2021,2021-04-28,3600,2021-03-12,1653,D3381,VC021,5,5,5,3612,0,0,0,NA,0,VC3,HESPERIA RD,JASMINE ST,200,S,N,A,-,N,NA,NA,NA,NA,NA,NA,NA,NA,NA,Y,4,0,1,2,A,-,09,21801,A,N,D,C,A,A,H,-,A,A,0,NA,NA,NA,NA,Y,NA,A,01,0,0,1,0,0,0,0,0,0,-,-,NA,NA,SAN BERNARDINO,VICTORVILLE,-117.2915267944336,34.474334716796875
9253526,2021,2021-04-28,3604,2021-04-11,1554,1375,NA,7,5,6,3604,0,0,0,NA,0,NA,BASELINE AV,MIRIAM WY,30,E,N,A,-,N,NA,NA,NA,NA,NA,NA,NA,NA,NA,Y,4,0,1,1,A,-,03,22350,NA,N,F,A,A,A,H,-,A,D,0,NA,NA,Y,NA,Y,NA,C,02,0,0,1,0,0,0,0,0,1,-,-,NA,NA,SAN BERNARDINO,FONTANA,-117.46481323242188,34.1214714050293
9253893,2021,2021-04-27,3600,2021-03-22,0500,H5821,HE304,1,5,5,3619,0,0,0,NA,0,HE3,MAIN ST,ESCONDIDO AV,0,NA,Y,A,-,N,NA,NA,NA,NA,NA,NA,NA,NA,NA,Y,4,0,1,2,A,-,12,21453,A,N,A,C,A,A,H,-,C,D,0,NA,NA,NA,NA,Y,NA,-,-,0,0,1,0,0,0,0,0,0,-,-,NA,NA,SAN BERNARDINO,HESPERIA,-117.37299346923828,34.4266471862793
9255510,2021,2021-05-12,3602,2021-04-20,0702,4115,NA,2,5,5,3602,0,0,0,NA,0,003,PINE AV,MILL CREEK AV,19,E,N,A,-,N,NA,NA,NA,NA,NA,NA,NA,NA,NA,N,3,0,1,2,A,-,04,21703,NA,N,C,C,A,A,H,-,A,A,0,NA,NA,NA,NA,Y,NA,A,01,0,1,0,0,0,0,0,0,0,-,-,33.57270050048828,-117.37570190429688,SAN BERNARDINO,CHINO,-117.6328582763672,33.95752716064453
9255513,2021,2021-05-12,3602,2021-04-18,1127,3955,NA,7,5,5,3602,0,0,0,NA,0,001,5TH ST,RIVERSIDE DR,283,S,N,A,-,N,NA,NA,NA,NA,NA,NA,NA,NA,NA,Y,3,0,2,2,A,-,09,21804,A,N,D,C,A,A,H,-,A,D,0,NA,NA,NA,NA,Y,NA,A,01,0,1,1,0,0,0,0,0,0,-,-,34.0181884765625,-117.69313049316406,SAN BERNARDINO,CHINO,-117.69312286376952,34.01827621459961
9256885,2021,2021-05-14,3604,2021-04-22,1944,1302,FONTA,4,5,6,3604,0,0,0,NA,0,003,SIERRA AV,SAN BERNARDINO AV,119,S,N,B,-,N,NA,NA,NA,NA,NA,NA,NA,NA,NA,N,4,0,1,2,A,-,03,22350,NA,N,C,C,A,A,H,-,C,D,0,NA,NA,NA,NA,Y,NA,A,01,0,0,1,0,0,0,0,0,0,-,-,NA,NA,SAN BERNARDINO,FONTANA,-117.43567657470705,34.07725524902344
9256892,2021,2021-05-14,3604,2021-04-20,0312,1326,NA,2,5,6,3604,0,0,0,NA,0,NA,RANDALL AV,LAUREL AV,0,NA,Y,A,-,N,NA,NA,NA,NA,NA,NA,NA,NA,NA,N,3,0,1,2,A,-,08,22107,NA,N,G,B,D,A,H,-,C,D,0,Y,NA,NA,NA,Y,NA,-,-,0,1,0,0,1,0,0,0,0,-,-,NA,NA,SAN BERNARDINO,FONTANA,-117.4139404296875,34.08491516113281
9256895,2021,2021-05-14,3604,2021-04-23,1655,1377,NA,5,5,6,3604,0,0,0,NA,0,NA,VALLEY BL,SIERRA,1240,E,N,A,-,N,NA,NA,NA,NA,NA,NA,NA,NA,NA,Y,4,0,1,2,A,-,03,22350,NA,N,C,C,A,A,H,-,A,A,0,NA,NA,NA,NA,Y,NA,A,01,0,0,1,0,0,0,0,0,0,-,-,NA,NA,SAN BERNARDINO,FONTANA,-117.4315948486328,34.07038879394531
9257048,2021,2021-05-14,3610,2021-03-13,1522,50967,NA,6,5,6,3610,0,0,0,NA,0,DAVID,W 8TH ST,N PERSHING AV,0,NA,Y,B,-,N,NA,NA,NA,NA,NA,NA,NA,NA,NA,N,4,0,1,2,A,-,08,22107,NA,F,B,C,A,A,H,-,A,D,0,NA,NA,NA,NA,Y,NA,-,NA,0,0,1,0,0,0,0,0,0,-,-,NA,NA,SAN BERNARDINO,SAN BERNARDINO,-117.28852081298828,34.113922119140625
9257307,2021,2021-06-08,3600,2021-03-24,2307,F6910,HI021,3,5,4,3618,0,0,0,NA,0,HI3,GREENSPOT RD,BOULDER AV,0,NA,Y,A,-,N,NA,NA,NA,NA,NA,NA,NA,NA,NA,Y,4,0,1,2,D,-,00,NA,NA,N,D,C,A,A,H,-,C,A,0,NA,NA,NA,NA,Y,NA,-,-,0,0,1,0,0,0,0,0,0,-,-,34.108158111572266,-117.18511962890624,SAN BERNARDINO,HIGHLAND,-117.18521881103516,34.10829162597656
9257816,2021,2021-04-29,3610,2021-03-08,2307,51280,NA,1,5,6,3610,0,0,0,NA,0,POLICE,CAJON BL,CAJON BL 6227,30,N,N,A,-,N,NA,NA,NA,NA,NA,NA,NA,NA,NA,Y,4,0,1,2,A,-,06,21750,NA,N,D,C,A,A,H,-,C,D,0,NA,NA,NA,NA,Y,NA,A,01,0,0,1,0,0,0,0,0,0,-,-,34.197391510009766,-117.37935638427734,SAN BERNARDINO,SAN BERNARDINO,NA,NA
9258834,2021,2021-05-07,3600,2021-04-22,1052,F8247,HE313,4,5,5,3619,0,0,0,NA,0,HE5,OLIVE ST,5TH AV,107,E,N,A,-,N,NA,NA,NA,NA,NA,NA,NA,NA,NA,N,4,0,1,2,A,-,21,22106,NA,N,D,C,A,A,H,-,A,D,0,NA,NA,NA,NA,Y,NA,A,01,0,0,1,0,0,0,0,0,0,-,-,NA,NA,SAN BERNARDINO,HESPERIA,-117.3113021850586,34.41969680786133
9259927,2021,2021-05-19,3602,2021-04-11,0715,4066,30,7,5,5,3602,0,0,0,NA,0,001,CENTRAL AV,PHILADELPHIA,390,S,N,A,-,N,NA,NA,NA,NA,NA,NA,NA,NA,NA,N,4,0,1,2,B,-,22,NA,NA,N,A,B,F,A,H,-,A,D,0,Y,NA,NA,NA,Y,NA,-,-,0,0,1,0,1,0,0,0,0,-,-,34.01530075073242,-117.4123992919922,SAN BERNARDINO,CHINO,-117.68953704833984,34.03248977661133
92601691,2024,2024-07-25,9855,2024-07-17,220,018000,NA,3,3,6,3607,0,1,3,NA,2,601,SR-60 E/B (POMONA FWY),MILLIKEN AVE.,678,W,N,A,-,Y,SBD,NA,60,NA,R,9.819,H,NA,R,Y,3,0,1,2,A,-,03,22350,NA,N,D,C,A,A,H,-,C,D,0,NA,NA,NA,NA,Y,NA,A,01,0,1,0,0,0,0,0,0,0,-,-,34.02463912963867,-117.56063842773438,SAN BERNARDINO,ONTARIO,-117.56066131591795,34.02458190917969
9260991,2021,2021-07-08,3609,2021-05-29,0149,02272,R1105,6,5,5,3609,0,0,0,NA,0,001,CEDAR AV,BASELINE RD,0,NA,Y,A,-,N,NA,NA,NA,NA,NA,NA,NA,NA,NA,N,4,0,1,2,A,-,12,21453,A,N,D,G,A,A,H,-,C,A,0,NA,Y,NA,NA,Y,NA,A,01,0,0,1,0,0,0,1,0,0,-,-,34.12110137939453,-117.39649963378906,SAN BERNARDINO,RIALTO,-117.39662170410156,34.12132263183594
9262221,2021,2021-05-27,3604,2021-04-05,2004,1249,NA,1,5,6,3604,0,0,0,NA,0,002,BASELINE AV,PALMETTO AV,0,NA,Y,A,-,N,NA,NA,NA,NA,NA,NA,NA,NA,NA,Y,3,0,1,2,A,-,09,21804,A,N,D,C,A,A,H,-,B,A,0,NA,NA,NA,Y,Y,NA,A,01,0,1,0,0,0,0,0,0,0,-,-,NA,NA,SAN BERNARDINO,FONTANA,-117.42714691162108,34.121341705322266
9262950,2021,2021-05-24,3600,2021-04-13,2340,G4513,HE304,2,5,5,3619,0,0,0,NA,0,HE3,SULTANA ST,MAGNOLIA DR,63,W,N,A,-,N,NA,NA,NA,NA,NA,NA,NA,NA,NA,Y,4,0,1,2,A,-,05,21651,B,N,E,I,A,A,H,-,D,D,0,NA,NA,NA,NA,Y,Y,A,01,0,0,1,0,0,0,0,0,0,-,-,NA,NA,SAN BERNARDINO,HESPERIA,-120.68657684326172,37.36763000488281
9263300,2021,2021-05-11,3600,2021-03-31,1219,D3311,YC105,3,5,4,3640,0,0,0,NA,0,YC1,5TH ST,FOREST OAKS DR,570,S,N,A,-,N,NA,NA,NA,NA,NA,NA,NA,NA,NA,Y,2,0,1,1,A,-,01,23152,A,N,E,I,A,A,H,-,A,D,0,NA,NA,NA,NA,Y,Y,A,01,1,0,0,0,0,0,0,0,0,-,-,NA,NA,SAN BERNARDINO,YUCAIPA,-117.05413818359376,34.039642333984375
9265972,2021,2021-05-27,3603,2021-04-26,0646,4813,CPD,1,5,4,3603,0,0,0,NA,0,004,S RECHE CANYON RD,E MICHELLE DR,300,N,N,A,-,N,NA,NA,NA,NA,NA,NA,NA,NA,NA,N,3,0,1,2,A,-,03,22350,NA,N,C,C,A,A,H,-,A,D,0,NA,NA,NA,NA,Y,NA,-,NA,0,1,0,0,0,0,0,0,0,-,-,34.02531051635742,-117.27726745605467,SAN BERNARDINO,COLTON,-117.27774810791016,34.02564239501953
9266075,2021,2021-05-27,3600,2021-04-30,1246,H8985,HE,5,5,5,3619,0,0,0,NA,0,0HE,I AV,LIVE OAK ST,0,NA,Y,A,-,N,NA,NA,NA,NA,NA,NA,NA,NA,NA,Y,4,0,1,2,A,-,12,22450,A,M,D,C,A,A,H,-,A,D,0,NA,NA,NA,NA,Y,NA,A,01,0,0,1,0,0,0,0,0,0,-,-,NA,NA,SAN BERNARDINO,HESPERIA,-117.2814712524414,34.42635726928711
9267971,2021,2021-05-26,3610,2021-03-21,1833,51155,NA,7,5,6,3610,0,0,0,NA,0,POLICE,W 7TH ST,N GARDENA ST,0,NA,Y,A,-,N,NA,NA,NA,NA,NA,NA,NA,NA,NA,N,3,0,1,2,A,-,09,21801,B,N,D,C,A,A,H,-,A,D,0,NA,NA,Y,NA,Y,NA,A,01,0,1,0,0,0,0,0,0,1,-,-,34.112060546875,-117.32601928710938,SAN BERNARDINO,SAN BERNARDINO,-117.32604217529295,34.11205291748047
9268452,2021,2021-06-25,3600,2021-05-30,1720,G6919,VC069,7,5,5,3612,0,0,0,NA,0,VC5,MESA VIEW DR,HARWOOD ST,0,NA,Y,A,-,N,NA,NA,NA,NA,NA,NA,NA,NA,NA,N,2,0,1,2,A,-,12,22450,A,N,D,C,A,A,H,-,A,A,0,NA,NA,Y,NA,Y,NA,C,03,1,0,0,0,0,0,0,0,1,-,-,NA,NA,SAN BERNARDINO,VICTORVILLE,-117.40821838378906,34.497440338134766
9271837,2021,2021-06-11,3600,2021-05-25,0831,F8172,HE417,2,5,5,3619,0,0,0,NA,0,HE4,RANCHERO RD,LYONS AV,0,NA,Y,A,-,N,NA,NA,NA,NA,NA,NA,NA,NA,NA,Y,4,0,2,2,A,-,09,21802,A,N,D,C,A,A,H,-,A,A,0,NA,NA,NA,NA,Y,NA,A,01,0,0,2,0,0,0,0,0,0,-,-,NA,NA,SAN BERNARDINO,HESPERIA,-117.28157806396484,34.38374328613281
9271838,2021,2021-06-11,3600,2021-05-17,1753,G3926,HE322,1,5,5,3619,0,0,0,NA,0,HE5,7TH AV,3RD AV,0,NA,Y,A,-,N,NA,NA,NA,NA,NA,NA,NA,NA,NA,Y,3,0,1,2,A,-,09,21802,A,N,D,C,A,A,H,-,A,A,0,NA,NA,NA,NA,Y,NA,A,01,0,1,0,0,0,0,0,0,0,-,-,NA,NA,SAN BERNARDINO,HESPERIA,-117.31967163085938,34.38520050048828
9272035,2021,2021-06-07,3604,2021-05-23,1315,680,NA,7,5,6,3604,0,0,0,NA,0,NA,CYPRESS AV,SLOVER AV,55,S,N,A,-,N,NA,NA,NA,NA,NA,NA,NA,NA,NA,Y,4,0,1,1,A,-,08,22107,NA,N,E,I,A,A,H,-,A,A,0,NA,NA,NA,NA,Y,NA,A,01,0,0,1,0,0,0,0,0,0,-,-,NA,NA,SAN BERNARDINO,FONTANA,-117.44436645507813,34.062889099121094
9272385,2021,2021-06-09,3605,2021-04-26,0331,443,NA,1,5,4,3605,0,0,0,NA,0,NA,KINGSLEY ST,HELENA AV,0,NA,Y,A,-,N,NA,NA,NA,NA,NA,NA,NA,NA,NA,Y,2,0,1,4,A,-,01,23152,G,N,A,E,A,A,H,-,C,D,0,NA,NA,NA,NA,Y,Y,A,01,1,0,0,0,0,0,0,0,0,-,-,NA,NA,SAN BERNARDINO,MONTCLAIR,-117.70266723632813,34.06674575805664
9275182,2021,2021-07-15,3603,2021-06-17,0637,5040,CPD,4,5,4,3603,0,0,0,NA,0,004,RECHE CANYON RD,WASHINGTON ST,1320,S,N,A,-,N,NA,NA,NA,NA,NA,NA,NA,NA,NA,Y,3,0,1,1,A,-,05,21650,NA,N,E,I,A,A,H,-,A,D,0,NA,NA,NA,NA,Y,NA,A,01,0,1,0,0,0,0,0,0,0,-,-,34.04568862915039,-117.28643798828124,SAN BERNARDINO,COLTON,-117.28720092773438,34.046749114990234
9275189,2021,2021-07-30,3600,2021-06-03,0643,D8569,HI019,4,5,4,3618,0,0,0,NA,0,HI3,BASELINE ST,RT 210,0,NA,Y,A,-,Y,SBD,8,210,-,R,29.542,R,4,W,N,4,0,1,2,A,-,12,21453,A,N,D,C,A,A,D,-,A,A,0,NA,NA,NA,NA,Y,NA,A,07,0,0,1,0,0,0,0,0,0,-,WF,NA,NA,SAN BERNARDINO,HIGHLAND,-117.20055389404295,34.11806869506836
9275206,2021,2021-07-06,3600,2021-05-17,2047,G8545,HI002,1,5,4,3618,0,0,0,NA,0,HI1,BASELINE ST,GOLONDRINA DR,50,E,N,A,-,N,NA,NA,NA,NA,NA,NA,NA,NA,NA,N,2,0,1,2,B,-,22,NA,NA,F,G,B,D,A,H,-,C,D,0,Y,NA,NA,NA,Y,NA,-,99,1,0,0,0,1,0,0,0,0,-,-,34.12137985229492,-117.24646759033205,SAN BERNARDINO,HIGHLAND,-117.2468032836914,34.12131118774414
9276459,2021,2021-09-28,3608,2021-08-24,0718,3675,NA,2,5,5,3608,0,0,0,NA,0,NA,LUGONIA AV,DEARBORN ST,0,NA,Y,A,-,Y,SBD,8,38,-,-,2.59,H,-,W,Y,4,0,1,2,A,-,03,22350,NA,N,C,C,A,A,H,-,A,A,0,NA,NA,NA,NA,Y,NA,A,07,0,0,1,0,0,0,0,0,0,-,-,NA,NA,SAN BERNARDINO,REDLANDS,-117.14724731445313,34.07010269165039
9276987,2021,2021-06-10,3601,2021-03-30,0050,P9,3601,2,5,3,3601,0,0,0,NA,0,002,S YUCCA AV,E MT VIEW ST,266,N,N,A,-,N,NA,NA,NA,NA,NA,NA,NA,NA,NA,Y,3,0,1,1,A,-,03,22350,NA,N,E,I,A,A,H,-,C,D,0,NA,NA,NA,NA,Y,NA,A,01,0,1,0,0,0,0,0,0,0,-,-,NA,NA,SAN BERNARDINO,BARSTOW,-117.0084228515625,34.894569396972656
9277056,2021,2021-06-08,3610,2021-04-10,2312,51331,NA,6,5,6,3610,0,0,0,NA,0,CHARLI,N VICTORIA AV,EAST HIGHLAND AV,0,NA,Y,A,-,N,NA,NA,NA,NA,NA,NA,NA,NA,NA,N,4,0,1,2,A,-,07,21658,A,F,D,C,A,A,H,-,C,A,0,NA,NA,NA,NA,Y,NA,A,07,0,0,1,0,0,0,0,0,0,-,-,34.13581848144531,-117.22618103027344,SAN BERNARDINO,SAN BERNARDINO,-117.22620391845705,34.13582992553711
9277195,2021,2021-06-09,3610,2021-04-03,1604,51265,NA,6,5,6,3610,0,0,0,NA,0,CHARLI,NORTH WATERMAN AV,13TH ST,32,S,N,A,-,N,NA,NA,NA,NA,NA,NA,NA,NA,NA,Y,3,0,3,3,A,-,04,21703,NA,F,C,C,A,A,H,-,A,A,0,NA,NA,NA,NA,Y,Y,-,99,0,1,2,0,0,0,0,0,0,-,-,34.12308120727539,-117.27919006347656,SAN BERNARDINO,SAN BERNARDINO,-117.27879333496094,34.123260498046875
9277682,2021,2021-06-16,3600,2021-05-06,1751,G6198,VC021,4,5,5,3612,0,0,0,NA,0,VC3,SILICA DR,HESPERIA RD,250,E,N,A,-,N,NA,NA,NA,NA,NA,NA,NA,NA,NA,Y,4,0,1,2,A,-,09,21804,A,N,D,C,A,A,H,-,A,D,0,NA,NA,NA,NA,Y,NA,A,01,0,0,1,0,0,0,0,0,0,-,-,NA,NA,SAN BERNARDINO,VICTORVILLE,-117.29022216796876,34.47822952270508
9278974,2021,2021-07-08,3608,2021-06-08,1725,4766,NA,2,5,5,3608,0,0,0,NA,0,NA,ORANGE ST,BROCKTON AV,0,NA,Y,A,-,N,NA,NA,NA,NA,NA,NA,NA,NA,NA,Y,3,0,2,2,A,-,17,21451,A,N,D,C,A,A,H,-,A,A,0,NA,NA,NA,NA,Y,NA,A,01,0,1,1,0,0,0,0,0,0,-,-,NA,NA,SAN BERNARDINO,REDLANDS,-117.18250274658205,34.066368103027344
92799856,2024,2024-07-26,9860,2024-07-18,805,021934,NA,4,1,9,3600,0,3,5,NA,2,003,NICE AVE.,SAPPHIRE AVE.,0,NA,Y,A,-,N,NA,NA,NA,NA,NA,NA,NA,NA,NA,Y,4,0,3,2,A,-,09,21802,A,N,D,C,A,A,H,-,A,A,0,NA,NA,NA,NA,Y,NA,A,01,0,0,3,0,0,0,0,0,0,-,-,34.066200256347656,-117.11270141601563,SAN BERNARDINO,UNINCORPORATED,-117.11273956298828,34.06614303588867