CASE_ID,ACCIDENT_YEAR,PROC_DATE,JURIS,COLLISION_DATE,COLLISION_TIME,OFFICER_ID,REPORTING_DISTRICT,DAY_OF_WEEK,CHP_SHIFT,POPULATION,CNTY_CITY_LOC,SPECIAL_COND,BEAT_TYPE,CHP_BEAT_TYPE,CITY_DIVISION_LAPD,CHP_BEAT_CLASS,BEAT_NUMBER,PRIMARY_RD,SECONDARY_RD,DISTANCE,DIRECTION,INTERSECTION,WEATHER_1,WEATHER_2,STATE_HWY_IND,CALTRANS_COUNTY,CALTRANS_DISTRICT,STATE_ROUTE,ROUTE_SUFFIX,POSTMILE_PREFIX,POSTMILE,LOCATION_TYPE,RAMP_INTERSECTION,SIDE_OF_HWY,TOW_AWAY,COLLISION_SEVERITY,NUMBER_KILLED,NUMBER_INJURED,PARTY_COUNT,PRIMARY_COLL_FACTOR,PCF_CODE_OF_VIOL,PCF_VIOL_CATEGORY,PCF_VIOLATION,PCF_VIOL_SUBSECTION,HIT_AND_RUN,TYPE_OF_COLLISION,MVIW,PED_ACTION,ROAD_SURFACE,ROAD_COND_1,ROAD_COND_2,LIGHTING,CONTROL_DEVICE,CHP_ROAD_TYPE,PEDESTRIAN_ACCIDENT,BICYCLE_ACCIDENT,MOTORCYCLE_ACCIDENT,TRUCK_ACCIDENT,NOT_PRIVATE_PROPERTY,ALCOHOL_INVOLVED,STWD_VEHTYPE_AT_FAULT,CHP_VEHTYPE_AT_FAULT,COUNT_SEVERE_INJ,COUNT_VISIBLE_INJ,COUNT_COMPLAINT_PAIN,COUNT_PED_KILLED,COUNT_PED_INJURED,COUNT_BICYCLIST_KILLED,COUNT_BICYCLIST_INJURED,COUNT_MC_KILLED,COUNT_MC_INJURED,PRIMARY_RAMP,SECONDARY_RAMP,LATITUDE,LONGITUDE,COUNTY,CITY,POINT_X,POINT_Y
94404844,2024,2024-09-23,9860,2024-09-18,815,019429,NA,3,1,9,3600,0,1,1,NA,2,151,I-15 S/B,KENWOOD AVE,2112,N,N,A,-,Y,SBD,NA,15,NA,R,15.437,H,NA,L,Y,3,0,1,1,A,-,08,22107,NA,N,E,I,A,A,H,-,A,D,0,NA,NA,NA,NA,Y,NA,A,07,0,1,0,0,0,0,0,0,0,-,-,34.24082946777344,-117.43115234375,SAN BERNARDINO,UNINCORPORATED,-117.4310302734375,34.240943908691406
9440497,2022,2022-05-05,3600,2022-04-12,2053,H9767,TW003,2,5,3,3617,0,0,0,NA,0,TW1,ENCELIA AV,BUENA VISTA DR,142,S,N,A,-,N,NA,NA,NA,NA,NA,NA,NA,NA,NA,N,2,0,1,2,A,-,11,21954,A,N,G,B,E,A,H,-,D,D,0,Y,NA,NA,NA,Y,NA,N,60,1,0,0,0,1,0,0,0,0,-,-,34.14006042480469,-116.09825897216795,SAN BERNARDINO,TWENTYNINE PALMS,-116.09825897216795,34.140140533447266
94407640,2024,2024-09-25,9835,2024-09-23,1616,017111,NA,1,2,9,3600,0,3,5,NA,2,034,NATIONAL TRAILS HWY,LAVIC RD.,0,NA,Y,A,-,N,NA,NA,NA,NA,NA,NA,NA,NA,NA,Y,3,0,1,1,A,-,03,22350,NA,N,E,I,A,A,H,-,A,A,0,NA,NA,NA,NA,Y,NA,A,01,0,1,0,0,0,0,0,0,0,-,-,34.734928131103516,-116.30441284179688,SAN BERNARDINO,UNINCORPORATED,-116.30326080322266,34.73845291137695
94407676,2024,2024-09-25,9834,2024-09-23,2150,017149,NA,1,2,9,3600,0,1,2,NA,1,095,US-95,GOFFS ROAD,300,N,N,A,-,Y,SBD,NA,95,NA,NA,64.08,H,NA,R,N,4,0,1,2,A,-,03,22350,NA,N,C,C,A,A,H,-,D,A,0,NA,NA,NA,Y,Y,NA,G,25,0,0,1,0,0,0,0,0,0,-,-,34.9434700012207,-114.82476806640624,SAN BERNARDINO,UNINCORPORATED,-114.82473754882813,34.943477630615234
94408861,2024,2024-09-26,9860,2024-09-25,1810,022617,NA,3,2,9,3600,0,1,1,NA,2,103,I-10 E/B,MOUNT VERNON AVE,845,W,N,A,-,Y,SBD,NA,10,NA,R,23.084,H,NA,R,Y,3,0,3,3,A,-,03,22350,NA,N,C,C,A,A,H,-,A,D,0,NA,NA,NA,NA,Y,NA,A,01,0,1,2,0,0,0,0,0,0,-,-,34.065040588378906,-117.31648254394533,SAN BERNARDINO,UNINCORPORATED,-117.31648254394533,34.065040588378906
94411015,2024,2024-09-27,9835,2024-09-26,950,019908,NA,4,1,9,3600,0,1,3,NA,1,013,SR-58 E/B,HINKLEY RD,3168,W,N,A,-,Y,SBD,NA,58,NA,R,25.79,H,NA,R,Y,2,0,1,1,A,-,08,22107,NA,N,F,A,A,A,H,-,A,D,0,NA,NA,NA,NA,Y,NA,D,22,1,0,0,0,0,0,0,0,0,-,-,34.913509368896484,-117.19979858398438,SAN BERNARDINO,UNINCORPORATED,-117.19981384277344,34.91364288330078
94412740,2024,2024-09-30,9860,2024-09-26,547,022553,NA,4,3,6,3604,0,1,1,NA,2,102,I-10 W/B,SIERRA AVE,4224,E,N,A,-,Y,SBD,NA,10,NA,NA,17.095,H,NA,L,Y,3,0,1,3,A,-,07,21658,A,N,B,C,A,A,H,-,A,D,0,NA,NA,Y,NA,Y,NA,A,01,0,1,0,0,0,0,0,0,1,-,-,34.06758117675781,-117.42057037353516,SAN BERNARDINO,FONTANA,-117.42057037353516,34.06760787963867
94412963,2024,2024-09-30,9850,2024-09-22,249,023055,NA,7,3,9,3600,0,1,3,NA,2,060,SR-138,BEEKLEY RD,10,E,N,A,-,N,NA,NA,NA,NA,NA,NA,NA,NA,NA,Y,4,0,1,2,A,-,03,22350,NA,N,C,C,A,A,H,-,C,A,0,NA,NA,NA,NA,Y,NA,A,01,0,0,1,0,0,0,0,0,0,-,-,34.4116096496582,-117.58927154541016,SAN BERNARDINO,UNINCORPORATED,-117.58946228027344,34.411624908447266
94416951,2024,2024-10-02,9860,2024-08-02,1640,022843,NA,5,2,9,3600,0,1,1,NA,2,151,I-15 N/B,KENWOOD AVE,4752,N,N,A,-,Y,SBD,NA,15,NA,R,15.905,H,NA,R,Y,4,0,1,2,A,-,03,22350,NA,N,C,C,A,A,H,-,A,D,0,NA,NA,Y,NA,Y,NA,C,02,0,0,1,0,0,0,0,0,1,-,-,34.24583053588867,-117.43599700927734,SAN BERNARDINO,UNINCORPORATED,-117.43599700927734,34.24583053588867
9441770,2022,2022-05-13,3604,2022-04-07,1545,1339,NA,4,5,6,3604,0,0,0,NA,0,NA,MULBERRY AV,CHAPARRAL AV,0,NA,Y,A,-,N,NA,NA,NA,NA,NA,NA,NA,NA,NA,Y,4,0,1,2,D,-,00,NA,NA,N,C,C,A,A,H,-,A,A,0,NA,NA,NA,NA,Y,NA,-,-,0,0,1,0,0,0,0,0,0,-,-,NA,NA,SAN BERNARDINO,FONTANA,-117.50695037841795,34.04522705078125
94419747,2024,2024-10-04,9870,2024-09-25,1916,023080,NA,3,2,9,3600,0,3,5,NA,2,003,SUNSET ROAD,SR-62 (TWENTYNINE PALMS HWY.),57,S,N,A,-,N,NA,NA,NA,NA,NA,NA,NA,NA,NA,N,3,0,1,2,A,-,05,21460,NA,N,G,B,D,A,H,-,C,D,0,Y,NA,NA,NA,Y,NA,A,01,0,1,0,0,1,0,0,0,0,-,-,34.13471984863281,-116.31730651855467,SAN BERNARDINO,UNINCORPORATED,-116.31731414794922,34.13481521606445
94419965,2024,2024-10-04,9850,2024-09-02,1920,018211,NA,1,2,9,3600,0,2,4,NA,2,066,PHELAN RD,BURBANK RD,0,NA,Y,A,-,N,NA,NA,NA,NA,NA,NA,NA,NA,NA,Y,2,0,1,2,A,-,05,21460,A,N,D,C,A,A,H,-,B,D,0,NA,NA,Y,NA,Y,NA,C,02,1,0,0,0,0,0,0,0,1,-,-,34.42634963989258,-117.5949935913086,SAN BERNARDINO,UNINCORPORATED,-117.59502410888672,34.42634963989258
9442137,2022,2022-05-20,3600,2022-04-13,1717,H8270,VC021,3,5,5,3612,0,0,0,NA,0,VC3,INDUSTRIAL BL,JASMINE ST,15,E,N,A,-,N,NA,NA,NA,NA,NA,NA,NA,NA,NA,N,4,0,1,3,A,-,03,22350,NA,N,C,-,A,A,H,-,A,D,0,NA,NA,NA,NA,Y,NA,A,01,0,0,1,0,0,0,0,0,0,-,-,34.47584915161133,-117.31036376953124,SAN BERNARDINO,VICTORVILLE,-117.28292846679688,34.474910736083984
9442463,2022,2022-05-02,3610,2022-02-26,1747,51197,NA,6,5,6,3610,0,0,0,NA,0,POLICE,WEST HIGHLAND AV,NORTH ARROWHEAD AV,0,NA,Y,A,-,N,NA,NA,NA,NA,NA,NA,NA,NA,NA,N,4,0,1,2,A,-,12,21453,A,N,D,C,A,A,H,-,B,A,0,NA,NA,Y,NA,Y,NA,C,02,0,0,1,0,0,0,0,0,1,-,-,NA,NA,SAN BERNARDINO,SAN BERNARDINO,-117.28964996337892,34.1359748840332
9442603,2022,2022-05-11,3610,2022-04-04,0030,51264,NA,1,5,6,3610,0,0,0,NA,0,ADAM,N MT VERNON AV,W 19TH ST,180,W,N,A,-,N,NA,NA,NA,NA,NA,NA,NA,NA,NA,Y,4,0,1,1,A,-,08,22107,NA,N,E,I,A,A,H,-,C,D,0,NA,NA,NA,NA,Y,NA,A,01,0,0,1,0,0,0,0,0,0,-,-,NA,NA,SAN BERNARDINO,SAN BERNARDINO,-117.31381988525392,34.13228988647461
9442675,2022,2022-05-03,3604,2022-03-31,0923,473,3604,4,5,6,3604,0,0,0,NA,0,003,OLEANDER AV,UPLAND AV,0,NA,Y,B,-,N,NA,NA,NA,NA,NA,NA,NA,NA,NA,Y,4,0,1,2,A,-,09,21802,A,N,D,C,A,B,H,-,A,A,0,NA,NA,NA,NA,Y,NA,A,01,0,0,1,0,0,0,0,0,0,-,-,NA,NA,SAN BERNARDINO,FONTANA,-117.44889068603516,34.10337448120117
9442722,2022,2022-05-13,3604,2022-04-07,1536,925,NA,4,5,6,3604,0,0,0,NA,0,NA,JURUPA AV,CHERRY AV,21,E,N,A,-,N,NA,NA,NA,NA,NA,NA,NA,NA,NA,N,4,0,1,2,A,-,03,22350,NA,N,C,C,A,A,H,-,A,A,0,NA,NA,NA,NA,Y,NA,D,22,0,0,1,0,0,0,0,0,0,-,-,NA,NA,SAN BERNARDINO,FONTANA,-117.48902893066406,34.048011779785156
94429276,2024,2024-10-14,9855,2024-09-27,2033,023023,NA,5,2,6,3604,0,1,1,NA,2,153,I-15 N/B (ONTARIO FWY),DUNCAN CANYON ROAD,2500,S,N,A,-,Y,SBD,NA,15,NA,NA,10.554,H,NA,R,N,3,0,1,1,A,-,08,22107,NA,N,F,I,A,A,H,-,C,D,0,NA,NA,Y,NA,Y,NA,C,02,0,1,0,0,0,0,0,0,1,-,-,34.16012954711914,-117.46705627441406,SAN BERNARDINO,FONTANA,-117.467041015625,34.16011428833008
9442976,2022,2022-05-04,3604,2022-04-01,2140,1404,NA,5,5,6,3604,0,0,0,NA,0,NA,PAINE,JUNIPER,0,NA,Y,A,-,N,NA,NA,NA,NA,NA,NA,NA,NA,NA,N,4,0,1,2,A,-,08,22107,NA,N,G,B,B,A,H,-,C,A,0,Y,NA,NA,NA,Y,NA,A,01,0,0,1,0,1,0,0,0,0,-,-,NA,NA,SAN BERNARDINO,FONTANA,-117.44017791748048,34.10759735107422
94429766,2024,2024-10-14,9860,2024-10-08,804,024070,NA,2,1,9,3600,0,1,1,NA,2,152,I-15 S/B,OAK HILL ROAD,5280,S,N,A,-,Y,SBD,NA,15,NA,R,26.12,H,NA,L,Y,4,0,1,2,A,-,03,22350,NA,N,C,C,A,A,D,E,A,D,0,NA,NA,NA,NA,Y,NA,A,07,0,0,1,0,0,0,0,0,0,-,-,34.35078811645508,-117.4443588256836,SAN BERNARDINO,UNINCORPORATED,-117.44440460205078,34.35084915161133
94431735,2024,2024-10-15,9855,2024-10-10,1750,021403,NA,4,2,9,3600,0,2,4,NA,1,012,ARROW RTE.,LIVE OAK AVE.,300,W,N,A,-,N,NA,NA,NA,NA,NA,NA,NA,NA,NA,Y,4,0,2,2,A,-,21,22106,NA,N,B,C,A,A,H,-,B,D,0,NA,NA,NA,NA,Y,NA,A,01,0,0,2,0,0,0,0,0,0,-,-,34.09933090209961,-117.48110198974608,SAN BERNARDINO,UNINCORPORATED,-117.48104858398438,34.09928894042969
94431744,2024,2024-10-15,9834,2024-10-11,1549,020845,NA,5,2,9,3600,0,1,3,NA,1,064,SR-62,MILEPOST MARKER 62 SBD 110.50,528,E,N,A,-,Y,SBD,NA,62,NA,NA,110.355,H,NA,R,Y,3,0,2,1,A,-,08,22107,NA,N,E,J,A,A,H,-,A,D,0,NA,NA,NA,NA,Y,NA,A,01,0,1,1,0,0,0,0,0,0,-,-,34.0796012878418,-114.7966766357422,SAN BERNARDINO,UNINCORPORATED,-114.7966766357422,34.07957458496094
9443322,2022,2022-05-06,3600,2022-03-31,1358,F6893,CH024,4,5,5,3630,0,0,0,NA,0,CH1,PEYTON DR,BOYS REPUBLIC DR,0,NA,Y,A,-,N,NA,NA,NA,NA,NA,NA,NA,NA,NA,Y,4,0,2,2,A,-,12,21453,A,N,-,C,A,A,H,-,A,A,0,NA,NA,NA,NA,Y,NA,A,08,0,0,2,0,0,0,0,0,0,-,-,NA,NA,SAN BERNARDINO,CHINO HILLS,-117.73258972167967,33.996925354003906
94434719,2024,2024-10-17,9850,2024-10-02,1620,023165,NA,3,2,3,3613,0,1,3,NA,2,052,HWY-18,BALDY MESA,0,NA,Y,A,-,N,NA,NA,NA,NA,NA,NA,NA,NA,NA,Y,4,0,2,2,A,-,09,21801,B,N,D,C,A,A,H,-,A,D,0,NA,NA,NA,NA,Y,NA,A,01,0,0,2,0,0,0,0,0,0,-,-,34.5064582824707,-117.4509735107422,SAN BERNARDINO,ADELANTO,-117.451021,34.506487
94436464,2024,2024-10-18,9855,2024-10-14,1830,022607,NA,1,2,6,3607,0,1,1,NA,2,103,I-10 E/B (SAN BERNARDINO FWY),4TH STREET,1056,E,N,A,-,Y,SBD,NA,10,NA,NA,5.46,H,NA,R,Y,4,0,1,2,A,-,03,22350,NA,N,C,C,A,A,H,-,D,D,0,NA,NA,NA,NA,Y,NA,A,01,0,0,1,0,0,0,0,0,0,-,-,34.075889587402344,-117.62055206298828,SAN BERNARDINO,ONTARIO,-117.62054443359376,34.075897216796875
9443804,2022,2022-05-24,3600,2022-04-21,2106,H8994,HE117,4,5,5,3619,0,0,0,NA,0,HE1,AMARGOSA RD,KEY POINTE DR,1175,E,N,A,-,N,NA,NA,NA,NA,NA,NA,NA,NA,NA,Y,4,0,1,2,A,-,01,23152,A,N,A,C,A,A,H,-,D,D,0,NA,NA,NA,NA,Y,Y,A,01,0,0,1,0,0,0,0,0,0,-,-,NA,NA,SAN BERNARDINO,HESPERIA,-117.3799285888672,34.429039001464844
94438471,2024,2024-10-21,9850,2024-10-13,230,021384,NA,7,3,5,3619,0,1,1,NA,2,081,I-15 S/B,RANCHERO RD,1109,S,N,A,-,Y,SBD,NA,15,NA,NA,30.138,H,NA,L,N,4,0,2,3,A,-,03,22350,NA,M,D,C,A,A,D,-,D,D,0,NA,NA,NA,NA,Y,NA,A,08,0,0,2,0,0,0,0,0,0,-,-,34.380069732666016,-117.41782379150392,SAN BERNARDINO,HESPERIA,-117.41790008544922,34.3801155090332
94438772,2024,2024-10-21,9855,2024-10-17,555,020564,NA,4,3,6,3616,0,1,1,NA,2,203,SR-210 W/B (FOOTHILL FWY),ARCHIBALD AVE,528,E,N,B,F,Y,SBD,NA,210,NA,NA,6.076,H,NA,L,Y,4,0,1,2,A,-,03,22350,NA,N,C,C,A,B,H,-,C,D,0,NA,NA,NA,NA,Y,NA,D,22,0,0,1,0,0,0,0,0,0,-,-,34.13539123535156,-117.59044647216795,SAN BERNARDINO,RANCHO CUCAMONGA,-117.5904541015625,34.135398864746094
94439985,2024,2024-10-22,9855,2024-10-21,1243,014637,NA,1,1,5,3611,0,1,1,NA,2,203,SR-210 E/B (FOOTHILL FWY),CAMPUS AVE,1000,W,N,A,-,Y,SBD,NA,210,NA,NA,3.12,H,NA,R,Y,4,0,1,2,A,-,03,22350,NA,N,C,C,A,A,H,-,A,D,0,NA,NA,NA,NA,Y,NA,A,01,0,0,1,0,0,0,0,0,0,-,-,34.134700775146484,-117.64205932617188,SAN BERNARDINO,UPLAND,-117.64205932617188,34.13468933105469
94440302,2024,2024-10-22,9835,2024-10-13,2147,023315,NA,7,2,9,3600,0,1,1,NA,2,073,I-15 S/B,FIELD RD,6864,N,N,A,-,Y,SBD,NA,15,NA,R,104.957,H,NA,L,Y,4,0,2,2,A,-,03,22350,NA,N,C,C,A,A,H,-,D,D,0,NA,NA,NA,NA,Y,NA,A,01,0,0,2,0,0,0,0,0,0,-,-,35.019020080566406,-116.50977325439452,SAN BERNARDINO,UNINCORPORATED,-116.50973510742188,35.01895523071289
94440310,2024,2024-10-22,9860,2024-10-15,1455,019495,NA,2,2,6,3610,0,1,1,NA,2,151,I-15 N/B,SIERRA AVE,1637,N,N,A,-,Y,SBD,NA,15,NA,NA,13.175,H,NA,R,N,4,0,1,3,A,-,07,21658,A,N,B,C,A,A,H,-,A,D,0,NA,NA,NA,Y,Y,NA,A,01,0,0,1,0,0,0,0,0,0,-,-,34.184871673583984,-117.43292236328124,SAN BERNARDINO,SAN BERNARDINO,-117.4328842163086,34.18484115600586
94440752,2024,2024-10-22,9860,2024-10-11,2305,022875,NA,5,3,9,3600,0,3,5,NA,2,003,OAK GLEN ROAD,CASA BLANCA AVENUE,5000,E,N,A,-,N,NA,NA,NA,NA,NA,NA,NA,NA,NA,N,4,0,2,2,A,-,01,23152,A,N,C,C,A,A,H,-,D,D,0,NA,NA,NA,NA,Y,Y,A,01,0,0,2,0,0,0,0,0,0,-,-,34.05018997192383,-116.99669647216795,SAN BERNARDINO,UNINCORPORATED,-116.99740600585938,34.04985427856445
9444142,2022,2022-05-11,3605,2022-04-14,1915,448,NA,4,5,4,3605,0,0,0,NA,0,NA,CENTRAL AV,SAN BERNARDINO BL,235,S,N,A,-,N,NA,NA,NA,NA,NA,NA,NA,NA,NA,N,4,0,1,2,A,-,21,22106,NA,N,C,C,A,A,H,-,B,A,0,NA,NA,NA,NA,Y,NA,A,01,0,0,1,0,0,0,0,0,0,-,-,NA,NA,SAN BERNARDINO,MONTCLAIR,-117.68961334228516,34.0770263671875
9444158,2022,2022-05-23,3600,2022-04-02,0115,F5134,CH019,6,5,5,3630,0,0,0,NA,0,003,WOODVIEW RD,PEYTON DR,51,W,N,A,-,N,NA,NA,NA,NA,NA,NA,NA,NA,NA,Y,2,0,3,1,A,-,01,23153,NA,N,A,-,A,A,H,-,C,D,0,NA,NA,NA,NA,Y,Y,A,01,1,2,0,0,0,0,0,0,0,-,-,NA,NA,SAN BERNARDINO,CHINO HILLS,-117.72956848144533,33.961090087890625
94442523,2024,2024-10-23,9855,2024-10-14,2013,021233,NA,1,2,9,3600,0,3,5,NA,2,004,CENTRAL AVE (11100 BLOCK),HOWARD STREET,193,S,N,A,-,N,NA,NA,NA,NA,NA,NA,NA,NA,NA,Y,3,0,1,5,A,-,08,22107,NA,N,B,2,A,A,H,-,C,D,0,NA,NA,NA,NA,Y,NA,A,07,0,1,0,0,0,0,0,0,0,-,-,34.05165100097656,-117.6893310546875,SAN BERNARDINO,UNINCORPORATED,-117.68953704833984,34.05168151855469
94443927,2024,2024-10-24,9850,2024-10-16,1706,023055,NA,3,2,9,3600,0,3,5,NA,2,004,DEL GADO RD,PERAL RD,5,S,N,A,-,N,NA,NA,NA,NA,NA,NA,NA,NA,NA,N,4,0,1,3,A,-,03,22350,NA,N,C,C,A,A,H,-,A,D,0,NA,NA,NA,NA,Y,NA,D,22,0,0,1,0,0,0,0,0,0,-,-,34.489688873291016,-117.34258270263672,SAN BERNARDINO,UNINCORPORATED,-117.34261322021484,34.489837646484375
94445078,2024,2024-10-25,9860,2024-10-13,530,023503,NA,7,3,9,3600,0,2,4,NA,2,411,CEDAR AVE,CEDAR PL,150,N,N,A,-,N,NA,NA,NA,NA,NA,NA,NA,NA,NA,Y,3,0,1,3,A,-,01,23152,A,N,B,C,A,A,D,-,C,D,0,NA,NA,NA,NA,Y,Y,D,22,0,1,0,0,0,0,0,0,0,-,-,34.06618118286133,-117.39629364013672,SAN BERNARDINO,UNINCORPORATED,-117.3962173461914,34.06607437133789
94446759,2024,2024-10-28,9860,2024-10-18,1805,022906,NA,5,2,4,3603,0,1,1,NA,2,103,I-10 W/B,MT VERNON AVE,528,E,N,A,-,Y,SBD,NA,10,NA,R,23.369,H,NA,L,Y,3,0,1,2,A,-,03,22350,NA,N,C,C,A,A,H,-,C,D,0,NA,NA,NA,Y,Y,NA,F,26,0,1,0,0,0,0,0,0,0,-,-,34.065059661865234,-117.31159973144533,SAN BERNARDINO,COLTON,-117.31160736083984,34.06511688232422
94447100,2024,2024-10-28,9834,2024-10-25,935,018762,NA,5,1,9,3600,0,2,4,NA,1,031,NEEDLES HWY,CAPRI RD,3960,S,N,A,-,N,NA,NA,NA,NA,NA,NA,NA,NA,NA,Y,4,0,1,1,A,-,03,22350,NA,N,F,A,A,A,H,-,A,D,0,NA,NA,NA,NA,Y,NA,A,01,0,0,1,0,0,0,0,0,0,-,-,34.939090728759766,-114.67398071289063,SAN BERNARDINO,UNINCORPORATED,-114.67526245117188,34.94234848022461
9444786,2022,2022-05-31,3600,2022-05-02,0746,G6918,VC070,1,5,5,3612,0,0,0,NA,0,VC5,TOPAZ RD,LA MESA RD,0,NA,Y,A,-,N,NA,NA,NA,NA,NA,NA,NA,NA,NA,N,3,0,1,2,A,-,10,21950,A,N,G,B,B,A,H,-,A,A,0,Y,NA,NA,NA,Y,NA,A,01,0,1,0,0,1,0,0,0,0,-,-,34.48488998413086,-117.3818588256836,SAN BERNARDINO,VICTORVILLE,-117.38186645507813,34.484886169433594
94448554,2024,2024-10-29,9860,2024-10-14,458,023001,NA,1,3,5,3609,0,1,1,NA,2,102,I-10 E/B,RIVERSIDE AVE,1267,E,N,A,-,Y,SBD,NA,10,NA,NA,20.204,H,NA,R,N,4,0,2,2,D,-,00,NA,NA,N,C,C,A,A,H,-,D,D,0,NA,NA,NA,Y,Y,NA,-,-,0,0,2,0,0,0,0,0,0,-,-,34.06867980957031,-117.3662567138672,SAN BERNARDINO,RIALTO,-117.3662567138672,34.06870651245117
9444862,2022,2022-05-31,3608,2022-04-26,1420,4345,SANBE,2,5,5,3608,0,0,0,NA,0,NA,SAN BERNARDINO AV,TENNESSEE ST,416,E,N,A,-,N,NA,NA,NA,NA,NA,NA,NA,NA,NA,Y,3,0,3,2,A,-,03,22350,NA,N,C,C,A,A,H,-,A,A,0,NA,NA,Y,NA,Y,NA,C,02,0,2,1,0,0,0,0,0,2,-,-,NA,NA,SAN BERNARDINO,REDLANDS,-117.19805145263672,34.07736587524414
9444882,2022,2022-06-08,3600,2022-03-21,0709,G9801,VVSUP,1,5,5,3612,0,0,0,NA,0,VC06,ROY ROGERS DR,RT 15,32,N,N,A,-,Y,SBD,8,15,-,-,41.225,R,4,S,Y,4,0,1,2,A,-,12,21453,A,N,A,C,A,A,H,-,A,A,0,NA,NA,NA,NA,Y,NA,A,01,0,0,1,0,0,0,0,0,0,-,SO,NA,NA,SAN BERNARDINO,VICTORVILLE,-117.32028198242188,34.51793670654297
94449696,2024,2024-10-29,9835,2024-10-26,2317,023106,NA,6,3,9,3600,0,1,1,NA,2,072,I 15 SB,GHOST TOWN ROAD,3696,S,N,A,-,Y,SBD,NA,15,NA,NA,81.144,H,NA,L,Y,4,0,1,1,A,-,08,22107,NA,N,F,J,A,A,H,-,D,D,0,NA,NA,NA,NA,Y,NA,A,01,0,0,1,0,0,0,0,0,0,-,-,34.90119171142578,-116.89895629882813,SAN BERNARDINO,UNINCORPORATED,-116.89896392822266,34.90122985839844
94452577,2024,2024-10-31,9870,2024-10-28,800,016935,NA,1,1,9,3600,0,3,5,NA,2,003,BORDER AVENUE,CAMPANULA STREET (NORTH),0,NA,Y,A,-,N,NA,NA,NA,NA,NA,NA,NA,NA,NA,Y,3,0,1,2,A,-,09,21801,A,N,F,A,A,A,H,-,A,D,0,NA,NA,NA,NA,Y,NA,A,01,0,1,0,0,0,0,0,0,0,-,-,34.18600845336914,-116.29949188232422,SAN BERNARDINO,UNINCORPORATED,-116.29949188232422,34.18477249145508
94456671,2024,2024-11-04,9870,2024-10-25,1615,020280,NA,5,2,9,3600,0,1,3,NA,1,031,STATE ROUTE 62 (TWENTYNINE PALMS HIGHWAY),YUCCA MESA ROAD,100,E,N,A,-,Y,SBD,NA,62,NA,NA,15.216,H,NA,R,Y,4,0,2,2,A,-,08,22107,NA,N,C,2,A,A,H,-,A,D,0,NA,NA,NA,NA,Y,NA,-,-,0,0,2,0,0,0,0,0,0,-,-,34.134971618652344,-116.36849975585938,SAN BERNARDINO,UNINCORPORATED,-116.36849975585938,34.13486862182617
94461905,2024,2024-11-07,9855,2024-10-21,2319,016215,NA,1,3,6,3607,0,1,3,NA,2,601,SR-60 E/B (POMONA FWY),ARCHIBALD AVENUE,1842,W,N,A,-,Y,SBD,NA,60,NA,R,7.526,H,NA,R,Y,3,0,1,3,A,-,08,22107,NA,M,B,C,A,A,H,-,C,D,0,NA,NA,NA,Y,Y,NA,A,01,0,1,0,0,0,0,0,0,0,-,-,34.030521392822266,-117.5995635986328,SAN BERNARDINO,ONTARIO,-117.5995635986328,34.03052520751953
9446301,2022,2022-06-08,3604,2022-04-21,1640,1302,NA,4,5,6,3604,0,0,0,NA,0,NA,SLOVER AV,BUSINESS DR,0,NA,Y,A,-,N,NA,NA,NA,NA,NA,NA,NA,NA,NA,Y,3,0,1,2,A,-,08,22100,A,N,C,-,A,A,H,-,A,D,0,NA,NA,NA,Y,Y,NA,G,25,0,1,0,0,0,0,0,0,0,-,-,NA,NA,SAN BERNARDINO,FONTANA,-117.5093002319336,34.06275939941406
94463822,2024,2024-11-08,9850,2024-10-25,1850,023055,NA,5,2,9,3600,0,2,4,NA,2,055,REGINA RD,NATIONAL TRAILS HWY,200,E,N,A,-,N,NA,NA,NA,NA,NA,NA,NA,NA,NA,N,4,0,1,1,A,-,03,38305,NA,N,F,A,A,A,H,-,D,D,0,NA,NA,Y,NA,Y,NA,C,06,0,0,1,0,0,0,0,0,1,-,-,34.710811614990234,-117.3334732055664,SAN BERNARDINO,UNINCORPORATED,NA,NA
94465376,2024,2024-11-12,9855,2024-10-31,230,023010,NA,4,3,9,3600,0,2,4,NA,2,031,MT. BALDY RD. (7100 BLOCK),SAN ANTONIO CREEK RD.,1000,N,N,A,-,N,NA,NA,NA,NA,NA,NA,NA,NA,NA,N,3,0,1,1,A,-,03,22350,NA,N,E,I,A,A,H,-,D,D,0,NA,NA,NA,NA,Y,NA,A,01,0,1,0,0,0,0,0,0,0,-,-,34.24039840698242,-117.6518783569336,SAN BERNARDINO,UNINCORPORATED,-117.65223693847656,34.24032211303711