CASE_ID,ACCIDENT_YEAR,PROC_DATE,JURIS,COLLISION_DATE,COLLISION_TIME,OFFICER_ID,REPORTING_DISTRICT,DAY_OF_WEEK,CHP_SHIFT,POPULATION,CNTY_CITY_LOC,SPECIAL_COND,BEAT_TYPE,CHP_BEAT_TYPE,CITY_DIVISION_LAPD,CHP_BEAT_CLASS,BEAT_NUMBER,PRIMARY_RD,SECONDARY_RD,DISTANCE,DIRECTION,INTERSECTION,WEATHER_1,WEATHER_2,STATE_HWY_IND,CALTRANS_COUNTY,CALTRANS_DISTRICT,STATE_ROUTE,ROUTE_SUFFIX,POSTMILE_PREFIX,POSTMILE,LOCATION_TYPE,RAMP_INTERSECTION,SIDE_OF_HWY,TOW_AWAY,COLLISION_SEVERITY,NUMBER_KILLED,NUMBER_INJURED,PARTY_COUNT,PRIMARY_COLL_FACTOR,PCF_CODE_OF_VIOL,PCF_VIOL_CATEGORY,PCF_VIOLATION,PCF_VIOL_SUBSECTION,HIT_AND_RUN,TYPE_OF_COLLISION,MVIW,PED_ACTION,ROAD_SURFACE,ROAD_COND_1,ROAD_COND_2,LIGHTING,CONTROL_DEVICE,CHP_ROAD_TYPE,PEDESTRIAN_ACCIDENT,BICYCLE_ACCIDENT,MOTORCYCLE_ACCIDENT,TRUCK_ACCIDENT,NOT_PRIVATE_PROPERTY,ALCOHOL_INVOLVED,STWD_VEHTYPE_AT_FAULT,CHP_VEHTYPE_AT_FAULT,COUNT_SEVERE_INJ,COUNT_VISIBLE_INJ,COUNT_COMPLAINT_PAIN,COUNT_PED_KILLED,COUNT_PED_INJURED,COUNT_BICYCLIST_KILLED,COUNT_BICYCLIST_INJURED,COUNT_MC_KILLED,COUNT_MC_INJURED,PRIMARY_RAMP,SECONDARY_RAMP,LATITUDE,LONGITUDE,COUNTY,CITY,POINT_X,POINT_Y
94466021,2024,2024-11-12,9860,2024-10-30,945,016536,NA,3,1,9,3600,0,1,3,NA,1,382,STATE ROUTE 38,VALLEY OF THE FALLS DRIVE,330,W,N,A,-,Y,SBD,NA,38,NA,NA,14.913,H,NA,R,Y,4,0,3,2,A,-,05,21460,A,N,A,C,A,A,H,-,A,D,0,NA,NA,NA,NA,Y,NA,A,01,0,0,3,0,0,0,0,0,0,-,-,34.095611572265625,-116.95990753173828,SAN BERNARDINO,UNINCORPORATED,-116.95992279052734,34.0955924987793
9446606,2022,2022-06-16,3600,2022-05-04,1139,H5821,HE104,3,5,5,3619,0,0,0,NA,0,HE1,BEAR VALLEY RD,5TH AV,0,NA,Y,A,-,N,NA,NA,NA,NA,NA,NA,NA,NA,NA,Y,4,0,2,2,A,-,09,21800,D,N,D,C,A,A,H,-,A,B,0,NA,NA,NA,NA,Y,NA,A,01,0,0,2,0,0,0,0,0,0,-,-,NA,NA,SAN BERNARDINO,HESPERIA,-117.30801391601563,34.47080993652344
94466115,2024,2024-11-12,9855,2024-11-04,2340,022607,NA,1,3,6,3604,0,1,1,NA,2,201,SR-210 E/B (FOOTHILL FWY),CITRUS AVENUE,1584,W,N,A,-,Y,SBD,NA,210,NA,NA,13.615,H,NA,R,Y,3,0,3,2,A,-,03,22350,NA,N,C,C,A,A,H,-,D,D,0,NA,NA,NA,NA,Y,NA,D,22,0,1,2,0,0,0,0,0,0,-,-,34.13628005981445,-117.45902252197266,SAN BERNARDINO,FONTANA,-117.45902252197266,34.13630294799805
94466800,2024,2024-11-12,9850,2024-11-11,915,023165,NA,1,1,9,3600,0,1,3,NA,2,052,CA-138,PHELAN ROAD,0,NA,Y,A,-,Y,SBD,NA,138,NA,NA,2.907,H,NA,R,Y,4,0,1,2,A,-,12,21453,A,N,D,C,A,A,H,-,A,A,0,NA,NA,NA,NA,Y,NA,A,01,0,0,1,0,0,0,0,0,0,-,-,34.42621994018555,-117.6192626953125,SAN BERNARDINO,UNINCORPORATED,-117.6192626953125,34.42621994018555
94468107,2024,2024-11-13,9855,2024-11-08,1850,023010,NA,5,2,6,3616,0,1,1,NA,2,203,SR-210 E/B (FOOTHILL FWY),CARNELIAN ST.,1900,W,N,A,-,Y,SBD,NA,210,NA,NA,4.221,H,NA,R,N,4,0,1,2,A,-,01,23152,A,N,C,C,A,A,H,-,D,D,0,NA,NA,NA,NA,Y,Y,A,07,0,0,1,0,0,0,0,0,0,-,-,34.13481140136719,-117.62284088134766,SAN BERNARDINO,RANCHO CUCAMONGA,-117.62284088134766,34.13478088378906
94469870,2024,2024-11-14,9855,2024-11-12,730,015919,NA,2,1,9,3600,0,3,5,NA,2,004,RIVERSIDE DRIVE,EAST END AVENUE,250,E,N,A,-,N,NA,NA,NA,NA,NA,NA,NA,NA,NA,N,4,0,2,2,A,-,09,21804,A,N,B,C,A,A,H,-,A,D,0,NA,NA,NA,NA,Y,NA,A,01,0,0,2,0,0,0,0,0,0,-,-,34.01887893676758,-117.72335052490234,SAN BERNARDINO,UNINCORPORATED,-117.72335815429688,34.01885986328125
94470149,2024,2024-11-14,9855,2024-11-13,920,018313,NA,3,1,6,3607,0,1,1,NA,2,101,I-10 W/B (SAN BERNARDINO FWY),MILLIKEN AVE,700,E,N,A,-,Y,SBD,NA,10,NA,NA,9.468,H,NA,L,N,4,0,1,2,A,-,03,22350,NA,N,C,C,A,A,H,-,A,D,0,NA,NA,NA,NA,Y,NA,A,01,0,0,1,0,0,0,0,0,0,-,-,34.06769943237305,-117.55309295654295,SAN BERNARDINO,ONTARIO,-117.55309295654295,34.06755065917969
9447085,2022,2022-05-25,3600,2022-05-10,1207,F3800,YC309,2,5,4,3640,0,0,0,NA,0,YC3,AVENUE H,5TH ST,0,NA,Y,A,-,N,NA,NA,NA,NA,NA,NA,NA,NA,NA,N,4,0,1,2,A,-,10,21950,A,N,G,B,B,A,H,-,A,A,0,Y,NA,NA,NA,Y,NA,A,07,0,0,1,0,1,0,0,0,0,-,-,NA,NA,SAN BERNARDINO,YUCAIPA,-117.05625152587892,34.01026153564453
94472795,2024,2024-11-18,9855,2024-11-14,1145,021006,NA,4,1,9,3600,0,3,5,NA,2,001,CHERRY AVENUE (8700 BLOCK),WHITTRAM AVENUE,100,S,N,A,-,N,NA,NA,NA,NA,NA,NA,NA,NA,NA,N,4,0,1,2,A,-,06,21755,A,N,B,C,A,A,H,-,A,A,0,NA,NA,NA,NA,Y,NA,A,01,0,0,1,0,0,0,0,0,0,-,-,34.09553146362305,-117.4889907836914,SAN BERNARDINO,UNINCORPORATED,-117.48886871337892,34.09546661376953
9447471,2022,2022-07-21,3600,2022-03-24,1000,I3314,AD107,4,5,3,3613,0,0,0,NA,0,AD1,ADELANTO RD,RANCHO RD,5,S,N,A,-,N,NA,NA,NA,NA,NA,NA,NA,NA,NA,N,3,0,1,2,A,-,08,22107,NA,N,B,C,A,A,H,-,A,A,0,NA,NA,NA,Y,Y,NA,F,27,0,1,0,0,0,0,0,0,0,-,-,NA,NA,SAN BERNARDINO,ADELANTO,-117.40062713623048,34.55939483642578
94475506,2024,2024-11-19,9860,2024-11-09,1440,021169,NA,6,2,9,3600,0,3,5,NA,2,002,OGDEN ST,JUNE ST,0,NA,Y,A,-,N,NA,NA,NA,NA,NA,NA,NA,NA,NA,N,4,0,1,2,A,-,09,21802,A,N,D,C,A,A,H,-,A,A,0,NA,NA,NA,NA,Y,NA,D,22,0,0,1,0,0,0,0,0,0,-,-,34.1578483581543,-117.34857177734376,SAN BERNARDINO,UNINCORPORATED,-117.34860229492188,34.15781784057617
94475905,2024,2024-11-19,9850,2024-11-11,2235,018211,NA,1,3,9,3600,0,2,4,NA,2,066,PHELAN RD,BALDY MESA RD,0,NA,Y,A,-,N,NA,NA,NA,NA,NA,NA,NA,NA,NA,Y,4,0,1,2,A,-,12,21453,A,N,A,C,A,A,H,-,C,A,0,NA,NA,NA,NA,Y,NA,A,07,0,0,1,0,0,0,0,0,0,-,-,34.42655944824219,-117.4509506225586,SAN BERNARDINO,UNINCORPORATED,-117.45098876953124,34.42652130126953
94476760,2024,2024-11-20,9834,2024-11-18,1155,024030,NA,1,1,9,3600,0,1,3,NA,1,062,SR-62,062 SBD 98.00,137,E,N,A,-,Y,SBD,NA,62,NA,NA,98.058,H,NA,R,Y,3,0,1,2,A,-,08,22107,NA,N,B,C,A,A,H,-,A,D,0,NA,NA,NA,Y,Y,NA,A,07,0,1,0,0,0,0,0,0,0,-,-,34.09968948364258,-115.00473785400392,SAN BERNARDINO,UNINCORPORATED,-115.00473785400392,34.09968185424805
9447696,2022,2022-11-04,3610,2022-09-15,2345,50705,NA,4,5,6,3610,0,0,0,NA,0,POLICE,N BANGOR AV,E CITRUS ST,0,NA,Y,A,-,N,NA,NA,NA,NA,NA,NA,NA,NA,NA,Y,4,0,2,2,A,-,12,22450,A,N,D,C,A,A,H,-,C,A,0,NA,NA,NA,NA,Y,Y,A,01,0,0,2,0,0,0,0,0,0,-,-,34.14487838745117,-117.21971893310548,SAN BERNARDINO,SAN BERNARDINO,-117.21971130371094,34.144893646240234
94477350,2024,2024-11-20,9865,2024-11-18,1158,017808,NA,1,1,9,3600,0,3,5,NA,2,002,LIVE OAK DR,KNOLL VIEW DR,410,S,N,A,-,N,NA,NA,NA,NA,NA,NA,NA,NA,NA,Y,4,0,1,1,A,-,08,22107,NA,N,E,8,A,C,H,-,A,D,0,NA,NA,NA,NA,Y,NA,D,22,0,0,1,0,0,0,0,0,0,-,-,34.20914840698242,-117.13358306884766,SAN BERNARDINO,UNINCORPORATED,-117.13589477539063,34.20874786376953
94478177,2024,2024-11-21,9860,2024-10-14,1631,020282,NA,1,2,4,3603,0,1,1,NA,2,214,I-215 N/B,STEEL RD,387,N,N,A,-,Y,SBD,NA,215,NA,NA,3.919,H,NA,R,N,4,0,1,2,A,-,03,22350,NA,F,C,C,A,A,H,-,A,D,0,NA,NA,NA,NA,Y,NA,A,07,0,0,1,0,0,0,0,0,0,-,-,34.062259674072266,-117.29663848876952,SAN BERNARDINO,COLTON,-117.29672241210938,34.06227111816406
9447891,2022,2022-09-29,3600,2022-09-02,1233,F8172,HE107,5,5,5,3619,0,0,0,NA,0,HE1,BALSAM AV,SYCAMORE ST,0,NA,Y,A,-,N,NA,NA,NA,NA,NA,NA,NA,NA,NA,Y,3,0,2,2,A,-,09,21802,A,N,D,C,A,A,H,-,A,A,0,NA,NA,NA,NA,Y,Y,A,01,0,1,1,0,0,0,0,0,0,-,-,NA,NA,SAN BERNARDINO,HESPERIA,-117.32984924316406,34.46342086791992
9447894,2022,2022-09-29,3600,2022-09-01,1359,F8172,HE133,4,5,5,3619,0,0,0,NA,0,HE5,2ND AV,MAIN ST,4,S,N,A,-,N,NA,NA,NA,NA,NA,NA,NA,NA,NA,N,4,0,1,2,A,-,00,21754,A,N,B,C,A,A,H,-,A,A,0,NA,NA,NA,NA,Y,NA,A,01,0,0,1,0,0,0,0,0,0,-,-,NA,NA,SAN BERNARDINO,HESPERIA,-117.30484771728516,34.422019958496094
94481622,2024,2024-11-25,9860,2024-11-10,2148,022890,NA,7,2,6,3610,0,1,1,NA,2,202,SR-210 E/B,ARDEN AVE,3538,E,N,A,-,Y,SBD,NA,210,NA,R,27.521,H,NA,R,N,4,0,2,2,A,-,07,21658,A,F,C,C,A,A,H,-,D,D,0,NA,NA,NA,NA,Y,NA,A,01,0,0,2,0,0,0,0,0,0,-,-,34.13180923461914,-117.22405242919922,SAN BERNARDINO,SAN BERNARDINO,-117.22405242919922,34.13182067871094
94484050,2024,2024-11-26,9860,2024-11-21,1820,022439,NA,4,2,3,3615,0,1,1,NA,2,104,I-10 W/B,RICHARDSON ST,360,W,N,A,-,Y,SBD,NA,10,NA,NA,26.734,H,NA,L,N,4,0,2,2,A,-,03,22350,NA,N,C,C,A,A,H,-,D,D,0,NA,NA,NA,NA,Y,NA,A,01,0,0,2,0,0,0,0,0,0,-,-,34.06623840332031,-117.25367736816406,SAN BERNARDINO,LOMA LINDA,-117.25370025634766,34.06629180908203
9448441,2022,2022-06-08,3600,2022-05-22,0810,F5717,HE414,7,5,5,3619,0,0,0,NA,0,HE4,I AV,DANBURY AV,476,S,N,A,-,N,NA,NA,NA,NA,NA,NA,NA,NA,NA,N,4,0,1,2,A,-,06,21755,NA,N,B,C,A,A,H,-,A,A,0,NA,NA,NA,NA,Y,NA,A,01,0,0,1,0,0,0,0,0,0,-,-,34.39897155761719,-117.28044128417967,SAN BERNARDINO,HESPERIA,-117.28064727783205,34.39896011352539
94486854,2024,2024-11-28,9860,2024-11-13,2148,022439,NA,3,2,3,3615,0,1,1,NA,2,104,I-10 W/B,MOUNTAIN VIEW AVE,650,E,N,A,-,Y,SBD,NA,10,NA,NA,27.444,H,NA,L,Y,2,0,1,1,A,-,08,22107,NA,N,E,8,A,A,H,-,A,D,0,NA,NA,NA,NA,Y,NA,A,01,1,0,0,0,0,0,0,0,0,-,-,34.066768646240234,-117.24143981933594,SAN BERNARDINO,LOMA LINDA,-117.24143981933594,34.06673049926758
94486859,2024,2024-11-28,9860,2024-11-25,1715,022439,NA,1,2,3,3615,0,1,1,NA,2,104,I-10 W/B,CALIFORNIA STREET,2100,W,N,A,-,Y,SBD,NA,10,NA,NA,27.893,H,NA,L,N,4,0,2,3,A,-,03,22350,NA,N,C,C,A,A,H,-,B,D,0,NA,NA,NA,Y,Y,NA,G,25,0,0,2,0,0,0,0,0,0,-,-,34.06671905517578,-117.233642578125,SAN BERNARDINO,LOMA LINDA,-117.233642578125,34.06672668457031
94487172,2024,2024-11-28,9835,2024-11-26,1636,021160,NA,2,2,9,3600,0,1,1,NA,2,043,E/B I-40 JWO HIDDEN SPRINGS ROAD,HIDDEN SPRINGS ROAD,4013,W,N,B,-,Y,SBD,NA,40,NA,R,11.438,H,NA,R,Y,3,0,2,2,A,-,01,23153,A,F,C,C,A,A,H,-,D,D,0,NA,NA,NA,NA,Y,Y,D,22,0,2,0,0,0,0,0,0,0,-,-,34.84273147583008,-116.81683349609376,SAN BERNARDINO,UNINCORPORATED,-116.81682586669922,34.84273910522461
94488066,2024,2024-12-02,9850,2024-11-29,202,021384,NA,5,3,9,3600,0,1,3,NA,2,060,SR-138,PHELAN RD,1200,W,N,A,-,Y,SBD,NA,138,NA,NA,2.682,H,NA,R,Y,2,0,4,4,A,-,01,23152,A,F,D,C,A,A,H,-,D,D,0,NA,NA,NA,NA,Y,Y,D,22,3,1,0,0,0,0,0,0,0,-,-,34.42787170410156,-117.62254333496094,SAN BERNARDINO,UNINCORPORATED,-117.62254333496094,34.42787170410156
94489954,2024,2024-12-23,9855,2024-11-17,1327,021543,NA,7,1,6,3607,0,1,1,NA,2,101,I-10 E/B (SAN BERNARDINO FWY),MILLIKEN AVE.,1056,E,N,A,-,Y,SBD,NA,10,NA,NA,9.295,H,NA,R,N,4,0,1,3,A,-,08,22107,NA,N,B,C,A,A,H,-,A,D,0,NA,NA,NA,NA,Y,NA,D,22,0,0,1,0,0,0,0,0,0,-,-,34.067230224609375,-117.5561294555664,SAN BERNARDINO,ONTARIO,-117.5561294555664,34.06736755371094
9449073,2022,2022-06-10,3604,2022-05-17,1121,1429,NA,2,5,6,3604,0,0,0,NA,0,003,VALLEY BL,LIVE OAK AV,93,E,N,A,-,N,NA,NA,NA,NA,NA,NA,NA,NA,NA,N,3,0,1,2,D,-,00,NA,NA,F,C,G,A,A,H,-,A,D,0,NA,Y,NA,NA,Y,NA,-,-,0,1,0,0,0,0,1,0,0,-,-,NA,NA,SAN BERNARDINO,FONTANA,-117.47964477539063,34.07020950317383
9449111,2022,2022-06-21,3600,2022-05-27,1422,F8247,HE410,5,5,5,3619,0,0,0,NA,0,HE4,ARROWHEAD LAKE RD,SUTTER ST,0,NA,Y,A,-,N,NA,NA,NA,NA,NA,NA,NA,NA,NA,Y,3,0,2,2,A,-,09,21802,A,N,D,C,A,A,H,-,A,A,0,NA,NA,NA,NA,Y,NA,A,07,0,2,0,0,0,0,0,0,0,-,-,NA,NA,SAN BERNARDINO,HESPERIA,-117.25135803222656,34.40681838989258
94491188,2024,2024-12-04,9855,2024-11-22,1730,023010,NA,5,2,6,3607,0,1,1,NA,2,152,I-15 S/B (ONTARIO FWY),JURUPA ST.,1200,S,N,A,-,Y,SBD,NA,15,NA,NA,0.569,H,NA,L,N,4,0,1,2,A,-,03,22350,NA,N,C,C,A,A,H,-,D,D,0,NA,NA,NA,NA,Y,NA,A,01,0,0,1,0,0,0,0,0,0,-,-,34.041690826416016,-117.55039215087892,SAN BERNARDINO,ONTARIO,-117.55043029785156,34.041690826416016
9449409,2022,2022-06-01,3600,2022-04-29,1132,J2651,VC023,5,5,5,3612,0,0,0,NA,0,VC03,5TH AV,BEARVALLEY RD,23,N,N,A,-,N,NA,NA,NA,NA,NA,NA,NA,NA,NA,Y,4,0,1,2,A,-,08,22107,NA,N,B,C,A,A,H,-,A,A,0,NA,NA,NA,NA,Y,NA,A,01,0,0,1,0,0,0,0,0,0,-,-,34.47087097167969,-117.30799102783205,SAN BERNARDINO,VICTORVILLE,-117.30800628662108,34.47087478637695
9449410,2022,2022-06-01,3600,2022-04-30,1227,D3381,VC025,6,5,5,3612,0,0,0,NA,0,VC3,BALSAM RD,NISQUALLI RD,0,NA,Y,A,-,N,NA,NA,NA,NA,NA,NA,NA,NA,NA,Y,4,0,1,2,A,-,09,21804,A,N,D,C,A,A,H,-,A,A,0,NA,NA,NA,NA,Y,NA,A,01,0,0,1,0,0,0,0,0,0,-,-,34.48514938354492,-117.32998657226563,SAN BERNARDINO,VICTORVILLE,-117.3300323486328,34.485172271728516
9449411,2022,2022-06-01,3600,2022-04-20,1537,H9747,VC016,3,5,5,3612,0,0,0,NA,0,VC2,7TH ST,E SAGE ST,50,N,N,A,-,N,NA,NA,NA,NA,NA,NA,NA,NA,NA,N,4,0,1,2,A,-,09,21801,A,N,D,C,A,-,H,-,A,A,0,NA,NA,NA,NA,Y,NA,A,07,0,0,1,0,0,0,0,0,0,-,-,34.511051177978516,-117.31854248046876,SAN BERNARDINO,VICTORVILLE,-117.31844329833984,34.51116180419922
9449418,2022,2022-05-31,3600,2022-04-05,0711,G9963,VC059,2,5,5,3612,0,0,0,NA,0,VC4,BEAR VALLEY RD,JADE RD,177,W,N,A,-,N,NA,NA,NA,NA,NA,NA,NA,NA,NA,N,3,0,1,1,A,-,07,21658,A,F,E,I,A,A,H,-,A,D,0,NA,NA,NA,NA,Y,NA,A,07,0,1,0,0,0,0,0,0,0,-,-,NA,NA,SAN BERNARDINO,VICTORVILLE,-117.36954498291016,34.47037124633789
94494775,2024,2024-12-06,9860,2024-10-10,400,020282,NA,4,3,9,3600,0,1,3,NA,1,010,SR-138,I-15,4752,E,N,A,-,Y,SBD,NA,138,NA,R,16.039,H,NA,R,Y,4,0,1,2,A,-,07,21658,A,F,B,C,A,A,H,-,C,D,0,NA,NA,NA,NA,Y,NA,A,01,0,0,1,0,0,0,0,0,0,-,-,34.31806945800781,-117.46334838867188,SAN BERNARDINO,UNINCORPORATED,-117.46330261230467,34.31803894042969
94496374,2024,2024-12-12,9855,2024-11-24,138,022900,NA,7,3,6,3607,0,1,3,NA,2,601,SR-60 W/B FROM GROVE AVENUE,GROVE AVENUE,30,W,N,B,C,Y,NA,NA,NA,NA,NA,NA,NA,NA,NA,N,3,0,1,1,A,-,01,23152,A,F,E,I,A,B,H,-,C,A,0,NA,NA,NA,NA,Y,Y,A,01,0,1,0,0,0,0,0,0,0,-,-,34.03107833862305,-117.62869262695313,SAN BERNARDINO,ONTARIO,-117.62752532958984,34.030601501464844
94498311,2024,2024-12-13,9865,2024-11-28,1515,020872,NA,4,2,9,3600,0,1,3,NA,1,030,SR-18,FOREST ROAD 2N15,3696,S,N,A,-,Y,SBD,NA,18,NA,NA,41.722,H,NA,R,Y,3,0,6,3,A,-,05,21460,NA,N,B,C,A,A,H,-,A,D,0,NA,NA,NA,NA,Y,NA,A,07,0,2,4,0,0,0,0,0,0,-,-,34.24937057495117,-117.0107192993164,SAN BERNARDINO,UNINCORPORATED,-117.01071166992188,34.24937438964844
94501856,2024,2024-12-13,9860,2024-12-02,1315,020533,NA,1,1,9,3600,0,1,1,NA,2,105,I-10 W/B,NEW YORK ST,475,E,N,A,-,Y,SBD,NA,10,NA,NA,30.21,H,NA,L,N,4,0,1,3,A,-,08,22107,NA,N,B,C,A,A,H,-,A,D,0,NA,NA,NA,NA,Y,NA,A,07,0,0,1,0,0,0,0,0,0,-,-,34.062538146972656,-117.19423675537108,SAN BERNARDINO,UNINCORPORATED,-117.1942901611328,34.06242370605469
94501894,2024,2024-12-13,9860,2024-07-04,450,020282,NA,4,3,5,3608,0,1,1,NA,2,203,STATE ROUTE 210 WESTBOUND,5TH STREET,4752,E,N,A,-,Y,SBD,NA,210,NA,R,31.119,H,NA,L,N,2,0,1,2,A,-,11,21956,A,N,G,B,E,A,H,-,D,D,0,Y,NA,NA,NA,Y,NA,N,60,1,0,0,0,1,0,0,0,0,-,-,34.0953483581543,-117.20023345947266,SAN BERNARDINO,REDLANDS,-117.20027923583984,34.09535217285156
94502880,2024,2024-12-13,9860,2024-11-23,2207,023234,NA,6,3,6,3610,0,1,1,NA,2,216,I-215 N/B,DEVORE RD,528,S,N,B,C,Y,SBD,NA,215,NA,NA,16.216,H,NA,R,N,4,0,1,1,A,-,03,22350,NA,N,E,I,A,B,H,-,D,D,0,NA,NA,NA,NA,Y,NA,D,22,0,0,1,0,0,0,0,0,0,-,-,34.21195983886719,-117.38823699951172,SAN BERNARDINO,SAN BERNARDINO,-117.38829040527344,34.211917877197266
94504796,2024,2024-12-16,9860,2024-11-15,1604,022359,NA,5,2,9,3600,0,1,1,NA,2,151,I-15 S/B,KENWOOD AVE,3168,N,N,B,C,Y,SBD,NA,15,NA,R,15.57,H,NA,L,Y,2,0,3,2,A,-,03,22350,NA,N,C,E,A,B,H,-,D,D,0,NA,NA,NA,NA,Y,NA,A,01,1,2,0,0,0,0,0,0,0,-,-,34.24222946166992,-117.4325714111328,SAN BERNARDINO,UNINCORPORATED,-117.4326400756836,34.24216842651367
94508631,2024,2024-12-18,9835,2024-12-15,1440,022968,NA,7,2,3,3601,0,3,5,NA,2,032,RIMROCK RD.,K ST.,0,NA,Y,A,-,N,NA,NA,NA,NA,NA,NA,NA,NA,NA,Y,4,0,1,2,A,-,12,22450,A,N,D,C,A,A,H,-,A,A,0,NA,NA,NA,NA,Y,NA,A,01,0,0,1,0,0,0,0,0,0,-,-,34.877410888671875,-117.05410003662108,SAN BERNARDINO,BARSTOW,-117.05410003662108,34.87736511230469
94511771,2024,2024-12-20,9850,2024-10-11,2340,022734,NA,5,3,9,3600,0,1,1,NA,2,083,I-15 S/B,QUARRY RD,651,S,N,A,-,Y,SBD,NA,15,NA,NA,49.112,H,NA,L,Y,3,0,1,2,A,-,01,23152,A,M,C,C,A,A,H,-,D,D,0,NA,NA,NA,NA,Y,Y,A,01,0,1,0,0,0,0,0,0,0,-,-,34.610748291015625,-117.24421691894533,SAN BERNARDINO,UNINCORPORATED,-117.24420166015624,34.61073684692383
9451444,2022,2022-07-07,3600,2022-04-05,1711,F8939,NE008,2,5,2,3606,0,0,0,NA,0,001,RT 95,FIVE MILE RD,315,N,N,A,-,Y,SBD,8,95,-,-,53.22,H,-,N,Y,4,0,1,1,A,-,07,21658,NA,N,F,A,A,A,H,-,A,D,0,NA,NA,NA,Y,Y,NA,G,25,0,0,1,0,0,0,0,0,0,-,-,NA,NA,SAN BERNARDINO,NEEDLES,-114.5963897705078,34.771121978759766
9451455,2022,2022-07-06,3610,2022-05-13,1856,51338,NA,5,5,6,3610,0,0,0,NA,0,POLICE,N STATE ST,WEST HIGHLAND AV,0,NA,Y,A,-,N,NA,NA,NA,NA,NA,NA,NA,NA,NA,Y,2,0,4,3,A,-,01,23152,G,N,D,C,A,A,H,-,A,A,0,NA,NA,NA,NA,Y,Y,D,22,2,0,2,0,0,0,0,0,0,-,-,34.13610076904297,-117.33545684814452,SAN BERNARDINO,SAN BERNARDINO,-117.33546447753906,34.13610076904297
94515742,2024,2024-12-24,9855,2024-11-16,218,022895,NA,6,3,5,3611,0,1,1,NA,2,203,STATE ROUTE 210 EASTBOUND (FOOTHILL FREEWAY),BASE LINE ROAD,1293,E,N,A,-,Y,SBD,NA,210,NA,NA,0.002,H,NA,R,Y,1,3,1,2,A,-,01,23152,A,N,C,C,A,A,H,-,D,D,0,NA,NA,NA,Y,Y,Y,A,01,1,0,0,0,0,0,0,0,0,-,-,34.124141693115234,-117.69239807128906,SAN BERNARDINO,UPLAND,-117.69248199462892,34.12422180175781
94516331,2024,2024-12-26,9855,2024-11-29,1728,024083,NA,5,2,9,3600,0,1,3,NA,1,011,CHERRY AVE. (9300 BLOCK),HAWTHORNE,20,S,N,A,-,N,NA,NA,NA,NA,NA,NA,NA,NA,NA,Y,4,0,1,2,A,-,08,22100,NA,N,D,C,A,A,H,-,D,D,0,NA,NA,NA,NA,Y,NA,A,01,0,0,1,0,0,0,0,0,0,-,-,34.08190155029297,-117.48876190185548,SAN BERNARDINO,UNINCORPORATED,-117.48889923095705,34.08191680908203
9451643,2022,2022-06-23,3604,2022-05-11,0800,D181,H18E1,3,5,6,3604,0,0,0,NA,0,NA,ALMERIA AV,FAIRVIEW DR,163,S,N,A,-,N,NA,NA,NA,NA,NA,NA,NA,NA,NA,Y,3,0,3,2,A,-,08,22103,NA,N,D,C,A,A,H,-,A,D,0,NA,NA,NA,NA,Y,NA,A,01,0,2,1,0,0,0,0,0,0,-,-,NA,NA,SAN BERNARDINO,FONTANA,-117.4602279663086,34.11178207397461
94516570,2024,2024-12-26,9850,2024-12-12,1106,021342,NA,4,1,9,3600,0,1,3,NA,2,040,SR-18 W/B,RABBIT SPRINGS RD,550,E,N,F,-,Y,SBD,NA,18,NA,NA,76.921,H,NA,L,Y,4,0,1,4,A,-,03,22350,NA,N,C,C,A,A,H,-,A,D,0,NA,NA,NA,NA,Y,NA,A,07,0,0,1,0,0,0,0,0,0,-,-,34.44990921020508,-117.0040283203125,SAN BERNARDINO,UNINCORPORATED,-117.00404357910156,34.449886322021484
94516719,2024,2024-12-26,9855,2024-12-16,1630,015763,NA,1,2,6,3607,0,1,3,NA,2,601,SR-60 E/B (POMONA FWY),GROVE AVENUE,1584,W,N,A,-,Y,SBD,NA,60,NA,R,5.541,H,NA,R,N,4,0,1,2,A,-,03,22350,NA,N,C,C,A,A,H,-,A,D,0,NA,NA,NA,NA,Y,NA,A,07,0,0,1,0,0,0,0,0,0,-,-,34.030399322509766,-117.63414001464844,SAN BERNARDINO,ONTARIO,-117.63414001464844,34.030391693115234
94518908,2024,2024-12-30,9855,2024-12-23,1235,020216,NA,1,1,6,3607,0,1,1,NA,2,101,I-10 W/B (SAN BERNARDINO FWY),HAVEN AVE.,3168,E,N,A,-,Y,SBD,NA,10,NA,NA,8.688,H,NA,L,N,4,0,2,2,A,-,03,22350,NA,N,C,C,A,A,H,-,A,D,0,NA,NA,NA,NA,Y,NA,D,22,0,0,2,0,0,0,0,0,0,-,-,34.06761932373047,-117.56670379638672,SAN BERNARDINO,ONTARIO,-117.56670379638672,34.067623138427734