CASE_ID,ACCIDENT_YEAR,PROC_DATE,JURIS,COLLISION_DATE,COLLISION_TIME,OFFICER_ID,REPORTING_DISTRICT,DAY_OF_WEEK,CHP_SHIFT,POPULATION,CNTY_CITY_LOC,SPECIAL_COND,BEAT_TYPE,CHP_BEAT_TYPE,CITY_DIVISION_LAPD,CHP_BEAT_CLASS,BEAT_NUMBER,PRIMARY_RD,SECONDARY_RD,DISTANCE,DIRECTION,INTERSECTION,WEATHER_1,WEATHER_2,STATE_HWY_IND,CALTRANS_COUNTY,CALTRANS_DISTRICT,STATE_ROUTE,ROUTE_SUFFIX,POSTMILE_PREFIX,POSTMILE,LOCATION_TYPE,RAMP_INTERSECTION,SIDE_OF_HWY,TOW_AWAY,COLLISION_SEVERITY,NUMBER_KILLED,NUMBER_INJURED,PARTY_COUNT,PRIMARY_COLL_FACTOR,PCF_CODE_OF_VIOL,PCF_VIOL_CATEGORY,PCF_VIOLATION,PCF_VIOL_SUBSECTION,HIT_AND_RUN,TYPE_OF_COLLISION,MVIW,PED_ACTION,ROAD_SURFACE,ROAD_COND_1,ROAD_COND_2,LIGHTING,CONTROL_DEVICE,CHP_ROAD_TYPE,PEDESTRIAN_ACCIDENT,BICYCLE_ACCIDENT,MOTORCYCLE_ACCIDENT,TRUCK_ACCIDENT,NOT_PRIVATE_PROPERTY,ALCOHOL_INVOLVED,STWD_VEHTYPE_AT_FAULT,CHP_VEHTYPE_AT_FAULT,COUNT_SEVERE_INJ,COUNT_VISIBLE_INJ,COUNT_COMPLAINT_PAIN,COUNT_PED_KILLED,COUNT_PED_INJURED,COUNT_BICYCLIST_KILLED,COUNT_BICYCLIST_INJURED,COUNT_MC_KILLED,COUNT_MC_INJURED,PRIMARY_RAMP,SECONDARY_RAMP,LATITUDE,LONGITUDE,COUNTY,CITY,POINT_X,POINT_Y
9530248,2022,2022-11-29,3600,2022-10-05,1025,J1624,VC3,3,5,5,3612,0,0,0,NA,0,VC021,HESPERIA RD,NISQUALLI RD,43,S,N,A,-,N,NA,NA,NA,NA,NA,NA,NA,NA,NA,N,3,0,1,1,C,-,18,NA,NA,N,H,A,A,A,H,-,A,A,0,NA,NA,Y,NA,Y,NA,-,-,0,1,0,0,0,0,0,0,1,-,-,34.485511779785156,-117.29013824462892,SAN BERNARDINO,VICTORVILLE,-117.2901611328125,34.485382080078125
9530649,2022,2022-11-29,3608,2022-09-27,0705,3675,NA,2,5,5,3608,0,0,0,NA,0,NA,EUREKA ST,REDLANDS BL,0,NA,Y,A,-,N,NA,NA,NA,NA,NA,NA,NA,NA,NA,Y,4,0,1,2,A,-,00,21450,NA,N,D,C,A,A,H,-,A,A,0,NA,NA,NA,NA,Y,NA,A,01,0,0,1,0,0,0,0,0,0,-,-,NA,NA,SAN BERNARDINO,REDLANDS,-117.18576049804688,34.05733108520508
9530723,2022,2022-12-02,3610,2022-10-17,1930,51382,NA,1,5,6,3610,0,0,0,NA,0,BAKER,W 30TH ST,NORTH ARROWHEAD AV,0,NA,Y,A,-,N,NA,NA,NA,NA,NA,NA,NA,NA,NA,Y,4,0,1,2,A,-,08,22107,NA,N,D,C,A,A,H,-,C,A,0,NA,NA,NA,NA,Y,NA,A,07,0,0,1,0,0,0,0,0,0,-,-,34.14598846435547,-117.28958892822266,SAN BERNARDINO,SAN BERNARDINO,-117.28955841064452,34.145999908447266
9530725,2022,2022-12-19,3610,2022-10-19,1050,51349,NA,3,5,6,3610,0,0,0,NA,0,NA,ARDEN AV,EAST HIGHLAND AV,934,S,N,A,-,N,NA,NA,NA,NA,NA,NA,NA,NA,NA,Y,4,0,1,2,B,-,22,NA,NA,N,E,I,A,A,H,-,A,D,0,NA,NA,NA,NA,Y,NA,A,01,0,0,1,0,0,0,0,0,0,-,-,34.13373947143555,-117.23487854003906,SAN BERNARDINO,SAN BERNARDINO,-117.23489379882813,34.13328170776367
9531328,2022,2022-12-22,3600,2022-11-11,1732,G3845,YC103,5,5,4,3640,0,0,0,NA,0,YC1,SAND CANYON RD,CHAPMAN HEIGHTS RD,12,N,N,A,-,N,NA,NA,NA,NA,NA,NA,NA,NA,NA,Y,4,0,1,2,A,-,09,21801,NA,N,D,C,A,A,H,-,C,D,0,NA,NA,NA,NA,Y,NA,A,01,0,0,1,0,0,0,0,0,0,-,-,NA,NA,SAN BERNARDINO,YUCAIPA,-117.09626770019533,34.03593444824219
9531798,2022,2022-11-21,3600,2022-10-25,0622,G5408,AP018,2,5,5,3621,0,0,0,NA,0,AP4,NAVAJO RD,OTTAWA RD,0,NA,Y,A,-,N,NA,NA,NA,NA,NA,NA,NA,NA,NA,N,4,0,1,2,A,-,09,21802,A,N,D,G,A,A,H,-,D,A,0,NA,Y,NA,NA,Y,NA,A,07,0,0,1,0,0,0,1,0,0,-,-,NA,NA,SAN BERNARDINO,APPLE VALLEY,-117.19021606445313,34.493247985839844
9532922,2022,2022-12-12,3600,2022-11-04,1916,I4716,HE128,5,5,5,3619,0,0,0,NA,0,HE5,MAPLE AV,WILLOW ST,0,NA,Y,A,-,N,NA,NA,NA,NA,NA,NA,NA,NA,NA,N,3,0,2,2,A,-,12,22450,A,N,D,C,A,A,H,-,C,D,0,NA,NA,NA,NA,Y,Y,A,01,0,2,0,0,0,0,0,0,0,-,-,NA,NA,SAN BERNARDINO,HESPERIA,-117.34654235839844,34.43471908569336
9532933,2022,2022-12-20,3600,2022-11-02,1711,I5423,AP005,3,5,5,3621,0,0,0,NA,0,AP1,APPLE VALLEY RD,SIESTA DR,365,S,N,A,-,N,NA,NA,NA,NA,NA,NA,NA,NA,NA,N,3,0,1,3,A,-,04,21703,NA,N,C,C,A,A,H,-,D,D,0,NA,NA,NA,NA,Y,NA,-,-,0,1,0,0,0,0,0,0,0,-,-,NA,NA,SAN BERNARDINO,APPLE VALLEY,-117.24256896972656,34.50297927856445
9533290,2023,2023-02-23,3600,2023-01-04,157,D4301,VC020,3,5,5,3612,0,0,0,NA,0,VC3,BEAR VALLEY RD,MARIPOSA RD,0,NA,Y,A,-,N,NA,NA,NA,NA,NA,NA,NA,NA,NA,N,3,0,1,2,A,-,12,21453,A,N,D,C,A,A,H,-,C,A,0,NA,NA,NA,NA,Y,Y,A,01,0,1,0,0,0,0,0,0,0,-,-,NA,NA,SAN BERNARDINO,VICTORVILLE,-117.34286499023438,34.47045135498047
9533933,2022,2023-02-02,3600,2022-12-19,1803,G3234,HI003,1,5,4,3618,0,0,0,NA,0,HI1,BASELINE ST,ELM ST,11,E,N,A,-,N,NA,NA,NA,NA,NA,NA,NA,NA,NA,Y,4,0,1,2,A,-,08,22107,NA,N,C,C,A,A,H,-,C,D,0,NA,NA,NA,NA,Y,NA,A,01,0,0,1,0,0,0,0,0,0,-,-,34.12131118774414,-117.2460708618164,SAN BERNARDINO,HIGHLAND,-117.24602508544922,34.12131118774414
9535189,2023,2023-02-15,3600,2023-01-09,2315,I5449,HE103,1,5,5,3619,0,0,0,NA,0,HE1,BEAR VALLEY RD,CYPRESS AV,13,W,N,A,-,N,NA,NA,NA,NA,NA,NA,NA,NA,NA,N,3,0,1,2,A,-,11,21954,A,N,G,B,-,B,H,-,C,D,0,Y,NA,NA,NA,Y,NA,N,60,0,1,0,0,1,0,0,0,0,-,-,NA,NA,SAN BERNARDINO,HESPERIA,-117.32557678222656,34.47060775756836
9535905,2023,2023-03-07,3600,2023-01-27,234,F8937,CH004,5,5,5,3630,0,0,0,NA,0,CH1,BOYS REPUBLIC DR,CITY CENTER DR,322,E,N,A,-,N,NA,NA,NA,NA,NA,NA,NA,NA,NA,N,3,0,2,1,A,-,01,23153,A,N,E,I,A,A,H,-,C,D,0,NA,NA,NA,NA,Y,Y,A,01,0,2,0,0,0,0,0,0,0,-,-,NA,NA,SAN BERNARDINO,CHINO HILLS,-117.7291259765625,33.997337341308594
9536064,2022,2022-12-29,3600,2022-11-27,2021,G9467,AP007,7,5,5,3621,0,0,0,NA,0,AP2,KIOWA RD,RT 18,0,NA,Y,A,-,Y,SBD,8,18,-,-,89.567,I,5,N,Y,3,0,2,2,A,-,09,21801,A,N,D,C,A,A,H,-,D,A,0,NA,NA,NA,NA,Y,Y,A,01,0,2,0,0,0,0,0,0,0,-,-,NA,NA,SAN BERNARDINO,APPLE VALLEY,-117.19900512695313,34.50728225708008
9536500,2022,2023-01-25,3600,2022-12-21,1658,I1592,VC060,3,5,5,3612,0,0,0,NA,0,VC4,RT 395,EUCALYPTUS ST,232,S,N,A,-,Y,SBD,8,395,-,-,7.59,H,-,S,Y,4,0,1,3,A,-,03,22350,NA,N,C,C,A,A,H,-,D,D,0,NA,NA,NA,NA,Y,NA,A,07,0,0,1,0,0,0,0,0,0,-,-,34.45581817626953,-117.39967346191406,SAN BERNARDINO,VICTORVILLE,-117.39966583251952,34.45520782470703
9536846,2022,2023-01-14,3600,2022-11-15,0505,G233,RC016,2,5,6,3616,0,0,0,NA,0,RC6,4TH ST,RICHMOND PL,0,NA,Y,A,-,N,NA,NA,NA,NA,NA,NA,NA,NA,NA,Y,4,0,2,2,A,-,12,21453,NA,N,D,C,A,A,H,-,C,A,0,NA,NA,NA,Y,Y,NA,A,01,0,0,2,0,0,0,0,0,0,-,-,NA,NA,SAN BERNARDINO,RANCHO CUCAMONGA,-117.55300903320313,34.077186584472656
9537146,2022,2022-12-28,3610,2022-11-27,1348,51195,NA,7,5,6,3610,0,0,0,NA,0,POLICE,E PARKDALE DR,N BROADMOOR BL,0,NA,Y,A,-,N,NA,NA,NA,NA,NA,NA,NA,NA,NA,Y,3,0,2,2,A,-,03,22350,NA,F,C,C,A,A,H,-,A,A,0,NA,NA,NA,NA,Y,NA,A,07,0,1,1,0,0,0,0,0,0,-,-,34.16489028930664,-117.28501129150392,SAN BERNARDINO,SAN BERNARDINO,-117.27796173095705,34.15872573852539
9537421,2022,2023-01-04,3600,2022-11-27,1129,14861,YV1,7,5,3,3631,0,0,0,NA,0,YV019,YUCCA MESA RD,BARRON DR,1864,N,N,A,-,N,NA,NA,NA,NA,NA,NA,NA,NA,NA,Y,3,0,1,1,A,-,03,22350,NA,N,H,A,A,A,H,-,A,D,0,NA,NA,NA,NA,Y,NA,-,-,0,1,0,0,0,0,0,0,0,-,-,34.1446418762207,-116.38967895507813,SAN BERNARDINO,YUCCA VALLEY,-116.36965942382813,34.14469909667969
9537757,2022,2023-01-12,3600,2022-12-06,2220,10430,YC302,2,5,4,3640,0,0,0,NA,0,YC2,2ND ST,WILDWOOD CANYON RD,860,N,N,A,-,N,NA,NA,NA,NA,NA,NA,NA,NA,NA,Y,2,0,1,2,A,-,01,23152,F,N,C,E,A,A,H,-,D,D,0,NA,NA,NA,NA,Y,NA,A,01,1,0,0,0,0,0,0,0,0,-,-,34.01818084716797,-117.04326629638672,SAN BERNARDINO,YUCAIPA,-117.04320526123048,34.018096923828125
9538365,2022,2023-01-10,3600,2022-10-28,0855,G7651,LL009,5,5,3,3615,0,0,0,NA,0,LL2,STEWART ST,SHEPARDSON DR,0,NA,Y,A,-,N,NA,NA,NA,NA,NA,NA,NA,NA,NA,Y,3,0,1,2,A,-,09,21801,A,N,F,C,A,A,H,-,A,D,0,NA,NA,NA,NA,Y,NA,A,01,0,1,0,0,0,0,0,0,0,-,-,NA,NA,SAN BERNARDINO,LOMA LINDA,-117.25749206542967,34.052425384521484
9538951,2022,2023-01-31,3604,2022-12-01,1545,958,NA,4,5,6,3604,0,0,0,NA,0,NA,OLEANDER AV,FREESIA LN,91,N,N,A,-,N,NA,NA,NA,NA,NA,NA,NA,NA,NA,Y,3,0,1,2,A,-,09,21801,A,N,D,C,A,A,H,-,A,D,0,NA,NA,NA,NA,Y,NA,A,07,0,1,0,0,0,0,0,0,0,-,-,NA,NA,SAN BERNARDINO,FONTANA,-117.4489517211914,34.127159118652344
9538993,2022,2023-01-20,3600,2022-12-16,1059,H5258,HE129,5,5,5,3619,0,0,0,NA,0,HE5,MAIN ST,9TH AV,0,NA,Y,A,-,N,NA,NA,NA,NA,NA,NA,NA,NA,NA,N,3,0,1,2,A,-,12,21453,A,N,D,C,A,A,H,-,A,A,0,NA,NA,NA,NA,Y,NA,A,01,0,1,0,0,0,0,0,0,0,-,-,NA,NA,SAN BERNARDINO,HESPERIA,-117.32038879394533,34.42431640625
9539258,2022,2023-02-01,3600,2022-12-29,0856,I8676,H102,4,5,5,3619,0,0,0,NA,0,HE1,OAKWOOD AV,SYCAMORE ST,0,NA,Y,A,-,N,NA,NA,NA,NA,NA,NA,NA,NA,NA,Y,4,0,2,2,A,-,09,21802,A,N,D,C,A,B,H,-,A,A,0,NA,NA,NA,NA,Y,NA,A,01,0,0,2,0,0,0,0,0,0,-,-,NA,NA,SAN BERNARDINO,HESPERIA,-117.34284210205078,34.46323013305664
9539365,2022,2023-01-20,3604,2022-11-29,1608,680,NA,2,5,6,3604,0,0,0,NA,0,NA,VALLEY BL,JUNIPER AV,0,NA,Y,A,-,N,NA,NA,NA,NA,NA,NA,NA,NA,NA,Y,4,0,3,2,A,-,12,21453,A,N,A,C,A,A,H,-,A,A,0,NA,NA,NA,NA,Y,NA,A,07,0,0,3,0,0,0,0,0,0,-,-,NA,NA,SAN BERNARDINO,FONTANA,-117.44001770019533,34.07037353515625
9541351,2022,2023-01-20,3600,2022-11-11,1407,G9963,VC069,5,5,5,3612,0,0,0,NA,0,VC5,LUNA RD,MESA VIEW DR,0,NA,Y,A,-,N,NA,NA,NA,NA,NA,NA,NA,NA,NA,Y,2,0,2,3,A,-,12,22450,A,N,D,C,A,A,H,-,A,A,0,NA,NA,NA,NA,Y,NA,A,07,1,1,0,0,0,0,0,0,0,-,-,34.492210388183594,-117.40821075439452,SAN BERNARDINO,VICTORVILLE,-117.40830230712892,34.492149353027344
9541714,2022,2023-01-06,3600,2022-10-26,2206,I6865,VC075,3,5,5,3612,0,0,0,NA,0,VC6,MOJAVE DR,VILLAGE DR,48,E,N,A,-,N,NA,NA,NA,NA,NA,NA,NA,NA,NA,Y,3,0,1,1,A,-,01,23152,A,N,E,I,A,A,H,-,C,D,0,NA,NA,NA,NA,Y,Y,A,01,0,1,0,0,0,0,0,0,0,-,-,34.5288200378418,-117.31815338134766,SAN BERNARDINO,VICTORVILLE,-117.31815338134766,34.52890396118164
9541744,2022,2023-01-10,3600,2022-11-07,1909,D3381,VC024,1,5,5,3612,0,0,0,NA,0,VC3,NISQUALLI RD,3RD AV,0,NA,Y,A,-,N,NA,NA,NA,NA,NA,NA,NA,NA,NA,Y,4,0,2,2,A,-,08,22107,NA,N,A,C,A,A,H,-,C,A,0,NA,NA,NA,NA,Y,NA,A,07,0,0,2,0,0,0,0,0,0,-,-,34.485389709472656,-117.3037109375,SAN BERNARDINO,VICTORVILLE,-117.30376434326172,34.485389709472656
9541836,2022,2023-01-17,3604,2022-11-14,1553,802,NA,1,5,6,3604,0,0,0,NA,0,NA,MERRILL AV,CATAWBA AV,0,NA,Y,A,-,N,NA,NA,NA,NA,NA,NA,NA,NA,NA,Y,4,0,1,2,A,-,09,21802,A,N,D,C,A,A,H,-,A,A,0,NA,NA,NA,NA,Y,NA,A,01,0,0,1,0,0,0,0,0,0,-,-,NA,NA,SAN BERNARDINO,FONTANA,-117.4580078125,34.092071533203125
9543368,2022,2023-01-23,3600,2022-11-28,1626,I1592,VC071,1,5,5,3612,0,0,0,NA,0,VC5,EL AGUA DR,LA MESA RD,0,NA,Y,A,-,N,NA,NA,NA,NA,NA,NA,NA,NA,NA,N,3,0,1,2,A,-,10,21950,A,M,G,B,B,A,H,-,B,A,0,Y,NA,NA,NA,Y,NA,D,22,0,1,0,0,1,0,0,0,0,-,-,34.48487854003906,-117.34644317626952,SAN BERNARDINO,VICTORVILLE,NA,NA
9543446,2022,2023-02-02,3605,2022-12-20,2213,438,NA,2,5,4,3605,0,0,0,NA,0,NA,MONTE VISTA AV,MORENO ST,18,S,N,A,-,N,NA,NA,NA,NA,NA,NA,NA,NA,NA,Y,3,0,2,2,A,-,01,23153,A,N,D,C,A,A,H,-,C,A,0,NA,NA,NA,NA,Y,Y,A,01,0,1,1,0,0,0,0,0,0,-,-,34.08871841430664,-117.69827270507813,SAN BERNARDINO,MONTCLAIR,-117.69822692871094,34.08863067626953
9543710,2022,2023-01-30,3600,2022-11-19,2017,G9801,VC066,6,5,5,3612,0,0,0,NA,0,VC4,BEAR VALLEY RD,AMETHYST RD,389,W,N,A,-,N,NA,NA,NA,NA,NA,NA,NA,NA,NA,N,4,0,1,2,A,-,09,21804,A,N,D,C,A,-,H,-,C,D,0,NA,NA,NA,NA,Y,NA,E,NA,0,0,1,0,0,0,0,0,0,-,-,34.47037887573242,-117.3643035888672,SAN BERNARDINO,VICTORVILLE,-117.36560821533205,34.47039794921875
9545781,2022,2023-02-23,3610,2022-12-26,1444,51104,NA,1,5,6,3610,0,0,0,NA,0,NA,N PALM AV,W KENDALL DR,272,S,N,A,-,Y,SBD,8,215,-,-,14.31,R,4,N,Y,3,0,1,2,A,-,09,21801,A,N,D,C,A,A,H,-,A,A,0,NA,NA,NA,NA,Y,NA,A,01,0,1,0,0,0,0,0,0,0,-,-,34.190338134765625,-117.36183166503906,SAN BERNARDINO,SAN BERNARDINO,-117.36404418945313,34.19308090209961
9546497,2023,2023-04-13,3600,2023-02-01,829,H9013,HE410,3,5,5,3619,0,0,0,NA,0,HE4,ARROWHEAD LAKE RD,DANBURY AV,0,NA,Y,A,-,N,NA,NA,NA,NA,NA,NA,NA,NA,NA,N,3,0,1,2,A,-,09,21802,A,N,A,C,A,A,H,-,A,A,0,NA,NA,NA,NA,Y,NA,A,01,0,1,0,0,0,0,0,0,0,-,-,NA,NA,SAN BERNARDINO,HESPERIA,-117.24935150146484,34.40211486816406
9546498,2023,2023-04-13,3600,2023-02-07,1619,J2822,HE121,2,5,5,3619,0,0,0,NA,0,HE1,OAKWOOD AV,CASHEW ST,602,N,N,A,-,N,NA,NA,NA,NA,NA,NA,NA,NA,NA,N,3,0,1,2,A,-,06,21750,A,F,D,C,A,A,H,-,A,D,0,NA,NA,NA,NA,Y,NA,A,01,0,1,0,0,0,0,0,0,0,-,-,NA,NA,SAN BERNARDINO,HESPERIA,-117.34268188476563,34.43764114379883
9546538,2022,2023-02-23,3600,2022-12-19,0812,C8643,RC047,1,5,6,3616,0,0,0,NA,0,RC1,BASELINE RD,BERYL RD,0,NA,Y,A,-,N,NA,NA,NA,NA,NA,NA,NA,NA,NA,N,4,0,1,3,A,-,03,22350,NA,N,C,C,A,A,H,-,A,A,0,NA,NA,NA,NA,Y,NA,A,01,0,0,1,0,0,0,0,0,0,-,-,NA,NA,SAN BERNARDINO,RANCHO CUCAMONGA,-117.60717010498048,34.12153625488281
9546709,2023,2023-02-23,3605,2023-01-05,247,401,NA,4,5,4,3605,0,0,0,NA,0,NA,CENTRAL AV,HOLT BL,61,S,N,C,-,N,NA,NA,NA,NA,NA,NA,NA,NA,NA,Y,3,0,1,1,A,-,01,23152,A,N,E,I,A,B,H,-,C,A,0,NA,NA,NA,NA,Y,Y,A,07,0,1,0,0,0,0,0,0,0,-,-,NA,NA,SAN BERNARDINO,MONTCLAIR,-117.6897430419922,34.06297302246094
9546823,2022,2023-02-22,3600,2022-03-22,2052,D6683,RC021,2,5,6,3616,0,0,0,NA,0,RC2,MILLIKEN AV,FAIRMONT WY,331,S,N,A,-,N,NA,NA,NA,NA,NA,NA,NA,NA,NA,Y,4,0,1,1,A,-,01,23152,A,N,A,I,A,A,H,-,C,D,0,NA,NA,NA,NA,Y,Y,A,01,0,0,1,0,0,0,0,0,0,-,-,NA,NA,SAN BERNARDINO,RANCHO CUCAMONGA,-117.5586166381836,34.12615203857422
9547081,2023,2023-03-01,3600,2023-02-02,732,F3800,YC309,4,5,4,3640,0,0,0,NA,0,YC3,AVENUE G,CALIMESA BL,103,N,N,A,-,N,NA,NA,NA,NA,NA,NA,NA,NA,NA,N,4,0,1,2,A,-,17,22109,NA,N,C,C,A,A,H,-,A,A,0,NA,NA,NA,NA,Y,NA,A,01,0,0,1,0,0,0,0,0,0,-,-,NA,NA,SAN BERNARDINO,YUCAIPA,-117.06764221191406,34.01107406616211
9547557,2023,2023-04-17,3604,2023-02-04,1033,769,NA,6,5,6,3604,0,0,0,NA,0,001,SIERRA AV,FIELDCROSS DR,0,NA,Y,A,-,N,NA,NA,NA,NA,NA,NA,NA,NA,NA,Y,4,0,1,2,A,-,08,22107,NA,N,D,C,A,A,D,-,A,A,0,NA,NA,NA,NA,Y,NA,A,01,0,0,1,0,0,0,0,0,0,-,-,NA,NA,SAN BERNARDINO,FONTANA,NA,NA
9548649,2022,2023-02-13,3600,2022-12-14,0222,G9800,AD207,3,5,3,3613,0,0,0,NA,0,AD2,VINTAGE RD,KOALA RD,73,E,N,A,-,N,NA,NA,NA,NA,NA,NA,NA,NA,NA,N,4,0,1,1,A,-,03,22350,NA,N,E,I,A,A,H,-,C,D,0,NA,NA,NA,NA,Y,NA,A,07,0,0,1,0,0,0,0,0,0,-,-,NA,NA,SAN BERNARDINO,ADELANTO,-117.45365142822266,34.59069061279297
9548955,2023,2023-04-13,3604,2023-02-15,1716,802,NA,3,5,6,3604,0,0,0,NA,0,NA,CITRUS AV,PACIFIC ELECTRIC TRAIL,0,NA,Y,A,-,N,NA,NA,NA,NA,NA,NA,NA,NA,NA,N,4,0,1,2,A,-,10,21950,A,M,G,B,C,A,H,-,A,A,0,Y,NA,NA,NA,Y,NA,-,99,0,0,1,0,1,0,0,0,0,-,-,NA,NA,SAN BERNARDINO,FONTANA,-117.45364379882813,34.10124206542969
9548956,2023,2023-04-14,3604,2023-02-15,751,1086,NA,3,5,6,3604,0,0,0,NA,0,NA,CITRUS AV,IVY AV,0,NA,Y,A,-,N,NA,NA,NA,NA,NA,NA,NA,NA,NA,Y,4,0,1,2,A,-,03,22350,NA,N,C,C,A,A,H,-,A,A,0,NA,NA,NA,NA,Y,NA,A,07,0,0,1,0,0,0,0,0,0,-,-,NA,NA,SAN BERNARDINO,FONTANA,-117.45362854003906,34.10429382324219
9551017,2023,2023-03-01,3600,2023-01-26,1456,E3370,RC074,4,5,6,3616,0,0,0,NA,0,006,FOOTHILL BL,MAYTEN AV,33,W,N,A,-,N,NA,NA,NA,NA,NA,NA,NA,NA,NA,Y,3,0,2,2,A,-,12,21453,A,N,D,C,A,A,H,-,A,A,0,NA,NA,NA,NA,Y,NA,A,07,0,1,1,0,0,0,0,0,0,-,-,NA,NA,SAN BERNARDINO,RANCHO CUCAMONGA,-117.55290222167967,34.106319427490234
9551241,2022,2023-02-21,3600,2022-06-19,0059,G5388,RC021,7,5,6,3616,0,0,0,NA,0,RC2,HAVEN AV,VICTORIA ST,0,NA,Y,A,-,N,NA,NA,NA,NA,NA,NA,NA,NA,NA,N,3,0,1,1,A,-,01,23152,A,N,E,I,A,A,H,-,C,A,0,NA,NA,NA,NA,Y,NA,A,01,0,1,0,0,0,0,0,0,0,-,-,NA,NA,SAN BERNARDINO,RANCHO CUCAMONGA,-117.57598114013672,34.12834167480469
9551244,2022,2023-03-13,3600,2022-04-04,1930,E2982,NA,1,5,6,3616,0,0,0,NA,0,003,ETIWANDA AV,HIGHLAND AV,0,NA,Y,A,-,N,NA,NA,NA,NA,NA,NA,NA,NA,NA,N,3,0,1,2,A,-,01,23152,A,N,A,C,A,A,H,-,C,A,0,NA,NA,NA,NA,Y,Y,A,01,0,1,0,0,0,0,0,0,0,-,-,NA,NA,SAN BERNARDINO,RANCHO CUCAMONGA,-117.52349853515624,34.13575744628906
9551712,2023,2023-03-03,3600,2023-01-16,1413,F6904,RC028,1,5,6,3616,0,0,0,NA,0,RC2,HERMOSA AV,BASE LINE RD,0,NA,Y,A,-,N,NA,NA,NA,NA,NA,NA,NA,NA,NA,N,4,0,1,2,D,-,00,NA,NA,N,D,G,A,A,H,-,A,A,0,NA,Y,NA,NA,Y,NA,-,-,0,0,1,0,0,0,1,0,0,-,-,NA,NA,SAN BERNARDINO,RANCHO CUCAMONGA,-117.58468627929688,34.12152862548828
9551809,2023,2023-03-03,3610,2023-01-23,1500,51181,NA,1,5,6,3610,0,0,0,NA,0,0CR,NORTH WATERMAN AV,E BASELINE ST,388,N,N,A,-,N,NA,NA,NA,NA,NA,NA,NA,NA,NA,Y,4,0,2,2,A,-,09,21804,A,N,D,C,A,A,H,-,A,D,0,NA,NA,NA,NA,Y,NA,A,01,0,0,2,0,0,0,0,0,0,-,-,NA,NA,SAN BERNARDINO,SAN BERNARDINO,-117.27879333496094,34.12239456176758
9551817,2023,2023-03-03,3610,2023-01-19,1252,51119,NA,4,5,6,3610,0,0,0,NA,0,NA,W BASELINE ST,N MEDICAL CENTER DR,0,NA,Y,A,-,N,NA,NA,NA,NA,NA,NA,NA,NA,NA,Y,4,0,3,3,A,-,12,21453,A,N,D,C,A,-,H,-,A,A,0,NA,NA,NA,NA,Y,NA,A,01,0,0,3,0,0,0,0,0,0,-,-,NA,NA,SAN BERNARDINO,SAN BERNARDINO,-117.32257080078124,34.12132263183594
9552707,2023,2023-03-04,3600,2023-02-06,1823,J3474,AP022,1,5,5,3621,0,0,0,NA,0,AP4,BEAR VALLEY RD,CENTRAL RD,0,NA,N,A,-,N,NA,NA,NA,NA,NA,NA,NA,NA,NA,Y,2,0,2,2,A,-,01,23153,A,N,C,C,A,A,H,-,C,A,0,NA,NA,NA,Y,Y,Y,A,07,1,0,1,0,0,0,0,0,0,-,-,NA,NA,SAN BERNARDINO,APPLE VALLEY,-117.1726531982422,34.47161102294922
9552780,2023,2023-03-07,3604,2023-02-05,1911,680,NA,7,5,6,3604,0,0,0,NA,0,NA,CASA GRANDE DR,NAPA VALLEY,208,E,N,A,-,N,NA,NA,NA,NA,NA,NA,NA,NA,NA,Y,4,0,1,1,C,-,18,NA,NA,N,E,J,A,A,H,-,C,D,0,NA,NA,NA,NA,Y,NA,-,-,0,0,1,0,0,0,0,0,0,-,-,NA,NA,SAN BERNARDINO,FONTANA,-117.44080352783205,34.157859802246094
9554701,2023,2023-03-15,3602,2023-01-09,1712,4322,NA,1,5,5,3602,0,0,0,NA,0,003,EUCLID AV,M COMBS WY,300,N,N,C,-,Y,SBD,8,83,-,-,1.44,H,-,N,Y,4,0,1,3,A,-,08,22108,NA,N,B,D,A,B,H,-,D,D,0,NA,NA,NA,NA,Y,NA,A,01,0,0,1,0,0,0,0,0,0,-,-,33.946990966796875,-117.65161895751952,SAN BERNARDINO,CHINO,-117.6515655517578,33.9471435546875
9554987,2022,2023-03-20,3600,2022-03-28,1510,C9389,RC067,1,5,6,3616,0,0,0,NA,0,RC5,FOOTHILL BL,HAVEN AV,0,NA,Y,A,-,N,NA,NA,NA,NA,NA,NA,NA,NA,NA,N,2,0,1,2,A,-,11,21954,A,F,G,B,D,B,H,-,A,D,0,Y,NA,NA,NA,Y,Y,N,60,1,0,0,0,1,0,0,0,0,-,-,NA,NA,SAN BERNARDINO,RANCHO CUCAMONGA,-117.57596588134766,34.10639190673828
9557123,2023,2023-03-25,3604,2023-02-25,1034,185,NA,6,5,6,3604,0,0,0,NA,0,NA,SIERRA AV,RANDALL AV,76,S,N,B,D,N,NA,NA,NA,NA,NA,NA,NA,NA,NA,N,4,0,1,3,A,-,08,22107,NA,N,C,E,A,C,H,-,A,A,0,NA,NA,NA,NA,Y,NA,A,01,0,0,1,0,0,0,0,0,0,-,-,NA,NA,SAN BERNARDINO,FONTANA,-117.43570709228516,34.08464050292969
9557582,2023,2023-06-12,3610,2023-04-02,2100,50280,NA,7,5,6,3610,0,0,0,NA,0,NA,N CALIFORNIA ST,W 30TH ST,0,NA,Y,B,-,N,NA,NA,NA,NA,NA,NA,NA,NA,NA,Y,4,0,1,2,A,-,03,22350,NA,F,D,C,A,A,H,-,C,D,0,NA,NA,NA,NA,Y,NA,A,01,0,0,1,0,0,0,0,0,0,-,-,NA,NA,SAN BERNARDINO,SAN BERNARDINO,-117.33111572265624,34.145713806152344