CASE_ID,ACCIDENT_YEAR,PROC_DATE,JURIS,COLLISION_DATE,COLLISION_TIME,OFFICER_ID,REPORTING_DISTRICT,DAY_OF_WEEK,CHP_SHIFT,POPULATION,CNTY_CITY_LOC,SPECIAL_COND,BEAT_TYPE,CHP_BEAT_TYPE,CITY_DIVISION_LAPD,CHP_BEAT_CLASS,BEAT_NUMBER,PRIMARY_RD,SECONDARY_RD,DISTANCE,DIRECTION,INTERSECTION,WEATHER_1,WEATHER_2,STATE_HWY_IND,CALTRANS_COUNTY,CALTRANS_DISTRICT,STATE_ROUTE,ROUTE_SUFFIX,POSTMILE_PREFIX,POSTMILE,LOCATION_TYPE,RAMP_INTERSECTION,SIDE_OF_HWY,TOW_AWAY,COLLISION_SEVERITY,NUMBER_KILLED,NUMBER_INJURED,PARTY_COUNT,PRIMARY_COLL_FACTOR,PCF_CODE_OF_VIOL,PCF_VIOL_CATEGORY,PCF_VIOLATION,PCF_VIOL_SUBSECTION,HIT_AND_RUN,TYPE_OF_COLLISION,MVIW,PED_ACTION,ROAD_SURFACE,ROAD_COND_1,ROAD_COND_2,LIGHTING,CONTROL_DEVICE,CHP_ROAD_TYPE,PEDESTRIAN_ACCIDENT,BICYCLE_ACCIDENT,MOTORCYCLE_ACCIDENT,TRUCK_ACCIDENT,NOT_PRIVATE_PROPERTY,ALCOHOL_INVOLVED,STWD_VEHTYPE_AT_FAULT,CHP_VEHTYPE_AT_FAULT,COUNT_SEVERE_INJ,COUNT_VISIBLE_INJ,COUNT_COMPLAINT_PAIN,COUNT_PED_KILLED,COUNT_PED_INJURED,COUNT_BICYCLIST_KILLED,COUNT_BICYCLIST_INJURED,COUNT_MC_KILLED,COUNT_MC_INJURED,PRIMARY_RAMP,SECONDARY_RAMP,LATITUDE,LONGITUDE,COUNTY,CITY,POINT_X,POINT_Y
9688012,2024,2024-06-19,3604,2024-04-02,813,1477,NA,2,5,6,3604,0,0,0,NA,0,NA,SAN BERNARDINO,ACACIA,20,E,N,A,-,N,NA,NA,NA,NA,NA,NA,NA,NA,NA,N,2,0,1,2,A,-,11,21954,A,F,G,B,D,A,H,-,A,A,0,Y,NA,NA,NA,Y,NA,N,60,1,0,0,0,1,0,0,0,0,-,-,NA,NA,SAN BERNARDINO,FONTANA,-117.43349456787108,34.07757568359375
9688225,2024,2024-06-27,3600,2024-02-28,1356,F6913,RC014,3,5,6,3616,0,0,0,NA,0,006,CHURCH ST,TERRA VISTA PKWY,0,NA,Y,A,-,N,NA,NA,NA,NA,NA,NA,NA,NA,NA,Y,3,0,1,2,A,-,12,21453,A,N,D,C,A,A,H,-,A,A,0,NA,NA,NA,NA,Y,NA,-,-,0,1,0,0,0,0,0,0,0,-,-,NA,NA,SAN BERNARDINO,RANCHO CUCAMONGA,-117.57258605957033,34.113609313964844
9690409,2024,2024-05-13,3605,2024-03-23,1838,506,NA,6,5,4,3605,0,0,0,NA,0,NA,MORENO ST,CENTRAL AV,278,E,N,A,B,N,NA,NA,NA,NA,NA,NA,NA,NA,NA,Y,2,0,1,2,A,-,08,22107,NA,N,D,C,A,B,H,-,B,D,0,NA,NA,Y,NA,Y,NA,A,01,1,0,0,0,0,0,0,0,1,-,-,34.08877944946289,-117.68961334228516,SAN BERNARDINO,MONTCLAIR,-117.69020080566406,34.08876037597656
9690431,2024,2024-05-13,3604,2024-03-12,2325,680,NA,2,5,6,3604,0,0,0,NA,0,NA,LAUREL AV,IVY AV,54,S,N,B,-,N,NA,NA,NA,NA,NA,NA,NA,NA,NA,Y,3,0,1,2,A,-,01,23152,A,N,C,E,A,A,H,-,C,D,0,NA,NA,NA,NA,Y,Y,A,01,0,1,0,0,0,0,0,0,0,-,-,NA,NA,SAN BERNARDINO,FONTANA,-117.41398620605467,34.104251861572266
9691532,2024,2024-05-02,3600,2024-04-01,1748,J5504,TW003,1,5,3,3617,0,0,0,NA,0,TW1,29 PALMS HWY,DATURA AV,0,NA,Y,A,-,Y,SBD,8,62,-,-,31.954,I,5,E,Y,3,0,1,2,A,-,09,21804,NA,N,D,C,A,A,H,-,A,D,0,NA,NA,NA,NA,Y,NA,-,-,0,1,0,0,0,0,0,0,0,-,-,NA,NA,SAN BERNARDINO,TWENTYNINE PALMS,-116.0762939453125,34.135406494140625
9692940,2024,2024-06-06,3600,2024-04-29,1204,G6918,VC046,1,5,5,3612,0,0,0,NA,0,VC8,NATIONAL TRAILS HWY,AIR EXPWY,1642,S,N,A,-,N,NA,NA,NA,NA,NA,NA,NA,NA,NA,Y,4,0,1,3,A,-,09,21801,A,N,D,C,A,A,H,-,A,A,0,NA,NA,NA,NA,Y,NA,A,01,0,0,1,0,0,0,0,0,0,-,-,34.45600891113281,-117.31233978271484,SAN BERNARDINO,VICTORVILLE,-117.31455993652344,34.56315994262695
9693352,2024,2024-06-11,3600,2024-04-20,1049,F9935,HI004,6,5,4,3618,0,0,0,NA,0,HI1,DEL ROSA AV,PACIFIC ST,0,NA,Y,A,-,N,NA,NA,NA,NA,NA,NA,NA,NA,NA,N,4,0,2,2,A,-,09,21803,A,N,D,C,A,A,H,-,A,D,0,NA,NA,NA,NA,Y,Y,A,01,0,0,2,0,0,0,0,0,0,-,-,NA,NA,SAN BERNARDINO,HIGHLAND,-117.25020599365234,34.12857437133789
9695361,2024,2024-05-14,3604,2024-03-16,1914,1339,NA,6,5,6,3604,0,0,0,NA,0,NA,LOCUST AV,MERRILL AV,1,S,N,A,-,N,NA,NA,NA,NA,NA,NA,NA,NA,NA,N,3,0,1,2,A,-,06,21751,NA,N,B,D,A,A,H,-,C,A,0,NA,NA,Y,NA,Y,Y,C,02,0,1,0,0,0,0,0,0,1,-,-,34.092220306396484,-117.40963745117188,SAN BERNARDINO,FONTANA,-117.40963745117188,34.09221649169922
9696558,2024,2024-06-20,3601,2024-02-10,2229,P41,3601,6,5,3,3601,0,0,0,NA,0,001,MAIN ST,SUNDANCE LN,85,W,N,A,-,N,NA,NA,NA,NA,NA,NA,NA,NA,NA,N,3,0,1,2,A,-,11,21954,A,F,G,B,E,A,H,-,C,D,0,Y,NA,NA,NA,Y,NA,-,NA,0,1,0,0,1,0,0,0,0,-,-,NA,NA,SAN BERNARDINO,BARSTOW,-117.0717315673828,34.8879280090332
9696932,2024,2024-05-29,3600,2024-04-01,1458,J2819,HI010,1,5,4,3618,0,0,0,NA,0,HI2,VICTORIA AV,HIGHLAND AV,0,NA,Y,A,-,N,NA,NA,NA,NA,NA,NA,NA,NA,NA,N,4,0,1,2,A,-,09,21801,NA,N,A,C,A,A,H,-,A,A,0,NA,NA,NA,NA,Y,NA,A,01,0,0,1,0,0,0,0,0,0,-,-,34.13587951660156,-117.226318359375,SAN BERNARDINO,HIGHLAND,-117.22620391845705,34.13582992553711
9697121,2024,2024-06-26,3608,2024-04-13,1222,5255,3608,6,5,5,3608,0,0,0,NA,0,NA,W COLTON AVENUE,TENNESSEE ST,700,E,N,A,-,N,NA,NA,NA,NA,NA,NA,NA,NA,NA,Y,3,0,3,2,A,-,08,22107,NA,N,A,C,A,A,H,-,A,A,0,NA,NA,NA,NA,Y,NA,A,01,0,3,0,0,0,0,0,0,0,-,-,NA,NA,SAN BERNARDINO,REDLANDS,-117.19783782958984,34.062870025634766
9697217,2024,2024-06-25,3600,2024-04-05,1147,G7650,LOMAL,5,5,3,3615,0,0,0,NA,0,0LL,MOUND ST,ANDERSON ST,216,E,N,A,-,N,NA,NA,NA,NA,NA,NA,NA,NA,NA,N,3,0,2,4,C,-,18,NA,NA,N,B,E,A,B,H,-,A,D,0,NA,NA,NA,NA,Y,NA,-,-,0,1,1,0,0,0,0,0,0,-,-,NA,NA,SAN BERNARDINO,LOMA LINDA,-117.26275634765624,34.05345916748047
9699304,2024,2024-06-07,3600,2024-04-02,1238,H5176,CH025,2,5,5,3630,0,0,0,NA,0,CH1,CHINO HILLS PKWY,GRAND AV,0,NA,Y,A,-,N,NA,NA,NA,NA,NA,NA,NA,NA,NA,Y,3,0,1,2,A,-,03,22350,NA,N,C,C,A,A,H,-,A,D,0,NA,NA,NA,NA,Y,NA,A,01,0,1,0,0,0,0,0,0,0,-,-,33.996700286865234,-117.759033203125,SAN BERNARDINO,CHINO HILLS,-117.75868225097656,33.99562072753906
9699645,2024,2024-07-19,3610,2024-05-10,1752,51280,NA,5,5,6,3610,0,0,0,NA,0,NA,NORTH WATERMAN AV,EAST 5TH ST,152,N,N,A,-,N,NA,NA,NA,NA,NA,NA,NA,NA,NA,Y,4,0,1,2,A,-,08,22107,NA,N,B,C,A,B,H,-,A,D,0,NA,NA,NA,NA,Y,NA,A,01,0,0,1,0,0,0,0,0,0,-,-,34.10832977294922,-117.2787628173828,SAN BERNARDINO,SAN BERNARDINO,-117.27877044677734,34.10874557495117
9699652,2024,2024-07-19,3610,2024-05-04,1003,51465,NA,6,5,6,3610,0,0,0,NA,0,NA,EAST HIGHLAND AV,N ROCKFORD AV,7,E,N,A,B,N,NA,NA,NA,NA,NA,NA,NA,NA,NA,Y,3,0,1,2,A,-,08,22107,NA,M,C,B,A,A,H,-,A,D,0,NA,NA,NA,NA,Y,NA,-,NA,0,1,0,0,0,0,0,0,0,-,-,34.13582992553711,-117.22881317138672,SAN BERNARDINO,SAN BERNARDINO,-117.22879028320313,34.135841369628906
9699679,2024,2024-06-13,3610,2024-04-27,1500,51478,NA,6,5,6,3610,0,0,0,NA,0,NA,E BASELINE ST,N LITTLE TIPPICANOE AVE,0,NA,Y,A,-,N,NA,NA,NA,NA,NA,NA,NA,NA,NA,Y,3,0,1,2,A,-,09,21801,A,N,D,C,A,A,H,-,-,D,0,NA,NA,NA,NA,Y,NA,A,01,0,1,0,0,0,0,0,0,0,-,-,NA,NA,SAN BERNARDINO,SAN BERNARDINO,NA,NA
9700221,2024,2024-06-26,3608,2024-05-03,836,4202,3608,5,5,5,3608,0,0,0,NA,0,NA,EAST COLTON AVENUE,JUDSON ST,300,W,N,A,-,N,NA,NA,NA,NA,NA,NA,NA,NA,NA,Y,3,0,1,2,A,-,08,22107,NA,N,C,E,A,A,H,-,A,D,0,NA,NA,NA,NA,Y,NA,A,01,0,1,0,0,0,0,0,0,0,-,-,NA,NA,SAN BERNARDINO,REDLANDS,-117.15737915039063,34.062808990478516
9700222,2024,2024-06-26,3608,2024-05-23,1516,4903,NA,4,5,5,3608,0,0,0,NA,0,NA,BELLEVUE AV,BARTON RD,420,S,N,A,-,N,NA,NA,NA,NA,NA,NA,NA,NA,NA,Y,3,0,2,2,A,-,21,22106,NA,N,D,C,A,A,H,-,A,A,0,NA,NA,NA,NA,Y,NA,A,01,0,2,0,0,0,0,0,0,0,-,-,NA,NA,SAN BERNARDINO,REDLANDS,-117.20637512207033,34.045536041259766
9700611,2024,2024-06-11,3600,2024-03-15,242,I4823,YV1,5,5,3,3631,0,0,0,NA,0,VY011,YUCCA TRL,DUMOSA AV,0,NA,Y,C,-,N,NA,NA,NA,NA,NA,NA,NA,NA,NA,N,2,0,1,2,A,-,11,21954,A,N,A,B,E,B,H,-,C,A,0,Y,NA,NA,NA,Y,NA,N,60,1,0,0,0,1,0,0,0,0,-,-,34.12049102783203,-116.41719818115234,SAN BERNARDINO,YUCCA VALLEY,-116.41780090332033,34.1205940246582
9700822,2024,2024-07-24,3610,2024-05-09,1835,51271,NA,4,5,6,3610,0,0,0,NA,0,NA,N KENDALL DR,48TH ST,0,NA,Y,A,-,N,NA,NA,NA,NA,NA,NA,NA,NA,NA,Y,3,0,2,3,A,-,03,22350,NA,N,D,C,A,A,H,-,A,D,0,NA,NA,NA,Y,Y,NA,A,01,0,1,1,0,0,0,0,0,0,-,-,34.171329498291016,-117.320556640625,SAN BERNARDINO,SAN BERNARDINO,-117.32059478759766,34.17135238647461
9702567,2024,2024-06-14,3604,2024-04-19,1717,1367,NA,5,5,6,3604,0,0,0,NA,0,NA,FOOTHILL BL,REDWOOD AV,0,NA,Y,A,-,N,NA,NA,NA,NA,NA,NA,NA,NA,NA,Y,4,0,2,2,A,-,12,21453,A,N,C,C,A,A,H,-,A,A,0,NA,NA,NA,NA,Y,NA,A,01,0,0,2,0,0,0,0,0,0,-,-,34.10668182373047,-117.48451232910156,SAN BERNARDINO,FONTANA,-117.48423004150392,34.10649108886719
9702571,2024,2024-06-14,3604,2024-04-21,1019,1397,NA,7,5,6,3604,0,0,0,NA,0,NA,CYPRESS AV,FONTLEE LN,98,S,N,A,-,N,NA,NA,NA,NA,NA,NA,NA,NA,NA,Y,4,0,1,2,A,-,05,21650,NA,N,A,C,A,A,H,-,A,A,0,NA,NA,NA,NA,Y,NA,A,01,0,0,1,0,0,0,0,0,0,-,-,NA,NA,SAN BERNARDINO,FONTANA,-117.44441986083984,34.083091735839844
9702585,2024,2024-06-14,3604,2024-04-15,1814,1477,NA,1,5,6,3604,0,0,0,NA,0,NA,CHERRY,SOUTH HIGHLAND,948,N,N,A,-,N,NA,NA,NA,NA,NA,NA,NA,NA,NA,Y,4,0,1,2,A,-,03,22350,NA,N,C,C,A,A,H,-,A,A,0,NA,NA,NA,NA,Y,NA,A,01,0,0,1,0,0,0,0,0,0,-,-,NA,NA,SAN BERNARDINO,FONTANA,-117.48841857910156,34.13600540161133
9702812,2024,2024-07-24,3600,2024-05-21,2336,HARDEN,HI033,2,5,4,3618,0,0,0,NA,0,HI3,GREENSPOT RD,PORTOFINO ST,188,E,N,A,-,N,NA,NA,NA,NA,NA,NA,NA,NA,NA,Y,3,0,1,1,A,-,01,23152,A,N,E,I,A,A,H,-,C,D,0,NA,NA,NA,NA,Y,Y,A,01,0,1,0,0,0,0,0,0,0,-,-,34.107460021972656,-117.12895965576172,SAN BERNARDINO,HIGHLAND,NA,NA
9703895,2024,2024-08-13,3600,2024-06-07,1043,I1632,HE104,5,5,5,3619,0,0,0,NA,0,001,2ND AV,SEQUOIA ST,0,NA,Y,A,-,N,NA,NA,NA,NA,NA,NA,NA,NA,NA,Y,3,0,2,2,A,-,09,21802,A,N,D,C,A,A,H,-,A,A,0,NA,NA,NA,NA,Y,NA,A,07,0,2,0,0,0,0,0,0,0,-,-,NA,NA,SAN BERNARDINO,HESPERIA,-117.29920959472656,34.46903610229492
9703898,2024,2024-10-10,3600,2024-06-05,1601,H9747,VC058,3,5,5,3612,0,0,0,NA,0,VC7,PALMDALE RD,RT 395,240,W,N,A,-,Y,SBD,8,18,-,-,101.01,H,-,S,Y,4,0,2,2,A,-,09,21804,A,N,D,C,A,A,H,-,A,B,0,NA,NA,NA,NA,Y,NA,A,01,0,0,2,0,0,0,0,0,0,-,-,NA,NA,SAN BERNARDINO,VICTORVILLE,-117.40048980712892,34.50669479370117
9704103,2024,2024-06-20,3604,2024-04-17,1849,989,NA,3,5,6,3604,0,0,0,NA,0,NA,FOOTHILL BL,ALMERIA AV,0,NA,Y,A,-,N,NA,NA,NA,NA,NA,NA,NA,NA,NA,Y,4,0,2,2,A,-,12,21453,A,N,D,C,A,A,H,-,A,A,0,NA,NA,NA,NA,Y,NA,D,22,0,0,2,0,0,0,0,0,0,-,-,34.106658935546875,-117.46031951904295,SAN BERNARDINO,FONTANA,-117.4602279663086,34.10652542114258
9704139,2024,2024-07-01,3600,2024-05-18,2124,G8165,VC075,6,5,5,3612,0,0,0,NA,0,VC7,MOJAVE DR,CONDOR RD,155,E,N,A,-,N,NA,NA,NA,NA,NA,NA,NA,NA,NA,N,3,0,1,2,A,-,00,29154,NA,N,G,B,D,A,H,-,C,D,0,Y,NA,NA,NA,Y,NA,N,60,0,1,0,0,1,0,0,0,0,-,-,34.52880859375,-117.32083892822266,SAN BERNARDINO,VICTORVILLE,-117.32042694091795,34.52886962890625
9704577,2024,2024-07-24,3600,2024-05-27,224,C9389,YC302,1,5,4,3640,0,0,0,NA,0,YC2,WILDWOOD CANYON RD,3RD ST,0,NA,Y,A,-,N,NA,NA,NA,NA,NA,NA,NA,NA,NA,Y,4,0,1,2,A,-,05,21650,NA,N,D,C,A,A,H,-,C,D,0,NA,NA,NA,NA,Y,NA,A,01,0,0,1,0,0,0,0,0,0,-,-,NA,NA,SAN BERNARDINO,YUCAIPA,-117.0475616455078,34.0157356262207
9704592,2024,2024-08-13,3600,2024-06-05,1453,G7650,LOMAL,3,5,3,3615,0,0,0,NA,0,0LL,BARTON RD,BENTON ST,20,E,N,A,-,N,NA,NA,NA,NA,NA,NA,NA,NA,NA,Y,3,0,2,2,A,-,12,21453,A,N,D,C,A,A,H,-,A,A,0,NA,NA,NA,NA,Y,NA,A,01,0,2,0,0,0,0,0,0,0,-,-,NA,NA,SAN BERNARDINO,LOMA LINDA,-117.25233459472656,34.04827880859375
9704906,2024,2024-06-27,3610,2024-04-20,1452,51382,NA,6,5,6,3610,0,0,0,NA,0,NA,N SIERRA WAY,W 10TH ST,0,NA,Y,A,-,N,NA,NA,NA,NA,NA,NA,NA,NA,NA,Y,4,0,2,2,A,-,08,22107,NA,N,D,C,A,A,H,-,A,D,0,NA,NA,NA,NA,Y,NA,A,01,0,0,2,0,0,0,0,0,0,-,-,34.11766815185547,-117.28514862060548,SAN BERNARDINO,SAN BERNARDINO,-117.28511810302734,34.11764907836914
9705179,2024,2024-07-29,3610,2024-05-27,1647,51407,NA,1,5,6,3610,0,0,0,NA,0,NA,N STATE ST,210 W EXIT,0,NA,Y,A,-,N,NA,NA,NA,NA,NA,NA,NA,NA,NA,Y,4,0,2,2,A,-,12,21453,A,N,D,C,A,A,H,-,A,A,0,NA,NA,NA,NA,Y,NA,-,-,0,0,2,0,0,0,0,0,0,-,-,34.13462829589844,-117.33547973632813,SAN BERNARDINO,SAN BERNARDINO,NA,NA
9705189,2024,2024-06-28,3610,2024-05-30,1249,51407,NA,4,5,6,3610,0,0,0,NA,0,NA,S RANCHO AVE,W MILL ST,0,NA,Y,A,-,N,NA,NA,NA,NA,NA,NA,NA,NA,NA,N,4,0,1,2,A,-,12,21453,A,N,D,C,A,A,H,-,A,A,0,NA,NA,NA,NA,Y,NA,A,07,0,0,1,0,0,0,0,0,0,-,-,34.09231185913086,-117.33364868164063,SAN BERNARDINO,SAN BERNARDINO,-117.33367156982422,34.0922966003418
9705618,2024,2024-08-23,3603,2024-06-16,2200,4974,CPD,7,5,4,3603,0,0,0,NA,0,004,E WASHINGTON ST,RECHE CANYON RD,0,NA,Y,A,-,N,NA,NA,NA,NA,NA,NA,NA,NA,NA,Y,4,0,4,4,A,-,08,22107,NA,N,B,C,A,A,H,-,C,A,0,NA,NA,NA,NA,Y,NA,A,07,0,0,4,0,0,0,0,0,0,-,-,34.04964828491211,-117.2895736694336,SAN BERNARDINO,COLTON,-117.28958129882813,34.0496711730957
9705619,2024,2024-08-23,3603,2024-06-08,2156,4974,CPD,6,5,4,3603,0,0,0,NA,0,004,WASHINGTON ST,MOUNT VERNON AV,500,W,N,A,-,N,NA,NA,NA,NA,NA,NA,NA,NA,NA,Y,4,0,1,2,A,-,09,21803,A,N,D,C,A,A,H,-,C,D,0,NA,NA,NA,NA,Y,NA,A,01,0,0,1,0,0,0,0,0,0,-,-,34.04787063598633,-117.31040191650392,SAN BERNARDINO,COLTON,-117.30824279785156,34.04792022705078
9705694,2024,2024-08-01,3600,2024-05-28,642,J4512,YV013,2,5,3,3631,0,0,0,NA,0,YV1,ONAGA TR,BARBERRY AV,0,NA,Y,A,-,N,NA,NA,NA,NA,NA,NA,NA,NA,NA,Y,3,0,1,2,A,-,12,22450,A,N,B,-,A,A,H,-,A,-,0,NA,NA,NA,NA,Y,Y,A,01,0,1,0,0,0,0,0,0,0,-,-,34.11220169067383,-116.41899871826172,SAN BERNARDINO,YUCCA VALLEY,-116.41992950439452,34.112213134765625
9708000,2024,2024-07-05,3608,2024-04-29,1730,5255,NA,1,5,5,3608,0,0,0,NA,0,3608,COURIER,POST ST,50,E,N,A,-,N,NA,NA,NA,NA,NA,NA,NA,NA,NA,N,3,0,1,2,A,-,10,21954,B,N,G,B,E,A,H,-,A,A,0,Y,NA,NA,NA,Y,NA,A,01,0,1,0,0,1,0,0,0,0,-,-,NA,NA,SAN BERNARDINO,REDLANDS,-117.17684173583984,34.069026947021484
9708202,2024,2024-08-07,3603,2024-06-23,1208,4915,CPD,7,5,4,3603,0,0,0,NA,0,004,S COOLEY DR,OLD RANCH RD,0,NA,Y,A,-,N,NA,NA,NA,NA,NA,NA,NA,NA,NA,N,3,0,1,2,A,-,09,21801,A,N,D,C,A,A,H,-,A,D,0,NA,NA,NA,NA,Y,NA,A,01,0,1,0,0,0,0,0,0,0,-,-,34.05046844482422,-117.29283142089844,SAN BERNARDINO,COLTON,-117.29293060302734,34.05103302001953
9708277,2024,2024-08-07,3604,2024-06-20,2023,680,NA,4,5,6,3604,0,0,0,NA,0,NA,MULBERRY AV,CHERRY AV,0,NA,Y,A,-,N,NA,NA,NA,NA,NA,NA,NA,NA,NA,Y,4,0,2,2,A,-,09,21453,C,N,D,C,A,A,H,-,C,A,0,NA,NA,NA,NA,Y,NA,A,01,0,0,2,0,0,0,0,0,0,-,-,34.035518646240234,-117.50686645507813,SAN BERNARDINO,FONTANA,-117.50697326660156,34.03547286987305
9708296,2024,2024-08-08,3604,2024-06-19,1450,1397,NA,3,5,6,3604,0,0,0,NA,0,NA,CHERRY AV,JURUPA AV,180,N,N,A,-,N,NA,NA,NA,NA,NA,NA,NA,NA,NA,Y,3,0,3,2,A,-,03,22350,NA,N,C,C,A,A,H,-,A,A,0,NA,NA,NA,NA,Y,NA,A,01,0,2,1,0,0,0,0,0,0,-,-,34.04800033569336,-117.48799896240234,SAN BERNARDINO,FONTANA,-117.48893737792967,34.04784393310547
9708679,2024,2024-07-31,3608,2024-06-24,1149,4903,NA,1,5,5,3608,0,0,0,NA,0,NA,W REDLANDS BL,IOWA ST,200,E,N,A,-,N,NA,NA,NA,NA,NA,NA,NA,NA,NA,Y,4,0,2,3,A,-,03,22350,NA,N,C,C,A,A,H,-,A,A,0,NA,NA,NA,NA,Y,NA,A,01,0,0,2,0,0,0,0,0,0,-,-,NA,NA,SAN BERNARDINO,REDLANDS,-117.2125244140625,34.06291961669922
9708683,2024,2024-07-31,3608,2024-06-14,1452,4202,3608,5,5,5,3608,0,0,0,NA,0,NA,BARTON RD,IOWA ST,0,NA,Y,A,-,N,NA,NA,NA,NA,NA,NA,NA,NA,NA,Y,4,0,2,2,A,-,09,21802,A,N,D,C,A,A,H,-,A,A,0,NA,NA,NA,NA,Y,NA,A,01,0,0,2,0,0,0,0,0,0,-,-,NA,NA,SAN BERNARDINO,REDLANDS,-117.21303558349608,34.0482063293457
9709748,2024,2024-08-07,3608,2024-06-22,1111,5231,NA,6,5,5,3608,0,0,0,NA,0,NA,N LINCOLN ST,COLTON AV,18,W,N,A,-,N,NA,NA,NA,NA,NA,NA,NA,NA,NA,Y,3,0,3,2,A,-,09,21804,A,N,D,C,A,A,H,-,A,A,0,NA,NA,NA,NA,Y,NA,A,01,0,3,0,0,0,0,0,0,0,-,-,NA,NA,SAN BERNARDINO,REDLANDS,-117.15199279785156,34.062808990478516
9709823,2024,2024-08-26,3600,2024-07-24,2022,G8165,VC023,3,5,5,3612,0,0,0,NA,0,VC3,NISQUALLI RD,SECOND AV,0,NA,Y,A,-,N,NA,NA,NA,NA,NA,NA,NA,NA,NA,Y,4,0,1,2,A,-,08,22107,A,N,D,C,A,A,H,-,B,D,0,NA,NA,NA,NA,Y,NA,A,07,0,0,1,0,0,0,0,0,0,-,-,NA,NA,SAN BERNARDINO,VICTORVILLE,-117.2993392944336,34.485443115234375
9710340,2024,2024-08-06,3601,2024-02-03,2037,P43,BARST,6,5,3,3601,0,0,0,NA,0,PATROL,AVENUE G,MAIN ST,21,S,N,A,-,N,NA,NA,NA,NA,NA,NA,NA,NA,NA,Y,3,0,3,1,A,-,00,22352,A,N,-,I,A,A,H,-,C,D,0,NA,NA,NA,NA,Y,Y,A,01,0,3,0,0,0,0,0,0,0,-,-,NA,NA,SAN BERNARDINO,BARSTOW,-117.04379272460938,34.89497375488281
9710651,2024,2024-08-28,3600,2024-06-12,1444,D3381,VC047,3,5,5,3612,0,0,0,NA,0,VC1,D ST,RT 15,0,NA,Y,A,-,Y,SBD,8,15,-,-,43.046,R,4,S,Y,4,0,1,2,A,-,12,21453,A,N,D,C,A,A,H,-,A,A,0,NA,NA,NA,NA,Y,NA,D,22,0,0,1,0,0,0,0,0,0,-,SO,NA,NA,SAN BERNARDINO,VICTORVILLE,-117.30704498291016,34.541656494140625
9711189,2024,2024-08-07,3600,2024-05-03,1634,F6908,RC034,5,5,6,3616,0,0,0,NA,0,RC5,HERMOSA AV,6TH ST,0,NA,Y,A,-,N,NA,NA,NA,NA,NA,NA,NA,NA,NA,Y,4,0,1,3,A,-,09,21801,A,N,D,C,A,A,H,-,A,A,0,NA,NA,NA,NA,Y,NA,A,01,0,0,1,0,0,0,0,0,0,-,-,NA,NA,SAN BERNARDINO,RANCHO CUCAMONGA,-117.58464050292967,34.08469009399414
9711191,2024,2024-08-07,3600,2024-05-07,1635,C8620,RC029,2,5,6,3616,0,0,0,NA,0,RC5,BASE LINE RD,ARCHIBALD AV,509,W,N,A,-,N,NA,NA,NA,NA,NA,NA,NA,NA,NA,Y,3,0,2,3,A,-,06,21755,A,N,A,C,A,A,H,-,A,A,0,NA,NA,NA,NA,Y,NA,A,07,0,1,1,0,0,0,0,0,0,-,-,NA,NA,SAN BERNARDINO,RANCHO CUCAMONGA,-117.5951690673828,34.12152862548828
9712355,2023,2024-09-23,3603,2023-12-31,343,5175,CPD,7,5,4,3603,0,0,0,NA,0,004,RECHE CANYON RD,S SHANE DR,0,NA,Y,A,-,N,NA,NA,NA,NA,NA,NA,NA,NA,NA,Y,3,0,1,1,A,-,07,21658,A,N,A,I,A,A,H,-,C,A,0,NA,NA,NA,NA,Y,NA,A,07,0,1,0,0,0,0,0,0,0,-,-,34.0241584777832,-117.27581787109376,SAN BERNARDINO,COLTON,-117.2758331298828,34.024139404296875
9712606,2024,2024-10-30,3600,2024-07-23,1514,I6767,AD311,2,5,3,3613,0,0,0,NA,0,AD2,RT 395,MOJAVE DR,3,N,N,A,-,Y,SBD,8,395,-,-,16.35,H,-,S,Y,3,0,1,1,B,-,22,NA,NA,N,F,A,A,A,H,-,A,A,0,NA,NA,NA,NA,Y,NA,A,01,0,1,0,0,0,0,0,0,0,-,-,34.530029296875,-117.39951324462892,SAN BERNARDINO,ADELANTO,-117.41269683837892,34.58097457885742
9712890,2024,2024-08-15,3605,2024-06-09,833,506,NA,7,5,4,3605,0,0,0,NA,0,NA,SAN BERNARDINO ST,VERNON AV,233,W,N,A,B,NA,NA,NA,NA,NA,NA,NA,NA,NA,NA,Y,2,0,2,3,A,-,01,23152,A,N,C,E,A,A,H,-,A,D,0,NA,NA,NA,NA,Y,Y,A,08,1,1,0,0,0,0,0,0,0,-,-,34.0776481628418,-117.67637634277344,SAN BERNARDINO,MONTCLAIR,-117.68593597412108,34.07768630981445
9713070,2024,2024-08-14,3604,2024-06-08,1859,1367,NA,6,5,6,3604,0,0,0,NA,0,NA,JUNIPER AV,CASTLE ROCK LN,130,S,N,A,-,N,NA,NA,NA,NA,NA,NA,NA,NA,NA,N,3,0,1,2,A,-,03,22350,NA,N,E,I,F,A,H,-,A,D,0,Y,NA,NA,NA,Y,NA,A,08,0,1,0,0,1,0,0,0,0,-,-,34.12017822265625,-117.44036865234376,SAN BERNARDINO,FONTANA,-117.4402313232422,34.11995315551758
9713485,2024,2024-07-11,3604,2024-05-29,2137,1397,NA,3,5,6,3604,0,0,0,NA,0,NA,CHERRY AV,BASELINE AV,480,N,N,A,-,N,NA,NA,NA,NA,NA,NA,NA,NA,NA,Y,4,0,2,2,A,-,09,21801,A,N,D,C,A,A,H,-,C,A,0,NA,NA,NA,NA,Y,NA,A,01,0,0,2,0,0,0,0,0,0,-,-,NA,NA,SAN BERNARDINO,FONTANA,-117.48860931396484,34.122684478759766