CASE_ID,ACCIDENT_YEAR,PROC_DATE,JURIS,COLLISION_DATE,COLLISION_TIME,OFFICER_ID,REPORTING_DISTRICT,DAY_OF_WEEK,CHP_SHIFT,POPULATION,CNTY_CITY_LOC,SPECIAL_COND,BEAT_TYPE,CHP_BEAT_TYPE,CITY_DIVISION_LAPD,CHP_BEAT_CLASS,BEAT_NUMBER,PRIMARY_RD,SECONDARY_RD,DISTANCE,DIRECTION,INTERSECTION,WEATHER_1,WEATHER_2,STATE_HWY_IND,CALTRANS_COUNTY,CALTRANS_DISTRICT,STATE_ROUTE,ROUTE_SUFFIX,POSTMILE_PREFIX,POSTMILE,LOCATION_TYPE,RAMP_INTERSECTION,SIDE_OF_HWY,TOW_AWAY,COLLISION_SEVERITY,NUMBER_KILLED,NUMBER_INJURED,PARTY_COUNT,PRIMARY_COLL_FACTOR,PCF_CODE_OF_VIOL,PCF_VIOL_CATEGORY,PCF_VIOLATION,PCF_VIOL_SUBSECTION,HIT_AND_RUN,TYPE_OF_COLLISION,MVIW,PED_ACTION,ROAD_SURFACE,ROAD_COND_1,ROAD_COND_2,LIGHTING,CONTROL_DEVICE,CHP_ROAD_TYPE,PEDESTRIAN_ACCIDENT,BICYCLE_ACCIDENT,MOTORCYCLE_ACCIDENT,TRUCK_ACCIDENT,NOT_PRIVATE_PROPERTY,ALCOHOL_INVOLVED,STWD_VEHTYPE_AT_FAULT,CHP_VEHTYPE_AT_FAULT,COUNT_SEVERE_INJ,COUNT_VISIBLE_INJ,COUNT_COMPLAINT_PAIN,COUNT_PED_KILLED,COUNT_PED_INJURED,COUNT_BICYCLIST_KILLED,COUNT_BICYCLIST_INJURED,COUNT_MC_KILLED,COUNT_MC_INJURED,PRIMARY_RAMP,SECONDARY_RAMP,LATITUDE,LONGITUDE,COUNTY,CITY,POINT_X,POINT_Y
9749993,2024,2024-12-04,3608,2024-10-07,926,4032,NA,1,5,5,3608,0,0,0,NA,0,NA,SOUTH SAN MATEO ST,WEST FERN AVE,0,NA,Y,A,-,N,NA,NA,NA,NA,NA,NA,NA,NA,NA,N,4,0,1,2,A,-,09,21800,A,N,D,C,A,A,H,-,A,A,0,NA,NA,NA,NA,Y,NA,D,22,0,0,1,0,0,0,0,0,0,-,-,NA,NA,SAN BERNARDINO,REDLANDS,-117.19339752197266,34.042354583740234
9750088,2024,2024-11-05,3608,2024-10-10,1620,5071,3608,4,5,5,3608,0,0,0,NA,0,901,SILVER CUP CT,FOOTHILL WY,43,E,N,A,-,N,NA,NA,NA,NA,NA,NA,NA,NA,NA,N,3,0,1,2,A,-,03,22350,NA,N,C,E,A,A,H,-,A,A,0,NA,Y,NA,NA,Y,NA,L,04,0,1,0,0,0,0,1,0,0,-,-,NA,NA,SAN BERNARDINO,REDLANDS,-117.14620971679688,34.07222366333008
9750089,2024,2024-11-05,3608,2024-10-07,1511,5258,3608,1,5,5,3608,0,0,0,NA,0,901,KANSAS ST,PARKERS CT,50,N,N,A,-,N,NA,NA,NA,NA,NA,NA,NA,NA,NA,Y,3,0,1,2,A,-,03,22350,NA,N,A,E,A,A,H,-,A,A,0,NA,NA,NA,NA,Y,NA,A,01,0,1,0,0,0,0,0,0,0,-,-,NA,NA,SAN BERNARDINO,REDLANDS,-117.20435333251952,34.04966735839844
9750157,2024,2024-11-06,3608,2024-09-20,1714,4903,NA,5,5,5,3608,0,0,0,NA,0,NA,ORANGE ST,PIONEER AV,2220,N,N,A,-,N,NA,NA,NA,NA,NA,NA,NA,NA,NA,Y,3,0,1,3,A,-,03,22350,NA,N,C,C,A,A,H,-,A,A,0,NA,NA,NA,NA,Y,NA,A,01,0,1,0,0,0,0,0,0,0,-,-,NA,NA,SAN BERNARDINO,REDLANDS,-117.1823959350586,34.08692169189453
9750195,2024,2024-11-15,3608,2024-08-19,1430,4761,3608,1,5,5,3608,0,0,0,NA,0,NA,SAN BERNARDINO AV,ALTA ST,45,W,N,A,-,N,NA,NA,NA,NA,NA,NA,NA,NA,NA,N,4,0,1,2,A,-,09,21804,A,N,B,C,A,A,H,-,A,D,0,NA,NA,NA,NA,Y,NA,A,07,0,0,1,0,0,0,0,0,0,-,-,NA,NA,SAN BERNARDINO,REDLANDS,-117.18155670166016,34.07727813720703
9750485,2024,2024-12-19,3600,2024-10-06,42,J4807,HE101,7,5,5,3619,0,0,0,NA,0,HE1,BEAR VALLY RD,RT 15,66,W,N,A,-,Y,SBD,8,15,-,-,37.433,R,4,N,Y,4,0,1,2,A,-,01,23152,A,M,C,D,A,A,H,-,C,A,0,NA,NA,NA,NA,Y,Y,A,01,0,0,1,0,0,0,0,0,0,-,NF,NA,NA,SAN BERNARDINO,HESPERIA,-117.34757232666016,34.468509674072266
9750607,2024,2024-12-12,3600,2024-10-25,1257,H5895,CH017,5,5,5,3630,0,0,0,NA,0,CH3,CARBON CANYON RD,TELEPHONE RD,1399,W,N,A,-,Y,SBD,8,142,-,-,0.41,H,-,W,Y,3,0,2,2,A,-,07,21658,A,N,A,C,A,A,H,-,A,D,0,NA,NA,NA,NA,Y,NA,A,01,0,2,0,0,0,0,0,0,0,-,-,NA,NA,SAN BERNARDINO,CHINO HILLS,-117.77687072753906,33.949546813964844
9750730,2024,2024-12-20,3600,2024-11-01,2000,H8994,HE304,5,5,5,3619,0,0,0,NA,0,HE3,MAIN ST,ESCONDIDO AV,0,NA,Y,A,-,N,NA,NA,NA,NA,NA,NA,NA,NA,NA,N,4,0,1,2,A,-,17,21451,B,N,D,C,A,A,H,-,C,A,0,NA,NA,NA,NA,Y,NA,A,01,0,0,1,0,0,0,0,0,0,-,-,NA,NA,SAN BERNARDINO,HESPERIA,-117.37299346923828,34.4266471862793
9751284,2024,2024-11-05,3600,2024-08-15,645,H9747,VC032,4,5,5,3612,0,0,0,NA,0,VC2,RIDGECREST RD,CHINQUAPIN DR,550,S,N,A,-,N,NA,NA,NA,NA,NA,NA,NA,NA,NA,Y,1,1,1,2,A,-,08,22107,NA,N,A,C,A,A,H,-,A,D,0,NA,NA,NA,NA,Y,NA,A,01,1,0,0,0,0,0,0,0,0,-,-,34.498779296875,-117.27742004394533,SAN BERNARDINO,VICTORVILLE,-117.27732849121094,34.499141693115234
9751384,2024,2024-11-18,3600,2024-09-18,2020,G8614,RC050,3,5,6,3616,0,0,0,NA,0,RC4,FOOTHILL BL,ORCHARD PLAZA,0,NA,Y,A,-,N,NA,NA,NA,NA,NA,NA,NA,NA,NA,N,1,1,0,2,A,-,00,21955,A,N,G,B,D,A,H,-,C,D,0,Y,NA,NA,NA,Y,NA,N,60,0,0,0,1,0,0,0,0,0,-,-,NA,NA,SAN BERNARDINO,RANCHO CUCAMONGA,-121.36933135986328,36.951370239257805
9751492,2023,2025-02-19,3609,2023-06-24,2040,02306,214,6,5,5,3609,0,0,0,NA,0,004,SANTA ANA AV,WILLOW AV,0,W,N,A,-,N,NA,NA,NA,NA,NA,NA,NA,NA,NA,Y,1,1,1,2,A,-,01,23152,A,N,A,C,A,A,A,-,C,D,0,NA,NA,NA,Y,Y,Y,F,26,0,0,1,0,0,0,0,0,0,-,-,34.0560302734375,-117.37418365478516,SAN BERNARDINO,RIALTO,-117.37458801269533,34.05589294433594
9752056,2024,2024-11-20,3603,2024-11-03,1552,4915,CPD,7,5,4,3603,0,0,0,NA,0,002,MT VERNON AV,FAIRWAY DR,0,NA,Y,A,-,N,NA,NA,NA,NA,NA,NA,NA,NA,NA,Y,3,0,2,3,A,-,12,21453,A,F,D,C,A,A,H,-,A,A,0,NA,NA,NA,NA,Y,NA,D,22,0,1,1,0,0,0,0,0,0,-,-,34.06800079345703,-117.31300354003906,SAN BERNARDINO,COLTON,-117.3138427734375,34.06870651245117
9752969,2024,2024-11-12,3600,2024-09-30,1454,I9535,RC202,1,5,6,3616,0,0,0,NA,0,RCM,MONET AVE,FOOTHILL BL,0,NA,Y,A,-,N,NA,NA,NA,NA,NA,NA,NA,NA,NA,N,3,0,1,2,A,-,03,22350,NA,N,E,A,A,A,H,-,A,D,0,NA,NA,NA,NA,Y,NA,A,01,0,1,0,0,0,0,0,0,0,-,-,NA,NA,SAN BERNARDINO,RANCHO CUCAMONGA,-117.53556823730467,34.106407165527344
9754185,2024,2024-11-27,3600,2024-10-31,1522,F4772,VC029,4,5,5,3612,0,0,0,NA,0,VC2,RODEO DR,CABRILLO DR,298,N,N,A,-,N,NA,NA,NA,NA,NA,NA,NA,NA,NA,N,4,0,1,2,A,-,09,21804,A,N,D,C,A,A,H,-,A,D,0,NA,NA,NA,NA,Y,NA,A,01,0,0,1,0,0,0,0,0,0,-,-,34.51646041870117,-117.30391693115234,SAN BERNARDINO,VICTORVILLE,-117.30404663085938,34.5163688659668
9754962,2024,2025-07-18,3610,2024-09-26,2043,51456,NA,4,5,6,3610,0,0,0,NA,0,NA,5TH ST,SIERRA WY,0,NA,Y,A,-,N,NA,NA,NA,NA,NA,NA,NA,NA,NA,Y,4,0,5,2,A,-,09,21801,A,N,A,C,A,A,H,-,C,A,0,NA,NA,NA,NA,Y,NA,A,01,0,0,5,0,0,0,0,0,0,-,-,NA,NA,SAN BERNARDINO,SAN BERNARDINO,-117.28514099121094,34.108306884765625
9755026,2024,2024-12-05,3610,2024-10-01,130,51442,NA,2,5,6,3610,0,0,0,NA,0,NA,E BASELINE ST,FAIRFAX DR,170,W,N,A,-,N,NA,NA,NA,NA,NA,NA,NA,NA,NA,N,3,0,1,2,A,-,00,20001,A,F,G,B,D,A,H,-,C,A,0,Y,NA,NA,NA,Y,NA,-,NA,0,1,0,0,1,0,0,0,0,-,-,34.12131881713867,-117.25892639160156,SAN BERNARDINO,SAN BERNARDINO,-117.25794219970705,34.12131881713867
9755094,2024,2025-01-06,3610,2024-09-21,2207,51324,NA,6,5,6,3610,0,0,0,NA,0,NA,E DATE,N STERLING N,0,NA,Y,A,-,N,NA,NA,NA,NA,NA,NA,NA,NA,NA,N,4,0,1,2,A,-,09,21800,A,N,D,C,A,A,H,-,C,A,0,NA,NA,NA,NA,Y,NA,A,01,0,0,1,0,0,0,0,0,0,-,-,34.13848876953125,-117.24366760253906,SAN BERNARDINO,SAN BERNARDINO,-117.24366760253906,34.138458251953125
9755498,2024,2024-11-20,3600,2024-10-24,1857,J1897,LL008,4,5,3,3615,0,0,0,NA,0,LL2,BARTON RD,UNIVERSITY AV,53.2,E,N,A,-,N,NA,NA,NA,NA,NA,NA,NA,NA,NA,Y,2,0,2,2,A,-,05,21460,NA,F,A,C,A,A,H,-,C,A,0,NA,NA,NA,NA,Y,NA,A,01,1,0,1,0,0,0,0,0,0,-,-,NA,NA,SAN BERNARDINO,LOMA LINDA,-117.27399444580078,34.052005767822266
9756041,2024,2024-11-25,3600,2024-10-01,740,F5130,RC200,2,5,6,3616,0,0,0,NA,0,RCM,MAIN ST,MONET AV,0,NA,Y,A,-,N,NA,NA,NA,NA,NA,NA,NA,NA,NA,N,3,0,1,2,A,-,12,22450,A,M,G,B,B,A,H,-,B,A,0,Y,NA,NA,NA,Y,NA,D,22,0,1,0,0,1,0,0,0,0,-,-,NA,NA,SAN BERNARDINO,RANCHO CUCAMONGA,-117.5344009399414,34.110836029052734
9756078,2024,2024-12-02,3600,2024-11-08,1936,H9757,HI022,5,5,4,3618,0,0,0,NA,0,HI3,BOULDER AV,PACIFIC ST,0,NA,Y,A,-,N,NA,NA,NA,NA,NA,NA,NA,NA,NA,Y,3,0,1,2,A,-,01,23153,NA,N,D,C,A,A,H,-,C,D,0,NA,NA,NA,NA,Y,Y,D,22,0,1,0,0,0,0,0,0,0,-,-,34.128501892089844,-117.19541168212892,SAN BERNARDINO,HIGHLAND,-117.19564819335938,34.128475189208984
9756262,2024,2024-11-25,3600,2024-09-24,924,C8620,RC028,2,5,6,3616,0,0,0,NA,0,RC2,HERMOSA AV,19TH ST,0,NA,Y,A,-,N,NA,NA,NA,NA,NA,NA,NA,NA,NA,Y,4,0,2,2,A,-,09,21801,A,N,D,C,A,A,H,-,A,A,0,NA,NA,NA,NA,Y,NA,A,01,0,0,2,0,0,0,0,0,0,-,-,NA,NA,SAN BERNARDINO,RANCHO CUCAMONGA,-117.58477783203124,34.13243865966797
9759734,2024,2025-01-15,3600,2024-11-19,1424,G6192,AP010,2,5,5,3621,0,0,0,NA,0,AP3,DEEP CREEK RD,VERDE DR,0,NA,Y,A,-,N,NA,NA,NA,NA,NA,NA,NA,NA,NA,Y,3,0,3,2,A,-,03,22350,NA,N,C,C,A,A,H,-,A,D,0,NA,NA,NA,NA,Y,NA,A,07,0,2,1,0,0,0,0,0,0,-,-,NA,NA,SAN BERNARDINO,APPLE VALLEY,-117.2251205444336,34.44779586791992
9759856,2024,2025-01-23,3600,2024-12-20,1718,H8975,HE308,5,5,5,3619,0,0,0,NA,0,HE3,MAIN ST,COTTONWOOD AV,202,E,N,A,-,N,NA,NA,NA,NA,NA,NA,NA,NA,NA,Y,3,0,1,2,A,-,03,22350,NA,N,C,C,A,A,H,-,C,A,0,NA,NA,NA,NA,Y,NA,A,01,0,1,0,0,0,0,0,0,0,-,-,NA,NA,SAN BERNARDINO,HESPERIA,-117.33778381347656,34.42694854736328
9759936,2024,2025-01-21,3604,2024-12-16,1206,1139,NA,1,5,6,3604,0,0,0,NA,0,NA,TOWER CT,SLOVER AV,185,N,N,A,-,N,NA,NA,NA,NA,NA,NA,NA,NA,NA,Y,4,0,1,2,A,-,09,21802,A,N,D,C,A,A,H,-,A,A,0,NA,NA,NA,NA,Y,NA,A,01,0,0,1,0,0,0,0,0,0,-,-,NA,NA,SAN BERNARDINO,FONTANA,-117.4318389892578,34.063602447509766
9760224,2024,2025-01-29,3604,2024-12-05,1915,1288,3604,4,5,6,3604,0,0,0,NA,0,002,BASELINE AV,CITRUS AV,0,NA,Y,A,-,N,NA,NA,NA,NA,NA,NA,NA,NA,NA,N,2,0,1,2,A,-,03,22350,NA,N,C,C,A,A,H,-,C,A,0,NA,NA,Y,NA,Y,NA,C,02,1,0,0,0,0,0,0,0,1,-,-,NA,NA,SAN BERNARDINO,FONTANA,-117.45362091064452,34.121482849121094
9760294,2024,2024-12-05,3600,2024-09-17,1915,G8614,RC016,2,5,6,3616,0,0,0,NA,0,RC6,MILLIKEN AV,6TH ST,0,NA,Y,A,-,N,NA,NA,NA,NA,NA,NA,NA,NA,NA,Y,3,0,1,2,A,-,12,21453,A,N,D,C,A,A,H,-,C,A,0,NA,NA,NA,NA,Y,NA,A,07,0,1,0,0,0,0,0,0,0,-,-,NA,NA,SAN BERNARDINO,RANCHO CUCAMONGA,-117.55844116210938,34.084529876708984
9760377,2024,2024-12-05,3600,2024-09-18,657,F5130,RC028,3,5,6,3616,0,0,0,NA,0,RC2,BASE LINE RD,HERMOSA AV,0,NA,Y,A,-,N,NA,NA,NA,NA,NA,NA,NA,NA,NA,Y,4,0,1,2,A,-,09,21801,A,N,A,C,A,A,H,-,B,A,0,NA,NA,NA,NA,Y,NA,A,01,0,0,1,0,0,0,0,0,0,-,-,NA,NA,SAN BERNARDINO,RANCHO CUCAMONGA,-117.58468627929688,34.12152862548828
9761324,2024,2024-12-18,3610,2024-10-09,2151,51418,NA,3,5,6,3610,0,0,0,NA,0,NA,W 30TH,N SIERRA,0,NA,Y,A,-,N,NA,NA,NA,NA,NA,NA,NA,NA,NA,Y,4,0,2,2,A,-,08,22107,NA,N,A,C,A,A,H,-,C,A,0,NA,NA,NA,NA,Y,NA,A,01,0,0,2,0,0,0,0,0,0,-,-,NA,NA,SAN BERNARDINO,SAN BERNARDINO,-117.28510284423828,34.145973205566406
9761464,2024,2024-12-24,3600,2024-09-24,1244,F8556,RC024,2,5,6,3616,0,0,0,NA,0,002,WILSON AV,WINCHESTER CT,0,NA,Y,A,-,N,NA,NA,NA,NA,NA,NA,NA,NA,NA,Y,4,0,1,2,A,-,09,21801,A,N,D,C,A,A,H,-,A,A,0,NA,NA,NA,NA,Y,NA,A,01,0,0,1,0,0,0,0,0,0,-,-,NA,NA,SAN BERNARDINO,RANCHO CUCAMONGA,-117.58168029785156,34.15055465698242
9761588,2024,2025-02-07,3600,2024-11-02,1145,I7906,HI018,6,5,4,3618,0,0,0,NA,0,HI3,BASELINE,RT 210,0,NA,Y,A,-,Y,SBD,8,210,-,R,29.216,R,1,W,N,3,0,1,2,A,-,11,21950,B,N,G,G,A,A,H,-,A,A,0,NA,Y,NA,NA,Y,NA,L,04,0,1,0,0,0,0,1,0,0,-,-,34.121089935302734,-117.20005798339844,SAN BERNARDINO,HIGHLAND,-117.20053863525392,34.122772216796875
9761940,2024,2025-01-10,3600,2024-11-19,938,F4772,VC019,2,5,5,3612,0,0,0,NA,0,VC2,GREEN TREE BL,SAINT ANDREWS DR,0,NA,Y,A,-,N,NA,NA,NA,NA,NA,NA,NA,NA,NA,Y,4,0,1,3,A,-,09,21804,A,N,D,C,A,A,H,-,A,D,0,NA,NA,NA,Y,Y,NA,A,01,0,0,1,0,0,0,0,0,0,-,-,34.50859832763672,-117.3191375732422,SAN BERNARDINO,VICTORVILLE,-117.31923675537108,34.50835037231445
9762243,2024,2024-12-27,3604,2024-10-21,1542,D218,J28G2,1,5,6,3604,0,0,0,NA,0,003,CYPRESS AV,CORIANDER PL,185,N,N,A,-,N,NA,NA,NA,NA,NA,NA,NA,NA,NA,N,3,0,2,2,A,-,08,22107,NA,N,D,C,A,A,H,-,A,D,0,NA,NA,NA,NA,Y,NA,A,01,0,1,1,0,0,0,0,0,0,-,-,NA,NA,SAN BERNARDINO,FONTANA,-117.44432067871094,34.057865142822266
9763266,2024,2025-03-06,3610,2024-11-01,1337,51465,NA,5,5,6,3610,0,0,0,NA,0,NA,RT 215,W BASELINE ST,0,NA,Y,A,-,Y,SBD,8,215,-,-,7.892,R,4,N,N,4,0,2,2,A,-,12,21453,NA,N,D,C,A,A,H,-,A,A,0,NA,NA,NA,NA,Y,NA,-,-,0,0,2,0,0,0,0,0,0,-,-,34.12144088745117,-117.30262756347656,SAN BERNARDINO,SAN BERNARDINO,-117.30240631103516,34.118656158447266
9764313,2024,2025-02-24,3600,2024-04-20,2057,F8618,TW006,6,5,3,3617,0,0,0,NA,0,TW1,RT 62,ARABY AV,95,E,N,A,-,Y,SBD,8,62,-,-,34.52,H,-,W,Y,3,0,2,2,A,-,05,21651,NA,N,B,C,A,A,H,-,D,D,0,NA,NA,NA,NA,Y,NA,A,01,0,2,0,0,0,0,0,0,0,-,-,NA,NA,SAN BERNARDINO,TWENTYNINE PALMS,-116.03148651123048,34.13591766357422
9764453,2024,2025-01-27,3610,2024-11-08,1924,51553,NA,5,5,6,3610,0,0,0,NA,0,BAKER,KENDALL DR,REVERE AV,1,W,N,A,-,N,NA,NA,NA,NA,NA,NA,NA,NA,NA,N,2,0,1,2,A,-,11,21954,A,N,G,B,D,-,H,-,D,D,0,Y,NA,NA,NA,Y,NA,N,60,1,0,0,0,1,0,0,0,0,-,-,NA,NA,SAN BERNARDINO,SAN BERNARDINO,-117.33547973632813,34.178340911865234
9766568,2024,2025-03-06,3603,2024-10-19,810,4871,CPD,6,5,4,3603,0,0,0,NA,0,004,SANTO ANTONIO DR,WASHINGTON ST,500,S,N,A,-,N,NA,NA,NA,NA,NA,NA,NA,NA,NA,Y,3,0,1,2,A,-,07,21658,A,N,B,C,A,A,H,-,A,D,0,NA,NA,NA,NA,Y,NA,A,01,0,1,0,0,0,0,0,0,0,-,-,NA,NA,SAN BERNARDINO,COLTON,-117.31642150878906,34.04570007324219
9766967,2025,2025-04-10,3608,2025-03-06,2355,5161,NA,4,5,5,3608,0,0,0,NA,0,NA,ORANGE ST,E REDLANDS BL,213,N,N,B,-,N,NA,NA,NA,NA,NA,NA,NA,NA,NA,N,4,0,1,3,A,-,09,21804,A,N,D,C,A,B,H,-,D,A,0,NA,NA,NA,NA,Y,NA,D,22,0,0,1,0,0,0,0,0,0,-,-,NA,NA,SAN BERNARDINO,REDLANDS,-117.18257904052734,34.057884216308594
9767075,2025,2025-04-10,3608,2025-03-03,1741,5434,NA,1,5,5,3608,0,0,0,NA,0,NA,COLTON AV,CHURCH ST,0,NA,Y,A,-,N,NA,NA,NA,NA,NA,NA,NA,NA,NA,Y,2,0,2,3,A,-,12,21453,A,N,A,B,B,A,H,-,A,A,0,Y,NA,NA,NA,Y,NA,A,01,2,0,0,0,2,0,0,0,0,-,-,NA,NA,SAN BERNARDINO,REDLANDS,-117.17379760742188,34.06282043457031
9767106,2025,2025-04-23,3608,2025-02-27,2121,5218,3608,4,5,5,3608,0,0,0,NA,0,901,E FERN AV,EAST REDLANDS BL,17,W,N,A,-,N,NA,NA,NA,NA,NA,NA,NA,NA,NA,N,3,0,1,2,A,-,09,21804,A,N,D,G,A,A,H,-,C,A,0,NA,Y,NA,NA,Y,NA,A,01,0,1,0,0,0,0,1,0,0,-,-,34.030860900878906,-117.10240936279295,SAN BERNARDINO,REDLANDS,-117.17383575439452,34.05312728881836
9767110,2025,2025-04-07,3608,2025-02-20,1104,5258,3608,4,5,5,3608,0,0,0,NA,0,901,EUREKA ST,W STUART AV,100,N,N,A,-,N,NA,NA,NA,NA,NA,NA,NA,NA,NA,N,3,0,2,2,A,-,05,21460,NA,N,C,C,A,A,H,-,A,A,0,NA,NA,NA,NA,Y,NA,A,01,0,1,1,0,0,0,0,0,0,-,-,NA,NA,SAN BERNARDINO,REDLANDS,-117.1865005493164,34.05988311767578
9767296,2025,2025-04-24,3600,2025-03-18,826,H5258,HE203,2,5,5,3619,0,0,0,NA,0,HE2,PEACH AV,LEMON ST,0,NA,Y,A,-,N,NA,NA,NA,NA,NA,NA,NA,NA,NA,Y,3,0,1,2,A,-,05,21460,A,N,D,C,A,A,H,-,A,A,0,NA,NA,NA,NA,Y,NA,A,01,0,1,0,0,0,0,0,0,0,-,-,NA,NA,SAN BERNARDINO,HESPERIA,-117.26490783691406,34.44195556640625
9767427,2024,2024-12-16,3600,2024-11-25,1149,J1624,VC013,1,5,5,3612,0,0,0,NA,0,VC5,BEAR VALLEY RD,AMARGOSA RD,0,NA,Y,A,-,N,NA,NA,NA,NA,NA,NA,NA,NA,NA,Y,4,0,2,2,A,-,12,21453,A,N,D,C,A,A,H,-,A,A,0,NA,NA,NA,NA,Y,NA,A,07,0,0,2,0,0,0,0,0,0,-,-,34.47052001953125,-117.34860229492188,SAN BERNARDINO,VICTORVILLE,-117.34842681884766,34.47041320800781
9768052,2024,2025-01-02,3604,2024-10-10,1556,1488,3604,4,5,6,3604,0,0,0,NA,0,002,CHERRY AV,BAR HARBOR RD,0,NA,Y,A,-,N,NA,NA,NA,NA,NA,NA,NA,NA,NA,N,4,0,1,3,A,-,08,22107,NA,M,B,C,A,A,H,-,A,A,0,NA,NA,Y,NA,Y,NA,-,NA,0,0,1,0,0,0,0,0,1,-,-,34.11991882324219,-117.48886108398438,SAN BERNARDINO,FONTANA,-117.48863983154295,34.11983871459961
9768081,2024,2024-12-19,3608,2024-11-14,1531,4298,3608,4,5,5,3608,0,0,0,NA,0,901,TEXAS ST,ELISE DR,150,N,N,A,-,N,NA,NA,NA,NA,NA,NA,NA,NA,NA,Y,3,0,3,3,A,-,03,22350,A,N,C,C,A,A,H,-,A,A,0,NA,NA,NA,NA,Y,NA,D,22,0,3,0,0,0,0,0,0,0,-,-,NA,NA,SAN BERNARDINO,REDLANDS,-117.1911392211914,34.07590103149414
9768097,2024,2024-12-13,3604,2024-10-01,1028,1491,NA,2,5,6,3604,0,0,0,NA,0,001,KNOX AV,CURTIS AV,285,N,N,A,-,N,NA,NA,NA,NA,NA,NA,NA,NA,NA,Y,4,0,1,2,A,-,03,22350,NA,N,C,E,A,A,H,-,A,D,0,NA,NA,NA,NA,Y,NA,A,01,0,0,1,0,0,0,0,0,0,-,-,34.14326095581055,-117.46221923828124,SAN BERNARDINO,FONTANA,-117.46221923828124,34.14393997192383
9768435,2024,2025-01-13,3600,2024-10-10,502,I6076,AP022,4,5,5,3621,0,0,0,NA,0,AP4,BEAR VALLEY RD,DENNISON RD,206,E,N,A,-,N,NA,NA,NA,NA,NA,NA,NA,NA,NA,N,2,0,1,1,A,-,08,22107,NA,N,F,I,A,A,H,-,C,D,0,NA,NA,NA,NA,Y,NA,D,22,1,0,0,0,0,0,0,0,0,-,-,NA,NA,SAN BERNARDINO,APPLE VALLEY,-117.16321563720705,34.47170639038086
9768558,2024,2025-01-10,3604,2024-10-31,752,1376,NA,4,5,6,3604,0,0,0,NA,0,002,SOUTH HERITAGE CIR,WEST GRAND AV,440,W,N,A,-,N,NA,NA,NA,NA,NA,NA,NA,NA,NA,N,3,0,1,2,A,-,03,22350,NA,N,C,C,A,A,H,-,A,D,0,NA,NA,NA,NA,Y,NA,A,01,0,1,0,0,0,0,0,0,0,-,-,NA,NA,SAN BERNARDINO,FONTANA,-117.50225067138672,34.11864471435547
9768795,2024,2025-01-22,3604,2024-11-17,841,1357,NA,7,5,6,3604,0,0,0,NA,0,003,ARROW BL,LOCUST AV,0,NA,Y,A,-,N,NA,NA,NA,NA,NA,NA,NA,NA,NA,Y,3,0,1,2,A,-,12,21453,A,N,D,C,A,A,H,-,A,A,0,NA,NA,NA,NA,Y,NA,D,22,0,1,0,0,0,0,0,0,0,-,-,NA,NA,SAN BERNARDINO,FONTANA,-117.40963745117188,34.09947967529297
9768810,2024,2025-01-27,3605,2024-11-17,927,515,NA,7,5,4,3605,0,0,0,NA,0,NA,MONTE VISTA AV,PALO VERDE ST,0,NA,Y,A,-,N,NA,NA,NA,NA,NA,NA,NA,NA,NA,Y,4,0,1,2,A,-,09,21801,A,N,D,C,A,A,H,-,A,A,0,NA,NA,NA,NA,Y,NA,A,01,0,0,1,0,0,0,0,0,0,-,-,34.08135986328125,-117.69824981689452,SAN BERNARDINO,MONTCLAIR,-117.69825744628906,34.081363677978516
9769159,2025,2025-02-06,3600,2025-01-19,1657,H8994,HE304,7,5,5,3619,0,0,0,NA,0,HE3,ESCONDIDO AV,SULTANA ST,0,NA,Y,A,-,N,NA,NA,NA,NA,NA,NA,NA,NA,NA,N,4,0,1,2,A,-,05,21650,1,N,D,G,A,A,H,-,A,A,0,NA,Y,NA,NA,Y,NA,M,91,0,0,1,0,0,0,1,0,0,-,-,NA,NA,SAN BERNARDINO,HESPERIA,-117.37294006347656,34.419490814208984
9769321,2025,2025-02-13,3600,2025-01-13,1550,15434,VV267,1,5,3,3613,0,0,0,NA,0,PH2,MOJAVE DR,ALEXANDRIA ST,0,NA,Y,A,-,N,NA,NA,NA,NA,NA,NA,NA,NA,NA,Y,4,0,1,4,C,-,18,NA,NA,N,C,C,A,A,H,-,A,D,0,NA,NA,NA,NA,Y,NA,-,-,0,0,1,0,0,0,0,0,0,-,-,34.52840042114258,-117.42031860351563,SAN BERNARDINO,ADELANTO,-117.42035675048828,34.52839279174805
9769624,2024,2025-01-17,3600,2024-11-25,1420,J3483,TW001,1,5,3,3617,0,0,0,NA,0,TW1,RT 62,INDIAN COVE RD,320,W,N,A,-,Y,SBD,8,62,-,-,27.37,H,-,E,Y,3,0,4,1,A,-,03,22350,NA,N,F,A,A,A,H,-,A,D,0,NA,NA,NA,NA,Y,NA,A,01,0,1,3,0,0,0,0,0,0,-,-,34.1351318359375,-116.1562271118164,SAN BERNARDINO,TWENTYNINE PALMS,-116.15624237060548,34.13500213623047
9769747,2024,2025-01-30,3600,2024-12-05,1940,I6076,AP002,4,5,5,3621,0,0,0,NA,0,AP1,RT 18,KASOTA RD,54,W,N,A,-,Y,SBD,8,18,-,-,94.09,H,-,N,N,3,0,1,2,A,-,11,21954,A,N,G,B,C,A,H,-,C,A,0,Y,NA,NA,NA,Y,NA,N,60,0,1,0,0,1,0,0,0,0,-,-,NA,NA,SAN BERNARDINO,APPLE VALLEY,-117.26708984375,34.54072952270508