CASE_ID,ACCIDENT_YEAR,PROC_DATE,JURIS,COLLISION_DATE,COLLISION_TIME,OFFICER_ID,REPORTING_DISTRICT,DAY_OF_WEEK,CHP_SHIFT,POPULATION,CNTY_CITY_LOC,SPECIAL_COND,BEAT_TYPE,CHP_BEAT_TYPE,CITY_DIVISION_LAPD,CHP_BEAT_CLASS,BEAT_NUMBER,PRIMARY_RD,SECONDARY_RD,DISTANCE,DIRECTION,INTERSECTION,WEATHER_1,WEATHER_2,STATE_HWY_IND,CALTRANS_COUNTY,CALTRANS_DISTRICT,STATE_ROUTE,ROUTE_SUFFIX,POSTMILE_PREFIX,POSTMILE,LOCATION_TYPE,RAMP_INTERSECTION,SIDE_OF_HWY,TOW_AWAY,COLLISION_SEVERITY,NUMBER_KILLED,NUMBER_INJURED,PARTY_COUNT,PRIMARY_COLL_FACTOR,PCF_CODE_OF_VIOL,PCF_VIOL_CATEGORY,PCF_VIOLATION,PCF_VIOL_SUBSECTION,HIT_AND_RUN,TYPE_OF_COLLISION,MVIW,PED_ACTION,ROAD_SURFACE,ROAD_COND_1,ROAD_COND_2,LIGHTING,CONTROL_DEVICE,CHP_ROAD_TYPE,PEDESTRIAN_ACCIDENT,BICYCLE_ACCIDENT,MOTORCYCLE_ACCIDENT,TRUCK_ACCIDENT,NOT_PRIVATE_PROPERTY,ALCOHOL_INVOLVED,STWD_VEHTYPE_AT_FAULT,CHP_VEHTYPE_AT_FAULT,COUNT_SEVERE_INJ,COUNT_VISIBLE_INJ,COUNT_COMPLAINT_PAIN,COUNT_PED_KILLED,COUNT_PED_INJURED,COUNT_BICYCLIST_KILLED,COUNT_BICYCLIST_INJURED,COUNT_MC_KILLED,COUNT_MC_INJURED,PRIMARY_RAMP,SECONDARY_RAMP,LATITUDE,LONGITUDE,COUNTY,CITY,POINT_X,POINT_Y
9796608,2025,2025-04-03,3610,2025-02-18,1900,51271,NA,2,5,6,3610,0,0,0,NA,0,BAKER,W 48TH ST,N E ST N,0,NA,Y,A,-,N,NA,NA,NA,NA,NA,NA,NA,NA,NA,Y,4,0,1,2,A,-,09,21803,A,N,D,C,A,A,H,-,C,A,0,NA,NA,NA,NA,Y,NA,A,01,0,0,1,0,0,0,0,0,0,-,-,34.17185974121094,-117.30052185058594,SAN BERNARDINO,SAN BERNARDINO,-117.30052185058594,34.17182159423828
9796910,2025,2025-04-11,3604,2025-01-12,1231,1427,NA,7,5,6,3604,0,0,0,NA,0,NA,ALDER AV,WABASH AV,0,NA,N,A,-,N,NA,NA,NA,NA,NA,NA,NA,NA,NA,Y,3,0,1,2,A,-,09,21801,A,N,D,C,A,A,H,-,A,A,0,NA,NA,NA,NA,Y,NA,D,22,0,1,0,0,0,0,0,0,0,-,-,NA,NA,SAN BERNARDINO,FONTANA,-117.41841888427734,34.11795425415039
9798144,2025,2025-05-29,3600,2025-05-11,2200,18688,VC051,7,5,5,3612,0,0,0,NA,0,VC8,MAJELA AV,PRENDA ST,533,N,N,A,-,N,NA,NA,NA,NA,NA,NA,NA,NA,NA,Y,4,0,1,2,A,-,01,23152,NA,N,E,E,A,A,H,-,C,D,0,NA,NA,NA,NA,Y,NA,A,01,0,0,1,0,0,0,0,0,0,-,-,NA,NA,SAN BERNARDINO,VICTORVILLE,-117.3430404663086,34.55272674560547
9798980,2025,2025-06-17,3600,2025-05-30,1148,J1624,VC050,5,5,5,3612,0,0,0,NA,0,VC8,AMARGOSA RD,TAWNEY RIDGE LN,0,NA,Y,A,-,N,NA,NA,NA,NA,NA,NA,NA,NA,NA,Y,3,0,1,2,A,-,09,21802,A,N,D,C,A,A,H,-,A,A,0,NA,NA,NA,NA,Y,NA,A,01,0,1,0,0,0,0,0,0,0,-,-,34.53596878051758,-117.33023834228516,SAN BERNARDINO,VICTORVILLE,-117.33026885986328,34.53596115112305
9799324,2025,2025-07-01,3608,2025-05-09,1759,4824,NA,5,5,5,3608,0,0,0,NA,0,25001,N 6TH ST,E REDLANDS BL,0,NA,Y,A,-,N,NA,NA,NA,NA,NA,NA,NA,NA,NA,N,3,0,1,2,A,-,09,21801,NA,N,A,C,A,A,H,-,A,A,0,NA,NA,NA,NA,Y,NA,A,01,0,1,0,0,0,0,0,0,0,-,-,NA,NA,SAN BERNARDINO,REDLANDS,-117.18036651611328,34.05728530883789
9801659,2025,2025-04-15,3610,2025-03-01,1620,51426,NA,6,5,6,3610,0,0,0,NA,0,BAKER,9TH ST,E ST,270,E,N,A,-,N,NA,NA,NA,NA,NA,NA,NA,NA,NA,Y,4,0,1,1,A,-,08,22107,NA,N,A,I,A,A,H,-,A,D,0,NA,NA,NA,NA,Y,NA,A,01,0,0,1,0,0,0,0,0,0,-,-,NA,NA,SAN BERNARDINO,SAN BERNARDINO,-117.29328155517578,34.115760803222656
9802300,2025,2025-04-16,3601,2025-03-28,1647,15K9,BARST,5,5,3,3601,0,0,0,NA,0,PATROL,MONTARA RD,ARMORY RD,0,NA,Y,A,-,N,NA,NA,NA,NA,NA,NA,NA,NA,NA,N,2,0,1,1,A,-,03,22350,A,N,A,I,A,A,H,-,A,A,0,NA,NA,NA,NA,Y,NA,-,NA,1,0,0,0,0,0,0,0,0,-,-,NA,NA,SAN BERNARDINO,BARSTOW,-116.99374389648438,34.8839111328125
9802550,2024,2025-04-30,3601,2024-12-31,1137,P-40,3601,2,5,3,3601,0,0,0,NA,0,001,LENWOOD RD,"LENWOOD RD, DESERT AREA",0,NA,Y,A,-,N,NA,NA,NA,NA,NA,NA,NA,NA,NA,N,2,0,2,1,A,-,03,22350,NA,N,F,A,A,D,A,-,A,D,0,NA,NA,NA,NA,Y,NA,A,07,1,0,1,0,0,0,0,0,0,-,-,34.823909759521484,-117.08248138427734,SAN BERNARDINO,BARSTOW,NA,NA
9803266,2025,2025-04-25,3605,2025-03-06,1524,472,NA,4,5,4,3605,0,0,0,NA,0,NA,MORENO ST,CENTRAL AV,0,NA,Y,C,-,N,NA,NA,NA,NA,NA,NA,NA,NA,NA,N,4,0,1,2,A,-,03,22350,NA,N,D,D,A,B,H,-,A,A,0,NA,NA,NA,NA,Y,NA,A,01,0,0,1,0,0,0,0,0,0,-,-,34.08877944946289,-117.68961334228516,SAN BERNARDINO,MONTCLAIR,-117.68971252441406,34.088653564453125
9804002,2025,2025-04-25,3605,2025-03-11,2340,520,MONTC,2,5,4,3605,0,0,0,NA,0,003,CENTRAL AV,SAN BERNARDINO ST,218,S,N,A,-,N,NA,NA,NA,NA,NA,NA,NA,NA,NA,N,3,0,1,2,A,-,08,22107,A,F,B,G,A,A,H,-,C,A,0,NA,Y,NA,NA,Y,NA,-,NA,0,1,0,0,0,0,1,0,0,-,-,NA,NA,SAN BERNARDINO,MONTCLAIR,-117.68961334228516,34.07707214355469
9804068,2025,2026-01-15,3610,2025-03-02,1126,50571,NA,7,5,6,3610,0,0,0,NA,0,DAVID,W 2ND ST,N E ST,0,NA,Y,B,-,N,NA,NA,NA,NA,NA,NA,NA,NA,NA,N,3,0,2,2,A,-,12,21453,A,N,D,C,A,A,H,-,A,A,0,NA,NA,NA,NA,Y,NA,J,48,0,1,1,0,0,0,0,0,0,-,-,34.1036491394043,-117.2787628173828,SAN BERNARDINO,SAN BERNARDINO,-117.29420471191406,34.10281753540039
9804079,2024,2025-04-30,3610,2024-03-06,913,51499,NA,3,5,6,3610,0,0,0,NA,0,CHARLI,30TH ST,WATERMAN AV,0,NA,Y,B,C,N,NA,NA,NA,NA,NA,NA,NA,NA,NA,N,3,0,1,2,A,-,03,22350,NA,N,G,B,B,B,H,-,A,A,0,Y,NA,NA,NA,Y,Y,A,01,0,1,0,0,1,0,0,0,0,-,-,34.145931243896484,-117.27867126464844,SAN BERNARDINO,SAN BERNARDINO,-117.27870178222656,34.14598083496094
9804193,2025,2025-05-19,3610,2025-03-11,1409,51465,NA,2,5,6,3610,0,0,0,NA,0,NA,W MILL ST,RT 215,0,NA,Y,B,C,N,NA,NA,NA,NA,NA,NA,NA,NA,NA,N,4,0,3,2,A,-,12,21453,A,N,D,C,A,B,H,-,A,A,0,NA,NA,NA,NA,Y,NA,A,07,0,0,3,0,0,0,0,0,0,-,SO,34.092159271240234,-117.30174255371094,SAN BERNARDINO,SAN BERNARDINO,-117.3020248413086,34.09214401245117
9804747,2025,2025-04-24,3603,2025-04-02,1644,4861,CPD,3,5,4,3603,0,0,0,NA,0,001,PEPPER AV,VIOLET ST,150,S,N,B,-,N,NA,NA,NA,NA,NA,NA,NA,NA,NA,N,4,0,2,2,A,-,03,22350,NA,N,C,C,A,A,H,-,A,A,0,NA,NA,NA,NA,Y,NA,A,01,0,0,2,0,0,0,0,0,0,-,-,34.0732307434082,-117.35162353515624,SAN BERNARDINO,COLTON,-117.35301208496094,34.07609939575195
9805233,2025,2025-05-05,3600,2025-03-14,1828,G3844,RC002,5,5,6,3616,0,0,0,NA,0,RC6,ARROW RT,POLE NUMBER 220814,50,S,N,B,C,N,NA,NA,NA,NA,NA,NA,NA,NA,NA,Y,4,0,1,1,A,-,03,22350,NA,N,A,-,A,B,H,-,B,A,0,NA,NA,NA,NA,Y,NA,A,01,0,0,1,0,0,0,0,0,0,-,-,NA,NA,SAN BERNARDINO,RANCHO CUCAMONGA,NA,NA
9805713,2025,2025-05-19,3600,2025-04-25,1533,F8937,CH065,5,5,5,3630,0,0,0,NA,0,CH4,POMONA RINCON RD,PICASSO DR,1093,N,N,A,-,N,NA,NA,NA,NA,NA,NA,NA,NA,NA,N,3,0,1,2,A,-,17,21461,A,N,C,C,A,A,H,-,A,C,0,NA,NA,NA,NA,Y,NA,A,07,0,1,0,0,0,0,0,0,0,-,-,NA,NA,SAN BERNARDINO,CHINO HILLS,-117.68671417236328,33.962059020996094
9805723,2025,2025-05-16,3604,2025-03-02,1542,1460,NA,7,5,6,3604,0,0,0,NA,0,003,SIERRA AVE,RANDALL AV,27,N,N,A,-,N,NA,NA,NA,NA,NA,NA,NA,NA,NA,N,3,0,1,2,A,-,03,22350,NA,N,C,C,A,A,H,-,A,A,0,NA,NA,NA,NA,Y,NA,A,01,0,1,0,0,0,0,0,0,0,-,-,NA,NA,SAN BERNARDINO,FONTANA,-117.43570709228516,34.084922790527344
9807557,2025,2025-05-30,3610,2025-04-23,2109,51596,NA,3,5,6,3610,0,0,0,NA,0,NA,CALIFORNIA ST,PORTER ST,50,N,N,B,-,N,NA,NA,NA,NA,NA,NA,NA,NA,NA,N,3,0,1,2,A,-,11,21954,A,F,G,B,D,A,H,-,C,A,0,Y,NA,NA,NA,Y,Y,N,60,0,1,0,0,1,0,0,0,0,-,-,34.14242172241211,-117.33100128173828,SAN BERNARDINO,SAN BERNARDINO,-117.33112335205078,34.14158630371094
9807563,2025,2025-05-29,3603,2025-04-23,1344,4861,CPD,3,5,4,3603,0,0,0,NA,0,001,PEPPER AV,RANDALL AV,250,S,N,A,-,N,NA,NA,NA,NA,NA,NA,NA,NA,NA,N,4,0,2,2,A,-,03,22350,NA,N,C,C,A,A,H,-,A,A,0,NA,NA,NA,NA,Y,NA,A,01,0,0,2,0,0,0,0,0,0,-,-,34.085018157958984,-117.35295867919922,SAN BERNARDINO,COLTON,-117.35292053222656,34.08431625366211
9807580,2025,2025-07-30,3610,2025-03-28,2139,51360,NA,5,5,6,3610,0,0,0,NA,0,DAVID,5TH ST,F ST,0,NA,Y,A,-,N,NA,NA,NA,NA,NA,NA,NA,NA,NA,N,4,0,3,2,A,-,09,21800,A,N,D,C,A,A,H,-,C,A,0,NA,NA,NA,NA,Y,NA,A,01,0,0,3,0,0,0,0,0,0,-,-,NA,NA,SAN BERNARDINO,SAN BERNARDINO,-117.29640197753906,34.108306884765625
9808486,2025,2025-08-14,3600,2025-06-11,1150,I4817,AP003,3,5,5,3621,0,0,0,NA,0,AP1,RT 18,CORWIN RD,50,E,N,A,-,Y,SBD,8,18,-,-,93.82,H,-,N,N,3,0,1,2,A,-,21,22106,NA,N,C,C,A,A,H,-,A,A,0,NA,NA,NA,NA,Y,NA,A,01,0,1,0,0,0,0,0,0,0,-,-,34.53984832763672,-117.26239013671876,SAN BERNARDINO,APPLE VALLEY,-117.2624740600586,34.53986358642578
9809854,2025,2025-05-20,3610,2025-03-14,723,51552,NA,5,5,6,3610,0,0,0,NA,0,DAVID,SOUTH WATERMAN AV,E MILL ST,0,NA,Y,A,-,N,NA,NA,NA,NA,NA,NA,NA,NA,NA,Y,4,0,1,2,A,-,12,21453,A,N,D,C,A,A,H,-,A,A,0,NA,NA,NA,NA,Y,NA,A,01,0,0,1,0,0,0,0,0,0,-,-,34.09172058105469,-117.27919006347656,SAN BERNARDINO,SAN BERNARDINO,-117.27883911132813,34.09214401245117
9809991,2025,2025-05-28,3601,2025-03-07,2149,P27,BARST,5,5,3,3601,0,0,0,NA,0,001,LENWOOD RD,HIGHPOINT PARKWAY,0,NA,Y,A,-,N,NA,NA,NA,NA,NA,NA,NA,NA,NA,Y,3,0,2,2,A,-,03,22350,NA,N,D,C,A,A,H,-,C,A,0,NA,NA,NA,NA,Y,NA,A,07,0,1,1,0,0,0,0,0,0,-,-,NA,NA,SAN BERNARDINO,BARSTOW,-117.08354949951172,34.85295867919922
9810821,2025,2025-06-20,3600,2025-05-29,657,F4772,VC026,4,5,5,3612,0,0,0,NA,0,VC3,YATES RD,BEL AIR DR,0,NA,Y,A,-,N,NA,NA,NA,NA,NA,NA,NA,NA,NA,Y,4,0,1,2,A,-,09,21802,A,N,D,C,A,A,H,-,A,A,0,NA,NA,NA,NA,Y,NA,A,01,0,0,1,0,0,0,0,0,0,-,-,NA,NA,SAN BERNARDINO,VICTORVILLE,-117.32016754150392,34.49979782104492
9810825,2025,2025-06-23,3600,2025-05-14,1044,F4772,VC023,3,5,5,3612,0,0,0,NA,0,VC3,BEAR VALLEY RD,5TH AV,0,NA,Y,A,-,N,NA,NA,NA,NA,NA,NA,NA,NA,NA,Y,4,0,1,2,A,-,12,21453,A,N,D,C,A,A,H,-,A,A,0,NA,NA,NA,NA,Y,NA,A,01,0,0,1,0,0,0,0,0,0,-,-,34.47087097167969,-117.30796813964844,SAN BERNARDINO,VICTORVILLE,-117.30801391601563,34.47080993652344
9811799,2025,2025-07-25,3600,2025-06-21,1823,D6899,HE105,6,5,5,3619,0,0,0,NA,0,HE1,BEAR VALLEY RD,HESPERIA RD,44,W,N,A,-,N,NA,NA,NA,NA,NA,NA,NA,NA,NA,Y,4,0,2,2,A,-,03,22350,NA,N,C,C,A,A,H,-,A,A,0,NA,NA,NA,NA,Y,NA,A,01,0,0,2,0,0,0,0,0,0,-,-,NA,NA,SAN BERNARDINO,HESPERIA,-117.2921142578125,34.47092056274414
9811940,2025,2025-07-28,3602,2025-01-30,1228,3051,NA,4,5,5,3602,0,0,0,NA,0,002,CENTRAL AV,WALNUT AV,0,NA,Y,A,-,N,NA,NA,NA,NA,NA,NA,NA,NA,NA,N,3,0,1,2,A,-,05,21650,1,N,D,G,A,A,H,-,A,A,0,NA,Y,NA,NA,Y,NA,L,04,0,1,0,0,0,0,1,0,0,NO,-,34.026451110839844,-117.68926239013672,SAN BERNARDINO,CHINO,-117.68948364257813,34.02629089355469
9812347,2025,2025-10-24,3600,2025-09-23,2058,I9526,HE134,2,5,5,3619,0,0,0,NA,0,HE3,RT 395,MAIN ST,0,NA,Y,A,-,Y,SBD,8,395,-,R,5.613,I,5,N,Y,3,0,1,2,A,-,08,22100,A,N,D,C,A,A,H,-,C,A,0,NA,NA,NA,NA,Y,NA,A,01,0,1,0,0,0,0,0,0,0,-,-,NA,NA,SAN BERNARDINO,HESPERIA,-117.40003967285156,34.426761627197266
9813000,2025,2025-07-16,3610,2025-06-28,1234,51407,NA,6,5,6,3610,0,0,0,NA,0,BAKER,N WALNUT AV,MIMOSA DR,22,N,N,A,-,N,NA,NA,NA,NA,NA,NA,NA,NA,NA,Y,4,0,1,3,A,-,00,22107,I,N,G,E,A,A,H,-,A,A,0,NA,NA,NA,NA,Y,NA,A,01,0,0,1,0,0,0,0,0,0,-,-,NA,NA,SAN BERNARDINO,SAN BERNARDINO,-117.3492431640625,34.193603515625
9813059,2025,2025-12-02,3600,2025-06-09,701,J9149,3600,1,5,3,3631,0,0,0,NA,0,0YV,RT 62,ELK TRL,0,NA,Y,A,-,Y,SBD,8,62,-,-,10.442,I,5,E,Y,3,0,1,2,A,-,08,22107,NA,N,D,C,A,A,H,-,A,A,0,NA,NA,NA,NA,Y,NA,D,22,0,1,0,0,0,0,0,0,0,-,-,34.1190185546875,-116.44737243652344,SAN BERNARDINO,YUCCA VALLEY,-116.44740295410156,34.11903381347656
9813846,2025,2025-06-02,3610,2025-04-20,2500,51495,NA,7,5,6,3610,0,0,0,NA,0,NA,E 30TH ST,N VALENCIA,0,NA,Y,A,-,N,NA,NA,NA,NA,NA,NA,NA,NA,NA,Y,3,0,5,2,A,-,01,23153,A,N,A,C,A,A,H,-,E,A,0,NA,NA,NA,NA,Y,Y,A,08,0,2,3,0,0,0,0,0,0,-,-,NA,NA,SAN BERNARDINO,SAN BERNARDINO,-117.27251434326172,34.145442962646484
9813858,2025,2025-06-26,3610,2025-04-16,2041,51271,NA,3,5,6,3610,0,0,0,NA,0,NA,MILL,MERIDIAN,0,NA,Y,A,-,N,NA,NA,NA,NA,NA,NA,NA,NA,NA,Y,3,0,1,2,A,-,12,21453,A,N,D,C,A,A,H,-,C,A,0,NA,NA,NA,NA,Y,NA,-,-,0,1,0,0,0,0,0,0,0,-,-,NA,NA,SAN BERNARDINO,SAN BERNARDINO,-117.3485107421875,34.0922966003418
9813859,2025,2025-06-23,3610,2025-04-16,652,51465,NA,3,5,6,3610,0,0,0,NA,0,NA,21ST,WATERMAN,0,NA,Y,B,-,N,NA,NA,NA,NA,NA,NA,NA,NA,NA,N,4,0,2,2,A,-,09,21801,A,N,D,C,A,A,H,-,A,A,0,NA,NA,NA,NA,Y,NA,A,07,0,0,2,0,0,0,0,0,0,-,-,34.13399887084961,-117.27799987792967,SAN BERNARDINO,SAN BERNARDINO,-117.2787628173828,34.134056091308594
9814876,2025,2025-05-29,3610,2025-04-11,1610,51594,NA,5,5,6,3610,0,0,0,NA,0,NA,W RIALTO,N PEPPER AV,68,E,N,A,-,N,NA,NA,NA,NA,NA,NA,NA,NA,NA,Y,4,0,1,2,A,-,09,21804,A,N,D,C,A,A,H,-,A,D,0,NA,NA,NA,NA,Y,NA,A,01,0,0,1,0,0,0,0,0,0,-,-,34.09952926635742,-117.35289001464844,SAN BERNARDINO,SAN BERNARDINO,-117.35266876220705,34.09952926635742
9815906,2025,2025-06-26,3610,2025-05-13,2500,51441,NA,2,5,6,3610,0,0,0,NA,0,NA,WEST MILL,S PEPER AV,190,E,N,A,-,N,NA,NA,NA,NA,NA,NA,NA,NA,NA,N,2,0,1,2,A,-,03,22350,I,F,B,B,D,A,H,-,B,A,0,Y,NA,NA,NA,Y,NA,-,99,1,0,0,0,1,0,0,0,0,-,-,34.092288970947266,-117.35288238525392,SAN BERNARDINO,SAN BERNARDINO,-117.35226440429688,34.09231948852539
9816025,2025,2025-06-24,3610,2025-05-08,1427,51465,NA,4,5,6,3610,0,0,0,NA,0,NA,WEST 5TH,N ARROWHEAD,0,NA,Y,A,-,N,NA,NA,NA,NA,NA,NA,NA,NA,NA,N,3,0,3,2,A,-,09,21801,A,N,A,C,A,A,H,-,A,A,0,NA,NA,NA,NA,Y,NA,A,01,0,1,2,0,0,0,0,0,0,-,-,34.10831069946289,-117.28964233398438,SAN BERNARDINO,SAN BERNARDINO,-117.28963470458984,34.108299255371094
9816055,2025,2025-06-24,3610,2025-05-05,1439,51326,NA,1,5,6,3610,0,0,0,NA,0,NA,E 5TH ST,N WATERMAN,0,NA,Y,B,-,N,NA,NA,NA,NA,NA,NA,NA,NA,NA,N,4,0,2,2,A,-,09,21801,A,N,D,C,A,A,H,-,A,A,0,NA,NA,NA,NA,Y,NA,A,01,0,0,2,0,0,0,0,0,0,-,-,NA,NA,SAN BERNARDINO,SAN BERNARDINO,-117.27877044677734,34.10832595825195
9816073,2025,2025-06-18,3610,2025-05-07,1752,51608,NA,3,5,6,3610,0,0,0,NA,0,NA,48TH,MAGNOLIA DR,112,W,N,A,-,N,NA,NA,NA,NA,NA,NA,NA,NA,NA,Y,4,0,3,2,A,-,00,21352,A,N,C,C,A,A,H,-,A,D,0,NA,NA,NA,NA,Y,Y,A,01,0,0,3,0,0,0,0,0,0,-,-,NA,NA,SAN BERNARDINO,SAN BERNARDINO,-117.31182098388672,34.1717643737793
9818874,2025,2025-07-29,3600,2025-06-28,1119,J3216,HE415,6,5,5,3619,0,0,0,NA,0,HE4,ARROWHEAD LAKE RD,SEAFORTH ST,0,NA,Y,A,-,N,NA,NA,NA,NA,NA,NA,NA,NA,NA,N,3,0,1,2,A,-,09,21801,A,N,D,C,A,A,H,-,A,A,0,NA,NA,NA,NA,Y,NA,A,01,0,1,0,0,0,0,0,0,0,-,-,NA,NA,SAN BERNARDINO,HESPERIA,-117.24954986572266,34.39801788330078
9819499,2025,2025-08-01,3600,2025-05-05,505,J1908,AD2,1,5,3,3613,0,0,0,NA,0,AD315,TIERRA DEL SUR ST,SUNDIAL CT,19,E,N,C,-,N,NA,NA,NA,NA,NA,NA,NA,NA,NA,N,3,0,1,2,A,-,00,21450,NA,N,G,B,D,B,H,-,C,D,0,Y,NA,NA,NA,Y,NA,-,-,0,1,0,0,1,0,0,0,0,-,-,34.50830841064453,-117.42208862304688,SAN BERNARDINO,ADELANTO,-117.42164611816406,34.50940704345703
9820722,2025,2025-10-02,3600,2025-08-06,1554,C9274,CH000,3,5,5,3630,0,0,0,NA,0,CH1,PEYTON DR,BULLDOG BL,80,S,N,A,-,N,NA,NA,NA,NA,NA,NA,NA,NA,NA,N,3,0,1,2,A,-,03,22350,NA,N,C,C,A,A,H,-,A,A,0,NA,NA,NA,NA,Y,NA,A,07,0,1,0,0,0,0,0,0,0,-,-,NA,NA,SAN BERNARDINO,CHINO HILLS,-117.73271942138672,33.9923095703125
9821113,2024,2025-08-19,3600,2024-12-22,1501,G6192,AP005,7,5,5,3621,0,0,0,NA,0,AP1,APPLE VALLEY RD,SHOSHONEE RD,323,S,N,A,-,N,NA,NA,NA,NA,NA,NA,NA,NA,NA,N,4,0,1,2,A,-,03,22350,NA,N,C,C,A,A,H,-,A,A,0,NA,NA,NA,NA,Y,NA,D,22,0,0,1,0,0,0,0,0,0,-,-,NA,NA,SAN BERNARDINO,APPLE VALLEY,-117.24259948730467,34.50658416748047
9821660,2025,2025-09-10,3600,2025-06-10,1530,G204,RC,2,5,6,3616,0,0,0,NA,0,0RC,CIVIC CENTER DR,HAVEN AV,0,NA,Y,A,-,N,NA,NA,NA,NA,NA,NA,NA,NA,NA,N,3,0,1,2,A,-,10,21950,NA,N,G,B,-,A,H,-,A,A,0,Y,NA,NA,NA,Y,NA,D,22,0,1,0,0,1,0,0,0,0,-,-,NA,NA,SAN BERNARDINO,RANCHO CUCAMONGA,-117.575927734375,34.10279846191406
9821781,2025,2025-09-29,3600,2025-07-14,1710,B9547,HE410,1,5,5,3619,0,0,0,NA,0,HE4,ARROWHEAD LAKE RD,SUTTER ST,288,S,N,A,-,N,NA,NA,NA,NA,NA,NA,NA,NA,NA,Y,3,0,1,1,A,-,01,23152,A,N,F,I,A,A,H,-,A,D,0,NA,NA,NA,NA,Y,Y,A,07,0,1,0,0,0,0,0,0,0,-,-,NA,NA,SAN BERNARDINO,HESPERIA,-117.25076293945313,34.40620422363281
9821883,2025,2025-08-22,3600,2025-02-21,1316,I5415,AP008,5,5,5,3621,0,0,0,NA,0,AP3,YUCCA LOMA RD,KIOWA RD,18,W,N,A,-,N,NA,NA,NA,NA,NA,NA,NA,NA,NA,N,4,0,1,2,A,-,12,22450,A,N,D,G,A,A,H,-,A,A,0,NA,Y,NA,NA,Y,NA,L,04,0,0,1,0,0,0,1,0,0,-,-,NA,NA,SAN BERNARDINO,APPLE VALLEY,-117.20697784423828,34.5004997253418
9823898,2025,2025-09-19,3608,2025-08-10,2018,5230,NA,7,5,5,3608,0,0,0,NA,0,REDLAN,WEST REDLANDS BLVD,3RD ST,19,W,N,A,-,N,NA,NA,NA,NA,NA,NA,NA,NA,NA,Y,3,0,1,1,A,-,01,23152,A,N,A,I,A,A,H,-,C,A,0,NA,NA,NA,NA,Y,Y,D,22,0,1,0,0,0,0,0,0,0,-,-,NA,NA,SAN BERNARDINO,REDLANDS,-117.18440246582033,34.05731964111328
9824680,2025,2025-09-19,3600,2025-08-20,1919,F5280,H1025,3,5,4,3618,0,0,0,NA,0,H13,GREENSPOT RD,WEAVER ST,37,S,N,A,-,N,NA,NA,NA,NA,NA,NA,NA,NA,NA,N,4,0,2,3,A,-,09,21801,A,N,D,C,A,A,H,-,A,A,0,NA,NA,NA,NA,Y,NA,A,07,0,0,2,0,0,0,0,0,0,-,-,34.110111236572266,-117.16123199462892,SAN BERNARDINO,HIGHLAND,-117.16082763671876,34.109798431396484
9824846,2025,2025-09-05,3600,2025-04-13,829,I3325,RC052,7,5,6,3616,0,0,0,NA,0,RC4,ARROW ROUTE,VINEYARD AV,0,NA,Y,B,-,N,NA,NA,NA,NA,NA,NA,NA,NA,NA,Y,3,0,4,3,A,-,12,21453,A,N,D,C,A,A,H,-,A,A,0,NA,NA,NA,NA,Y,NA,A,01,0,1,3,0,0,0,0,0,0,-,-,NA,NA,SAN BERNARDINO,RANCHO CUCAMONGA,-117.61109924316406,34.0993537902832
9825195,2025,2025-09-04,3600,2025-06-21,1122,G6922,RC072,6,5,6,3616,0,0,0,NA,0,RC6,CHURCH ST,ETIWANDA AV,0,NA,Y,A,-,N,NA,NA,NA,NA,NA,NA,NA,NA,NA,Y,4,0,1,2,A,-,07,21658,A,N,-,C,A,A,H,-,A,A,0,NA,NA,NA,NA,Y,NA,A,01,0,0,1,0,0,0,0,0,0,-,-,NA,NA,SAN BERNARDINO,RANCHO CUCAMONGA,-117.52358245849608,34.11343002319336
9825286,2025,2025-09-03,3600,2025-08-02,917,I8763,HE404,6,5,5,3619,0,0,0,NA,0,HE4,C AV,JOSHUA ST,0,NA,Y,A,-,N,NA,NA,NA,NA,NA,NA,NA,NA,NA,N,4,0,1,2,A,-,09,21802,A,N,D,C,A,A,H,-,A,A,0,NA,NA,NA,NA,Y,NA,A,01,0,0,1,0,0,0,0,0,0,-,-,NA,NA,SAN BERNARDINO,HESPERIA,-117.30088043212892,34.401859283447266
9825293,2025,2025-09-03,3600,2025-08-12,1615,H9757,HI002,2,5,4,3618,0,0,0,NA,0,HI1,BASELINE ST,ALAMO ST,0,NA,Y,A,-,N,NA,NA,NA,NA,NA,NA,NA,NA,NA,N,4,0,1,2,A,-,03,22350,NA,N,C,C,A,A,H,-,A,D,0,NA,NA,NA,NA,Y,NA,A,01,0,0,1,0,0,0,0,0,0,-,-,34.12113952636719,-117.24884796142578,SAN BERNARDINO,HIGHLAND,-117.24894714355467,34.12131118774414
9825354,2025,2025-09-05,3600,2025-07-27,1500,B9547,HE308,7,5,5,3619,0,0,0,NA,0,HE5,ASPEN ST,COTTONWOOD AV,1124,E,N,A,-,N,NA,NA,NA,NA,NA,NA,NA,NA,NA,N,3,0,2,1,A,-,08,22107,NA,N,F,A,A,A,H,-,A,D,0,NA,NA,Y,NA,Y,NA,C,06,0,1,1,0,0,0,0,0,2,-,-,NA,NA,SAN BERNARDINO,HESPERIA,-117.33456420898438,34.41450500488281
9825358,2025,2025-09-04,3600,2025-07-06,1623,G6205,RC033,7,5,6,3616,0,0,0,NA,0,RC5,HERMOSA AV,ARROW RT,0,NA,Y,A,-,N,NA,NA,NA,NA,NA,NA,NA,NA,NA,Y,4,0,2,3,A,-,12,21453,A,N,D,C,A,A,H,-,A,A,0,NA,NA,NA,NA,Y,NA,A,01,0,0,2,0,0,0,0,0,0,-,-,NA,NA,SAN BERNARDINO,RANCHO CUCAMONGA,-117.5846710205078,34.099281311035156