CASE_ID,ACCIDENT_YEAR,PROC_DATE,JURIS,COLLISION_DATE,COLLISION_TIME,OFFICER_ID,REPORTING_DISTRICT,DAY_OF_WEEK,CHP_SHIFT,POPULATION,CNTY_CITY_LOC,SPECIAL_COND,BEAT_TYPE,CHP_BEAT_TYPE,CITY_DIVISION_LAPD,CHP_BEAT_CLASS,BEAT_NUMBER,PRIMARY_RD,SECONDARY_RD,DISTANCE,DIRECTION,INTERSECTION,WEATHER_1,WEATHER_2,STATE_HWY_IND,CALTRANS_COUNTY,CALTRANS_DISTRICT,STATE_ROUTE,ROUTE_SUFFIX,POSTMILE_PREFIX,POSTMILE,LOCATION_TYPE,RAMP_INTERSECTION,SIDE_OF_HWY,TOW_AWAY,COLLISION_SEVERITY,NUMBER_KILLED,NUMBER_INJURED,PARTY_COUNT,PRIMARY_COLL_FACTOR,PCF_CODE_OF_VIOL,PCF_VIOL_CATEGORY,PCF_VIOLATION,PCF_VIOL_SUBSECTION,HIT_AND_RUN,TYPE_OF_COLLISION,MVIW,PED_ACTION,ROAD_SURFACE,ROAD_COND_1,ROAD_COND_2,LIGHTING,CONTROL_DEVICE,CHP_ROAD_TYPE,PEDESTRIAN_ACCIDENT,BICYCLE_ACCIDENT,MOTORCYCLE_ACCIDENT,TRUCK_ACCIDENT,NOT_PRIVATE_PROPERTY,ALCOHOL_INVOLVED,STWD_VEHTYPE_AT_FAULT,CHP_VEHTYPE_AT_FAULT,COUNT_SEVERE_INJ,COUNT_VISIBLE_INJ,COUNT_COMPLAINT_PAIN,COUNT_PED_KILLED,COUNT_PED_INJURED,COUNT_BICYCLIST_KILLED,COUNT_BICYCLIST_INJURED,COUNT_MC_KILLED,COUNT_MC_INJURED,PRIMARY_RAMP,SECONDARY_RAMP,LATITUDE,LONGITUDE,COUNTY,CITY,POINT_X,POINT_Y
7056400,2015,2017-01-14,9860,2015-08-23,2210,020476,NA,7,3,4,3640,0,1,1,NA,2,106,RT 10,LIVE OAK CANYON RD,5280,E,N,A,-,Y,SBD,8,10,-,R,38.03,H,-,W,Y,3,0,1,1,A,-,01,23152,A,N,E,I,A,A,H,-,D,D,1,NA,NA,NA,NA,Y,Y,A,01,0,1,0,0,0,0,0,0,0,-,-,34.01321,-117.07649,SAN BERNARDINO,YUCAIPA,-117.07890242,34.01369495
7056580,2015,2015-11-20,9860,2015-08-17,1337,12988,NA,1,1,9,3600,0,3,5,NA,2,002,TIPPECANOE AV,5TH ST,0,NA,Y,A,-,N,NA,NA,NA,NA,NA,NA,NA,NA,NA,Y,3,0,3,3,A,-,12,21453,A,N,D,C,A,A,H,-,A,A,0,NA,NA,NA,Y,Y,NA,A,07,0,2,1,0,0,0,0,0,0,-,-,34.10834,-117.26114,SAN BERNARDINO,UNINCORPORATED,-117.26102009,34.10833001
6928811,2015,2016-12-15,9834,2015-05-13,1515,12313,NA,3,2,9,3600,0,1,1,NA,2,048,RT 40,FIVE MILE RD,6336,E,N,A,-,Y,SBD,8,40,-,-,149.4,H,-,E,N,4,0,1,1,A,-,03,22350,NA,N,F,A,A,A,H,-,A,D,1,NA,NA,Y,NA,Y,NA,C,02,0,0,1,0,0,0,0,0,1,-,-,34.75155,-114.56465,SAN BERNARDINO,UNINCORPORATED,-114.5624995,34.7483404
6939449,2015,2015-06-01,3607,2015-04-08,1148,80263,94,3,5,6,3607,0,0,0,NA,0,032,I ST,GROVE AV,0,NA,Y,A,-,N,NA,NA,NA,NA,NA,NA,NA,NA,NA,Y,4,0,1,2,A,-,09,21801,A,N,D,C,A,A,H,-,A,A,0,NA,NA,NA,NA,Y,NA,-,NA,0,0,1,0,0,0,0,0,0,-,-,NA,NA,SAN BERNARDINO,ONTARIO,-117.62968006,34.07434002
6942276,2015,2016-12-17,9834,2015-05-25,1745,011923,NA,1,2,9,3600,0,1,1,NA,2,044,RT 40,RT 95,10930,E,N,A,-,Y,SBD,8,40,-,R,134.98,H,-,E,Y,4,0,1,2,A,-,07,21658,A,N,B,C,A,A,H,-,A,A,1,NA,NA,NA,Y,Y,NA,G,25,0,0,1,0,0,0,0,0,0,-,-,34.88523,-114.72103,SAN BERNARDINO,UNINCORPORATED,-114.71726664,34.88621835
6950767,2015,2015-06-22,3609,2015-05-19,1425,9632,143,2,5,5,3609,0,0,0,NA,0,003,RIALTO AV,LINDEN AV,0,W,N,A,-,N,NA,NA,NA,NA,NA,NA,NA,NA,NA,Y,4,0,3,2,A,-,09,21804,A,N,D,C,A,A,H,-,A,D,0,NA,NA,NA,NA,Y,NA,A,01,0,0,3,0,0,0,0,0,0,-,-,NA,NA,SAN BERNARDINO,RIALTO,-117.40089012,34.09952005
6960329,2015,2015-07-07,3604,2015-05-26,1110,925,NA,2,5,6,3604,0,0,0,NA,0,NA,MERRILL,MANGO,0,NA,Y,A,-,N,NA,NA,NA,NA,NA,NA,NA,NA,NA,Y,4,0,1,3,A,-,12,21453,A,N,D,C,A,A,H,-,A,A,0,NA,NA,NA,NA,Y,NA,A,07,0,0,1,0,0,0,0,0,0,-,-,NA,NA,SAN BERNARDINO,FONTANA,-117.43138,34.09214003
6961125,2015,2015-07-11,3608,2015-06-05,1440,3821,NA,5,5,5,3608,0,0,0,NA,0,NA,E LUGONIA AV,CHURCH ST,522,W,N,A,-,N,NA,NA,NA,NA,NA,NA,NA,NA,NA,Y,3,0,1,3,A,-,08,22107,NA,N,A,E,A,A,H,-,A,A,0,NA,NA,NA,NA,Y,NA,A,01,0,1,0,0,0,0,0,0,0,-,-,NA,NA,SAN BERNARDINO,REDLANDS,-117.17546818,34.07003
6961210,2015,2015-06-25,3600,2015-05-06,0255,F2746,VC072,3,5,5,3612,0,0,0,NA,0,VC6,MOJAVE DR,MESA LINDA AV,6,E,N,A,-,N,NA,NA,NA,NA,NA,NA,NA,NA,NA,Y,3,0,1,2,A,-,01,23153,A,N,C,G,A,A,H,-,D,D,0,NA,Y,NA,NA,Y,Y,A,01,0,1,0,0,0,0,1,0,0,-,-,NA,NA,SAN BERNARDINO,VICTORVILLE,-117.39058014,34.52856
6961851,2015,2016-12-09,9860,2015-06-09,0530,14963,NA,2,3,9,3600,0,1,1,NA,2,216,RT 215,DEVORE RD,3168,S,N,B,-,Y,SBD,8,215,-,-,16.72,H,-,N,Y,4,0,1,3,A,-,03,22350,NA,N,C,C,A,A,D,H,B,D,1,NA,NA,NA,Y,Y,NA,A,01,0,0,1,0,0,0,0,0,0,-,-,34.21573,-117.39283,SAN BERNARDINO,UNINCORPORATED,-117.39487156,34.21705405
6972333,2015,2015-07-08,3610,2015-04-29,0731,50733,NA,3,5,6,3610,0,0,0,NA,0,NA,W RIALTO,NORTH ARROWHEAD AV,0,NA,Y,A,-,N,NA,NA,NA,NA,NA,NA,NA,NA,NA,Y,3,0,2,2,A,-,09,21801,A,N,D,C,A,A,H,-,A,A,0,NA,NA,NA,NA,Y,NA,A,01,0,1,1,0,0,0,0,0,0,-,-,NA,NA,SAN BERNARDINO,SAN BERNARDINO,-117.28965006,34.10085007
6979841,2015,2016-11-28,9860,2015-05-22,1330,18223,NA,5,1,6,3610,0,1,1,NA,2,202,RT 210,SIERRA WY,75,E,N,B,-,Y,SBD,8,210,-,-,14.94,H,-,E,Y,4,0,1,2,A,-,03,22350,NA,N,C,C,A,A,H,-,A,D,1,NA,NA,NA,NA,Y,NA,A,01,0,0,1,0,0,0,0,0,0,-,-,34.14523,-117.28465,SAN BERNARDINO,SAN BERNARDINO,-117.4358865,34.1362481
6979998,2015,2015-07-15,3600,2015-06-18,1913,E5343,HE111,4,5,5,3619,0,0,0,NA,0,HE1,MAPLE AV,VALENCIA ST,37.7,N,N,A,-,N,NA,NA,NA,NA,NA,NA,NA,NA,NA,Y,3,0,3,2,A,-,03,22350,NA,N,C,C,A,A,H,-,B,D,0,NA,NA,NA,NA,Y,NA,D,22,0,1,2,0,0,0,0,0,0,-,-,NA,NA,SAN BERNARDINO,HESPERIA,-117.34660869,34.44504328
6980208,2015,2015-07-15,3603,2015-06-06,1102,CL3874,COLTO,6,5,4,3603,0,0,0,NA,0,004,BARTON RD,WASHINGTON ST,0,NA,Y,A,-,N,NA,NA,NA,NA,NA,NA,NA,NA,NA,N,4,0,1,2,A,-,03,22350,NA,N,C,C,A,A,H,-,A,A,0,NA,NA,NA,NA,Y,NA,-,NA,0,0,1,0,0,0,0,0,0,-,-,NA,NA,SAN BERNARDINO,COLTON,-117.27875011,34.05171001
6988763,2015,2015-07-17,3603,2015-04-26,2140,CL4251,COLTO,7,5,4,3603,0,0,0,NA,0,002,VALLEY BL,7TH ST,96,W,N,A,-,N,NA,NA,NA,NA,NA,NA,NA,NA,NA,Y,2,0,2,1,A,-,01,23152,A,N,E,I,A,A,H,-,C,D,0,NA,NA,NA,NA,Y,Y,A,01,2,0,0,0,0,0,0,0,0,-,-,NA,NA,SAN BERNARDINO,COLTON,-117.32621129,34.0671454
7012671,2015,2017-01-13,9850,2015-07-03,2210,020848,NA,5,3,9,3600,0,1,3,NA,2,052,RT 18,HACIENDA RD,460,E,N,A,-,Y,SBD,8,18,-,-,109.6,H,-,N,Y,3,0,2,2,A,-,01,23153,A,N,A,C,A,A,H,-,D,D,0,NA,NA,NA,NA,Y,Y,A,01,0,1,1,0,0,0,0,0,0,-,-,34.50664,-117.5481,SAN BERNARDINO,UNINCORPORATED,-117.55114672,34.50656525
7017628,2015,2016-10-13,9855,2015-01-30,1620,1742,NA,5,2,6,3607,0,1,1,NA,2,101,RT 10,RT 15,200,E,N,B,C,Y,SBD,8,10,-,-,9.98,H,-,W,Y,4,0,1,3,A,-,03,22350,NA,N,C,C,A,B,H,-,A,D,1,NA,NA,NA,NA,Y,NA,A,01,0,0,1,0,0,0,0,0,0,-,-,NA,NA,SAN BERNARDINO,ONTARIO,-117.54417296,34.06750025
7018586,2015,2015-12-21,3600,2015-07-14,1748,B9092,AP021,2,5,5,3621,0,0,0,NA,0,NA,MOHAWK RD,LAGUNA RD,0,NA,Y,A,-,N,NA,NA,NA,NA,NA,NA,NA,NA,NA,Y,4,0,1,2,B,-,22,NA,NA,N,D,C,A,A,H,-,A,A,0,NA,NA,NA,NA,Y,NA,A,01,0,0,1,0,0,0,0,0,0,-,-,NA,NA,SAN BERNARDINO,APPLE VALLEY,-117.19975013,34.47010007
7034256,2015,2016-12-20,9850,2015-08-05,2110,17730,NA,3,2,9,3600,0,1,3,NA,2,062,RT 2,HORSE CANYON RD,165,E,N,A,-,Y,SBD,8,2,-,-,4.9,H,-,W,N,4,0,1,1,A,-,08,22107,NA,N,F,A,A,A,H,-,D,D,0,NA,NA,Y,NA,Y,NA,C,02,0,0,1,0,0,0,0,0,1,-,-,34.37982,-117.59749,SAN BERNARDINO,UNINCORPORATED,-117.59748509,34.38002174
7042649,2015,2017-01-13,3600,2015-07-18,1140,F6907,VC043,6,5,5,3612,0,0,0,NA,0,VC1,STODDARD WELLS RD,RT 18,16,N,N,C,-,Y,SBD,8,18,-,-,95.22,I,5,S,N,4,0,1,2,A,-,03,22350,NA,N,D,C,A,B,H,-,A,A,0,NA,NA,NA,NA,Y,NA,A,01,0,0,1,0,0,0,0,0,0,-,-,NA,NA,SAN BERNARDINO,VICTORVILLE,-117.28515707,34.53517296
6989871,2015,2015-07-25,3610,2015-06-19,0243,50911,NA,5,5,6,3610,0,0,0,NA,0,NA,HUNTS LN,E ST,0,NA,Y,A,-,N,NA,NA,NA,NA,NA,NA,NA,NA,NA,Y,4,0,2,2,A,-,09,21801,A,N,A,C,A,A,H,-,C,A,0,NA,NA,NA,Y,Y,NA,A,01,0,0,2,0,0,0,0,0,0,-,-,NA,NA,SAN BERNARDINO,SAN BERNARDINO,-117.28758002,34.06450008
6994712,2015,2015-08-29,3609,2015-07-06,1923,8510,109,1,5,5,3609,0,0,0,NA,0,002,LILAC AV,POLE 1280218E,38,N,N,A,-,N,NA,NA,NA,NA,NA,NA,NA,NA,NA,N,3,0,2,2,A,-,03,22350,NA,N,D,C,A,A,H,-,A,A,0,NA,NA,NA,NA,Y,NA,A,01,0,2,0,0,0,0,0,0,0,-,-,NA,NA,SAN BERNARDINO,RIALTO,NA,NA
6995681,2015,2015-07-31,9835,2015-06-20,1955,20992,NA,6,2,9,3600,0,3,5,NA,2,034,MOUNTAIN  VIEW RD,VALLEY CENTER RD,1584,N,N,A,-,N,NA,NA,NA,NA,NA,NA,NA,NA,NA,N,2,0,2,1,A,-,08,22107,NA,N,F,A,A,A,H,-,B,D,0,NA,NA,NA,NA,Y,NA,A,42,1,0,1,0,0,0,0,0,0,-,-,34.8853,-116.68017999999999,SAN BERNARDINO,UNINCORPORATED,-116.68025,34.87979
7003341,2015,2015-07-30,3605,2015-07-05,1541,272,NA,7,5,4,3605,0,0,0,NA,0,NA,KINGSLEY ST,PRADERA AV,91,W,N,A,-,N,NA,NA,NA,NA,NA,NA,NA,NA,NA,Y,4,0,2,2,A,-,01,23152,A,F,C,C,A,A,H,-,A,D,0,NA,NA,NA,NA,Y,Y,A,07,0,0,2,0,0,0,0,0,0,-,-,NA,NA,SAN BERNARDINO,MONTCLAIR,-117.71522965,34.0668448
7006679,2015,2016-02-10,9860,2015-09-05,0124,019321,NA,6,3,9,3600,0,1,1,NA,2,214,RT 215,BARTON RD,317,S,N,A,-,Y,SBD,8,215,-,-,1.25,H,-,S,Y,1,1,0,2,A,-,03,22350,NA,N,C,C,A,A,H,-,C,D,1,NA,NA,Y,NA,Y,NA,C,02,0,0,0,0,0,0,0,1,0,-,-,34.03319,-117.32563,SAN BERNARDINO,UNINCORPORATED,-117.32582187,34.03324024
7006748,2015,2016-01-12,3600,2015-07-23,1617,D3104,VC058,4,5,5,3612,0,0,0,NA,0,VC5,RT 18,COBALT RD,0,NA,Y,A,-,Y,SBD,8,18,-,-,99.44,H,-,S,Y,1,1,2,4,A,-,01,23152,E,N,A,C,A,A,H,-,A,A,0,NA,NA,NA,Y,Y,NA,A,01,1,0,1,0,0,0,0,0,0,-,-,NA,NA,SAN BERNARDINO,VICTORVILLE,-117.37291035,34.50673715
7056813,2015,2015-10-03,3610,2015-08-27,0708,50570,NA,4,5,6,3610,0,0,0,NA,0,POLICE,N E ST,25TH ST,25,S,N,A,-,N,NA,NA,NA,NA,NA,NA,NA,NA,NA,N,3,0,1,2,A,-,11,21954,A,N,G,B,D,A,H,-,A,A,0,Y,NA,NA,NA,Y,NA,N,60,0,1,0,0,1,0,0,0,0,-,-,34.13706,-117.29412,SAN BERNARDINO,SAN BERNARDINO,-117.29413,34.13903151
7057412,2015,2015-11-06,3603,2015-09-21,1505,CL4251,COLTO,1,5,4,3603,0,0,0,NA,0,002,VALLEY BL,13TH ST,0,NA,Y,A,-,N,NA,NA,NA,NA,NA,NA,NA,NA,NA,Y,4,0,1,2,A,-,09,21801,A,N,D,C,A,A,H,-,A,D,0,NA,NA,NA,NA,Y,NA,A,01,0,0,1,0,0,0,0,0,0,-,-,NA,NA,SAN BERNARDINO,COLTON,-117.31652007,34.06573003
7057794,2015,2015-11-20,9860,2015-08-19,1040,15207,NA,3,1,9,3600,0,3,5,NA,2,003,CRAFTON AV,3RD AV,12,N,N,A,-,N,NA,NA,NA,NA,NA,NA,NA,NA,NA,Y,3,0,2,1,A,-,08,22107,NA,N,E,I,A,A,H,-,A,D,0,NA,NA,NA,NA,Y,NA,A,01,0,2,0,0,0,0,0,0,0,-,-,34.05938,-117.12162,SAN BERNARDINO,UNINCORPORATED,-117.12150045,34.05909287
7057865,2015,2015-11-20,3604,2015-10-14,2021,595,3604,3,5,6,3604,0,0,0,NA,0,NA,CHERRY AV,BRIDLEPATH,30,S,N,A,-,N,NA,NA,NA,NA,NA,NA,NA,NA,NA,Y,3,0,2,2,A,-,09,21802,A,N,B,-,A,A,H,-,B,A,0,NA,NA,NA,NA,Y,NA,-,NA,0,2,0,0,0,0,0,0,0,-,-,NA,NA,SAN BERNARDINO,FONTANA,-117.48456635,34.15405776
7057917,2015,2015-11-23,3600,2015-10-30,1709,D3381,VC063,5,5,5,3612,0,0,0,NA,0,VC3,9TH AV,LINDERO ST,0,NA,Y,A,-,N,NA,NA,NA,NA,NA,NA,NA,NA,NA,N,4,0,1,2,A,-,09,21802,A,N,-,C,A,A,H,-,A,A,0,NA,NA,NA,NA,Y,NA,A,01,0,0,1,0,0,0,0,0,0,-,-,NA,NA,SAN BERNARDINO,VICTORVILLE,-117.31678005,34.47518011
7057918,2015,2015-11-23,3600,2015-10-31,1744,D3381,VC021,6,5,5,3612,0,0,0,NA,0,VC3,BEAR VALLEY RD,RIDGECREST RD,0,NA,Y,A,-,N,NA,NA,NA,NA,NA,NA,NA,NA,NA,Y,4,0,2,2,A,-,03,22350,NA,N,C,C,A,A,H,-,A,A,0,NA,NA,NA,NA,Y,NA,A,01,0,0,2,0,0,0,0,0,0,-,-,NA,NA,SAN BERNARDINO,VICTORVILLE,-117.27725008,34.47130007
7058227,2015,2017-01-12,9860,2015-08-10,1620,17446,NA,1,2,4,3603,0,1,1,NA,2,214,RT 215,IOWA AV,600,S,N,A,-,Y,SBD,8,215,-,-,0.29,H,-,S,Y,4,0,1,2,A,-,07,21658,A,N,B,C,A,A,H,-,A,D,1,NA,NA,NA,NA,Y,NA,A,01,0,0,1,0,0,0,0,0,0,-,-,34.02041,-117.3388,SAN BERNARDINO,COLTON,-117.33667935,34.02280897
7058296,2015,2015-10-13,3611,2015-08-09,1126,2831,3611,7,5,5,3611,0,0,0,NA,0,003,E 19TH ST,COLONIES CROSSROADS,0,NA,Y,A,-,N,NA,NA,NA,NA,NA,NA,NA,NA,NA,Y,3,0,2,2,A,-,12,21453,A,N,D,C,A,A,H,-,A,A,0,NA,NA,NA,NA,Y,NA,A,01,0,1,1,0,0,0,0,0,0,-,-,NA,NA,SAN BERNARDINO,UPLAND,-117.63100005,34.13250002
7058460,2015,2016-07-20,3600,2015-09-13,1759,G2613,YC301,7,5,4,3640,0,0,0,NA,0,NA,GOLDEN MEADOW CT,AVENUE E,0,NA,Y,A,-,N,NA,NA,NA,NA,NA,NA,NA,NA,NA,N,4,0,2,2,A,-,03,22350,NA,N,C,C,A,A,H,-,A,A,0,NA,NA,NA,NA,Y,NA,A,07,0,0,2,0,0,0,0,0,0,-,-,NA,NA,SAN BERNARDINO,YUCAIPA,-117.07742006,34.02427001
7058568,2015,2016-12-10,9855,2015-05-27,0956,13860,NA,3,1,6,3604,0,1,1,NA,2,153,RT 15,DUNCAN CYN,1500,N,N,A,-,Y,SBD,8,15,-,-,11.31,H,-,N,Y,4,0,2,2,A,-,03,22350,NA,N,C,C,A,A,H,-,A,D,1,NA,NA,NA,NA,Y,NA,A,01,0,0,2,0,0,0,0,0,0,-,-,NA,NA,SAN BERNARDINO,FONTANA,-117.45776608,34.16781659
7058736,2015,2015-10-14,3611,2015-08-15,0613,2012,NA,6,5,5,3611,0,0,0,NA,0,002,7TH ST,HARRINGTON AV,0,NA,Y,A,-,N,NA,NA,NA,NA,NA,NA,NA,NA,NA,Y,3,0,1,1,A,-,01,23152,A,N,A,I,A,A,H,-,C,D,0,NA,NA,NA,NA,Y,Y,A,01,0,1,0,0,0,0,0,0,0,-,-,NA,NA,SAN BERNARDINO,UPLAND,-117.66789008,34.08904009
7058976,2015,2015-10-13,3611,2015-07-03,1643,626,NA,5,5,5,3611,0,0,0,NA,0,003,16TH ST,CAMPUS AV,0,E,N,A,-,N,NA,NA,NA,NA,NA,NA,NA,NA,NA,Y,3,0,1,2,A,-,03,22350,NA,N,C,C,A,A,H,-,A,A,0,NA,NA,NA,NA,Y,NA,A,01,0,1,0,0,0,0,0,0,0,-,-,NA,NA,SAN BERNARDINO,UPLAND,-117.64158013,34.1215601
7060091,2015,2015-10-08,3604,2015-09-07,2128,958,NA,1,5,6,3604,0,0,0,NA,0,NA,SIERRA AV,MARYGOLD AV,50,S,N,A,-,N,NA,NA,NA,NA,NA,NA,NA,NA,NA,N,3,0,1,2,A,-,11,21956,A,N,G,B,D,A,H,-,C,D,0,Y,NA,NA,NA,Y,NA,N,60,0,1,0,0,1,0,0,0,0,-,-,NA,NA,SAN BERNARDINO,FONTANA,-117.43568,34.073863
7060978,2015,2017-01-13,9865,2015-08-26,1530,14696,NA,3,2,9,3600,0,1,3,NA,1,010,RT 18,OLD WATERMAN CANYON RD,4224,N,N,A,-,Y,SBD,8,18,-,-,13.96,H,-,N,Y,2,0,2,2,A,-,05,21651,A,N,A,C,A,A,H,-,A,D,0,NA,NA,NA,NA,Y,NA,A,07,2,0,0,0,0,0,0,0,0,-,-,34.21992,-117.28767,SAN BERNARDINO,UNINCORPORATED,-117.28583869,34.21779447
7061309,2015,2015-11-20,9860,2015-08-25,0501,012988,NA,2,3,9,3600,0,3,5,NA,2,001,GLEN HELEN PKWY,SIERRA AV,5280,E,N,A,-,N,NA,NA,NA,NA,NA,NA,NA,NA,NA,Y,4,0,1,1,A,-,03,22350,NA,N,E,I,A,A,H,-,D,D,0,NA,NA,NA,NA,Y,NA,A,01,0,0,1,0,0,0,0,0,0,-,-,34.19316,-117.42375,SAN BERNARDINO,UNINCORPORATED,-117.42380977,34.19322137
7062553,2015,2017-01-13,9855,2015-08-22,0825,19675,NA,6,1,6,3604,0,1,1,NA,2,153,RT 15,CHERRY AV,1500,N,N,A,-,Y,SBD,8,15,-,-,9.15,H,-,N,Y,3,0,3,3,A,-,03,22350,NA,N,C,C,A,A,H,-,A,D,1,NA,NA,NA,NA,Y,NA,D,22,0,1,2,0,0,0,0,0,0,-,-,34.14525,-117.48481,SAN BERNARDINO,FONTANA,-117.483268,34.1465969
7063563,2015,2017-01-13,9860,2015-08-19,2200,16658,NA,3,3,5,3608,0,1,1,NA,2,104,RT 10,CALIFORNIA ST,85,W,N,A,-,Y,SBD,8,10,-,-,28.28,H,-,W,Y,4,0,1,1,A,-,01,23152,A,N,F,A,A,A,H,-,D,D,1,NA,NA,NA,NA,Y,Y,A,01,0,0,1,0,0,0,0,0,0,-,-,34.06697,-117.22707,SAN BERNARDINO,REDLANDS,-117.22678501,34.06673158
7064374,2015,2015-10-13,3611,2015-08-28,0806,2012,NA,5,5,5,3611,0,0,0,NA,0,004,9TH ST,13TH AV,0,W,N,A,-,N,NA,NA,NA,NA,NA,NA,NA,NA,NA,Y,4,0,1,2,A,-,09,21804,A,N,D,C,A,A,H,-,A,D,0,NA,NA,NA,NA,Y,NA,A,01,0,0,1,0,0,0,0,0,0,-,-,NA,NA,SAN BERNARDINO,UPLAND,-117.63359002,34.09612004
7064982,2015,2016-11-19,9855,2015-04-16,0440,19420,NA,4,3,6,3607,0,1,1,NA,2,101,RT 10,ETIWANDA AV,1000,W,N,A,-,Y,SBD,8,10,-,-,10.9,H,-,W,Y,4,0,1,1,A,-,08,22107,NA,N,E,I,A,-,H,-,D,D,1,NA,NA,NA,NA,Y,NA,D,22,0,0,1,0,0,0,0,0,0,-,-,34.06775,-117.52731,SAN BERNARDINO,ONTARIO,-117.52813001,34.06752958
7065472,2015,2015-09-17,9850,2015-08-25,2035,019197,NA,2,2,9,3600,0,3,5,NA,2,006,BALDY MESA RD,NIELSON RD,50,N,N,A,-,N,NA,NA,NA,NA,NA,NA,NA,NA,NA,Y,4,0,1,2,A,-,17,24250,NA,N,C,C,A,A,H,-,D,D,0,NA,NA,Y,NA,Y,NA,C,06,0,0,1,0,0,0,0,0,1,-,-,34.4194,-117.45104,SAN BERNARDINO,UNINCORPORATED,-117.45098073,34.419357
7065490,2014,2015-09-16,9855,2014-12-27,1845,017313,NA,6,2,9,3600,0,3,5,NA,2,001,VALLEY BL,COMMERCE DR,4,E,N,A,-,Y,NA,NA,NA,NA,NA,NA,NA,NA,NA,Y,2,0,1,1,A,-,08,22107,NA,N,E,I,A,A,H,-,E,A,0,NA,NA,NA,NA,Y,NA,A,01,1,0,0,0,0,0,0,0,0,-,-,34.07105,-117.51529,SAN BERNARDINO,UNINCORPORATED,-117.51552684,34.07106964
7065770,2014,2015-09-16,9855,2014-12-31,0700,020871,NA,3,1,6,3616,0,1,1,NA,2,201,RT 210,RT 15,2112,W,N,A,F,Y,NA,NA,210,NA,NA,NA,NA,NA,NA,Y,4,0,1,2,A,-,03,22350,NA,N,B,C,A,A,H,-,A,D,0,NA,NA,NA,Y,Y,NA,G,25,0,0,1,0,0,0,0,0,0,-,-,34.1366,-117.50345,SAN BERNARDINO,RANCHO CUCAMONGA,-117.50345,34.13647591
7065805,2014,2015-09-16,9855,2014-12-22,1043,016051,NA,1,1,6,3604,0,1,1,NA,2,101,RT 10,RT 15,250,E,N,A,-,Y,NA,NA,NA,NA,NA,NA,NA,NA,NA,Y,4,0,2,2,A,-,03,22350,NA,N,C,C,A,A,H,-,A,D,0,NA,NA,NA,NA,Y,NA,A,01,0,0,2,0,0,0,0,0,0,-,-,NA,NA,SAN BERNARDINO,FONTANA,-117.54444631,34.0673075
7066066,2015,2015-09-17,9855,2015-04-24,2340,020006,NA,5,3,9,3600,0,3,5,NA,2,004,PIPELINE AV,PHILLIPS BL,0,NA,Y,A,-,N,NA,NA,NA,NA,NA,NA,NA,NA,NA,Y,4,0,2,2,A,-,08,22107,NA,N,E,I,A,A,H,-,D,D,0,NA,NA,NA,NA,Y,NA,A,01,0,0,2,0,0,0,0,0,0,-,-,34.04567,-117.71564,SAN BERNARDINO,UNINCORPORATED,-117.71545012,34.04607005
7066101,2015,2015-09-17,9855,2015-04-20,1640,16801,NA,1,2,5,3602,0,3,5,NA,2,004,CENTRAL AV,HOWARD ST,225,S,N,A,-,N,NA,NA,NA,NA,NA,NA,NA,NA,NA,N,4,0,3,2,A,-,03,22350,NA,N,C,C,A,A,H,-,A,D,0,NA,NA,NA,Y,Y,NA,F,27,0,0,3,0,0,0,0,0,0,-,-,34.05144,-117.68935,SAN BERNARDINO,CHINO,-117.68954717,34.05159586
7066295,2015,2015-09-18,3602,2015-04-18,0753,3511,NA,6,5,5,3602,0,0,0,NA,0,NA,MONTE VISTA AV,ALY S OF B ST,0,NA,Y,A,-,N,NA,NA,NA,NA,NA,NA,NA,NA,NA,N,4,0,1,2,A,-,09,21804,A,N,D,C,A,A,H,-,A,D,0,NA,NA,NA,NA,Y,NA,A,01,0,0,1,0,0,0,0,0,0,-,-,NA,NA,SAN BERNARDINO,CHINO,-117.698049,34.017264
7066564,2015,2015-09-18,3602,2015-05-31,1903,2798,NA,7,5,5,3602,0,0,0,NA,0,001,PIPELINE AV,LOMBARDY AV,49,S,N,A,-,N,NA,NA,NA,NA,NA,NA,NA,NA,NA,N,3,0,1,1,C,-,18,NA,NA,N,E,I,A,A,H,-,A,D,0,NA,NA,NA,NA,Y,NA,-,-,0,1,0,0,0,0,0,0,0,-,-,NA,NA,SAN BERNARDINO,CHINO,-117.71558867,34.0318057
7066973,2015,2017-01-14,9850,2015-08-24,1311,20817,NA,1,1,5,3619,0,1,1,NA,2,082,RT 15,BEAR VALLEY RD,10560,S,N,A,-,Y,SBD,8,15,-,-,35.59,H,-,N,Y,4,0,2,2,A,-,03,22350,NA,N,C,C,A,A,H,-,A,D,1,NA,NA,NA,NA,Y,NA,A,01,0,0,2,0,0,0,0,0,0,-,-,34.44724,-117.3542,SAN BERNARDINO,HESPERIA,-117.36511426,34.44607026
7072177,2015,2016-12-20,9850,2015-09-04,1230,17730,NA,5,1,9,3600,0,1,3,NA,2,060,RT 138,CRYSTALAIRE RD,10,E,N,A,-,Y,SBD,8,138,-,-,0.68,H,-,W,Y,3,0,2,2,A,-,03,22350,NA,N,C,C,A,A,H,-,A,D,0,NA,NA,NA,NA,Y,NA,A,01,0,1,1,0,0,0,0,0,0,-,-,34.4454,-117.65018,SAN BERNARDINO,UNINCORPORATED,-117.6501092,34.44536473
7073841,2015,2016-01-08,3600,2015-08-28,1913,E5343,HE102,5,5,5,3619,0,0,0,NA,0,HE1,OAKWOOD AV,SYCAMORE ST,0,NA,Y,A,-,N,NA,NA,NA,NA,NA,NA,NA,NA,NA,Y,4,0,1,2,A,-,09,21801,A,N,D,C,A,A,H,-,D,D,0,NA,NA,NA,NA,Y,NA,D,22,0,0,1,0,0,0,0,0,0,-,-,NA,NA,SAN BERNARDINO,HESPERIA,-117.34284013,34.46323011
7079018,2015,2015-10-16,3607,2015-08-01,1209,14971,410,6,5,6,3607,0,0,0,NA,0,062,RIVERSIDE DR,GROVE AV,0,NA,Y,A,-,N,NA,NA,NA,NA,NA,NA,NA,NA,NA,N,4,0,1,2,A,-,09,21801,A,N,A,C,A,A,H,-,A,A,0,NA,NA,NA,NA,Y,NA,-,NA,0,0,1,0,0,0,0,0,0,-,-,NA,NA,SAN BERNARDINO,ONTARIO,-117.62835009,34.01947005
7080015,2015,2015-09-28,3605,2015-09-15,1228,318,NA,2,5,4,3605,0,0,0,NA,0,NA,HOLT BL,MONTE VISTA AV,0,NA,Y,C,-,N,NA,NA,NA,NA,NA,NA,NA,NA,NA,N,4,0,1,2,A,-,09,21801,A,F,D,G,A,B,H,-,A,A,0,NA,Y,NA,NA,Y,NA,A,01,0,0,1,0,0,0,1,0,0,-,-,NA,NA,SAN BERNARDINO,MONTCLAIR,-117.69829009,34.06321001