CASE_ID,ACCIDENT_YEAR,PROC_DATE,JURIS,COLLISION_DATE,COLLISION_TIME,OFFICER_ID,REPORTING_DISTRICT,DAY_OF_WEEK,CHP_SHIFT,POPULATION,CNTY_CITY_LOC,SPECIAL_COND,BEAT_TYPE,CHP_BEAT_TYPE,CITY_DIVISION_LAPD,CHP_BEAT_CLASS,BEAT_NUMBER,PRIMARY_RD,SECONDARY_RD,DISTANCE,DIRECTION,INTERSECTION,WEATHER_1,WEATHER_2,STATE_HWY_IND,CALTRANS_COUNTY,CALTRANS_DISTRICT,STATE_ROUTE,ROUTE_SUFFIX,POSTMILE_PREFIX,POSTMILE,LOCATION_TYPE,RAMP_INTERSECTION,SIDE_OF_HWY,TOW_AWAY,COLLISION_SEVERITY,NUMBER_KILLED,NUMBER_INJURED,PARTY_COUNT,PRIMARY_COLL_FACTOR,PCF_CODE_OF_VIOL,PCF_VIOL_CATEGORY,PCF_VIOLATION,PCF_VIOL_SUBSECTION,HIT_AND_RUN,TYPE_OF_COLLISION,MVIW,PED_ACTION,ROAD_SURFACE,ROAD_COND_1,ROAD_COND_2,LIGHTING,CONTROL_DEVICE,CHP_ROAD_TYPE,PEDESTRIAN_ACCIDENT,BICYCLE_ACCIDENT,MOTORCYCLE_ACCIDENT,TRUCK_ACCIDENT,NOT_PRIVATE_PROPERTY,ALCOHOL_INVOLVED,STWD_VEHTYPE_AT_FAULT,CHP_VEHTYPE_AT_FAULT,COUNT_SEVERE_INJ,COUNT_VISIBLE_INJ,COUNT_COMPLAINT_PAIN,COUNT_PED_KILLED,COUNT_PED_INJURED,COUNT_BICYCLIST_KILLED,COUNT_BICYCLIST_INJURED,COUNT_MC_KILLED,COUNT_MC_INJURED,PRIMARY_RAMP,SECONDARY_RAMP,LATITUDE,LONGITUDE,COUNTY,CITY,POINT_X,POINT_Y
7138122,2015,2015-12-22,3611,2015-10-29,1355,2297,NA,4,5,5,3611,0,0,0,NA,0,002,MOUNTAIN AV,FOOTHILL BL,405,S,N,A,-,N,NA,NA,NA,NA,NA,NA,NA,NA,NA,Y,3,0,1,3,A,-,09,21804,A,N,D,C,A,A,H,-,A,D,0,NA,NA,NA,NA,Y,NA,-,NA,0,1,0,0,0,0,0,0,0,-,-,NA,NA,SAN BERNARDINO,UPLAND,-117.67021574,34.10585011
7138155,2015,2015-12-21,3611,2015-09-24,1700,3062,NA,4,5,5,3611,0,0,0,NA,0,002,9TH ST,GARNET WY,0,NA,Y,A,-,N,NA,NA,NA,NA,NA,NA,NA,NA,NA,N,3,0,1,2,A,-,09,21802,A,N,D,G,A,A,H,-,A,D,0,NA,Y,NA,NA,Y,NA,A,01,0,1,0,0,0,0,1,0,0,-,-,NA,NA,SAN BERNARDINO,UPLAND,-117.65493001,34.09607008
7138500,2015,2015-12-23,3610,2015-11-03,0640,50911,NA,2,5,6,3610,0,0,0,NA,0,POLICE,E MILL ST,S SIERRA WY,0,NA,Y,A,-,N,NA,NA,NA,NA,NA,NA,NA,NA,NA,Y,4,0,1,2,A,-,03,22350,NA,N,C,C,A,B,H,-,A,A,0,NA,NA,Y,NA,Y,NA,A,01,0,0,1,0,0,0,0,0,1,-,-,34.09214,-117.28511,SAN BERNARDINO,SAN BERNARDINO,-117.28513003,34.09215001
7138551,2015,2016-08-12,3610,2015-11-13,2033,50912,NA,5,5,6,3610,0,0,0,NA,0,POLICE,EAST HIGHLAND AV,NORTH SIERRA WY,0,NA,Y,A,-,N,NA,NA,NA,NA,NA,NA,NA,NA,NA,N,4,0,1,2,A,-,10,21950,A,N,G,B,B,A,H,-,C,A,0,Y,NA,NA,NA,Y,NA,-,NA,0,0,1,0,1,0,0,0,0,-,-,34.13594,-117.28515,SAN BERNARDINO,SAN BERNARDINO,-117.28514005,34.13596003
7138598,2015,2015-12-23,3610,2015-11-06,1900,50840,NA,5,5,6,3610,0,0,0,NA,0,POLICE,WEST BASELINE RD,N WILSON AV,0,NA,Y,A,-,N,NA,NA,NA,NA,NA,NA,NA,NA,NA,N,4,0,1,2,A,-,09,21802,A,N,D,C,A,-,H,-,C,A,0,NA,NA,NA,NA,Y,NA,A,01,0,0,1,0,0,0,0,0,0,-,-,34.12133,-117.32444,SAN BERNARDINO,SAN BERNARDINO,-117.32447008,34.12132004
7138633,2015,2015-12-23,3604,2015-11-18,1436,683,NA,3,5,6,3604,0,0,0,NA,0,002,BASELINE,SIERRA,0,NA,Y,A,-,N,NA,NA,NA,NA,NA,NA,NA,NA,NA,N,4,0,1,2,A,-,09,21453,C,N,A,C,A,A,H,-,A,A,0,NA,NA,NA,NA,Y,NA,A,01,0,0,1,0,0,0,0,0,0,-,-,NA,NA,SAN BERNARDINO,FONTANA,-117.4361401,34.1214601
7140836,2015,2016-01-11,3610,2015-11-23,0620,50911,NA,1,5,6,3610,0,0,0,NA,0,POLICE,W MILL ST,N E ST,0,NA,Y,A,-,N,NA,NA,NA,NA,NA,NA,NA,NA,NA,Y,3,0,1,2,A,-,12,21453,A,N,D,C,A,A,H,-,A,A,0,NA,NA,NA,NA,Y,NA,A,01,0,1,0,0,0,0,0,0,0,-,-,34.09214,-117.29413,SAN BERNARDINO,SAN BERNARDINO,-117.29415003,34.09215007
7140916,2015,2016-03-22,3610,2015-11-24,1914,50640,NA,2,5,6,3610,0,0,0,NA,0,POLICE,N DEL ROSA AV,E DATE ST,216,S,N,A,-,N,NA,NA,NA,NA,NA,NA,NA,NA,NA,Y,4,0,2,3,C,-,18,NA,NA,N,E,I,A,A,H,-,C,D,0,NA,NA,NA,NA,Y,NA,-,-,0,0,2,0,0,0,0,0,0,-,-,NA,NA,SAN BERNARDINO,SAN BERNARDINO,-117.25248869,34.14306089
7142600,2015,2016-01-12,3604,2015-12-07,1359,509,NA,1,5,6,3604,0,0,0,NA,0,NA,PALMETTO AV,MERRILL AV,96,S,N,A,-,N,NA,NA,NA,NA,NA,NA,NA,NA,NA,Y,2,0,1,2,A,-,01,23152,A,N,C,C,A,A,H,-,A,A,0,NA,NA,Y,NA,Y,Y,C,02,1,0,0,0,0,0,0,0,1,-,-,NA,NA,SAN BERNARDINO,FONTANA,-117.42702854,34.09189697
7142661,2015,2015-12-23,3610,2015-11-08,1801,50640,NA,7,5,6,3610,0,0,0,NA,0,NA,N VICTORIA AV,E CITRUS ST,0,NA,Y,A,-,N,NA,NA,NA,NA,NA,NA,NA,NA,NA,Y,4,0,1,2,A,-,09,21801,A,N,D,D,A,A,H,-,C,A,0,NA,NA,NA,NA,Y,NA,J,48,0,0,1,0,0,0,0,0,0,-,-,NA,NA,SAN BERNARDINO,SAN BERNARDINO,-117.22606007,34.14488006
7144194,2015,2016-02-11,3600,2015-12-12,1836,E2997,VC050,6,5,5,3612,0,0,0,NA,0,VC6,AMARGOSA RD,PLACIDA,0,NA,Y,A,-,N,NA,NA,NA,NA,NA,NA,NA,NA,NA,N,4,0,1,2,A,-,08,22107,NA,N,B,C,A,A,H,-,C,D,0,NA,NA,NA,NA,Y,NA,A,07,0,0,1,0,0,0,0,0,0,-,-,NA,NA,SAN BERNARDINO,VICTORVILLE,-117.33017005,34.54123004
7145247,2015,2016-09-16,3609,2015-11-16,1749,3156,132,1,5,5,3609,0,0,0,NA,0,003,FOOTHILL BL,CEDAR AV,30,E,N,A,-,N,NA,NA,NA,NA,NA,NA,NA,NA,NA,N,4,0,2,2,A,-,01,23152,A,M,C,C,A,A,H,-,C,A,0,NA,NA,NA,NA,Y,Y,A,01,0,0,2,0,0,0,0,0,0,-,-,NA,NA,SAN BERNARDINO,RIALTO,-117.39647119,34.10673
7149093,2015,2016-01-11,3605,2015-12-20,1240,309,NA,7,5,4,3605,0,0,0,NA,0,NA,RAMONA AV,MISSION BL,249,N,N,A,-,N,NA,NA,NA,NA,NA,NA,NA,NA,NA,N,2,0,1,2,A,-,-,NA,NA,N,-,B,F,A,H,-,A,D,0,Y,NA,NA,NA,Y,NA,A,07,1,0,0,0,1,0,0,0,0,-,-,NA,NA,SAN BERNARDINO,MONTCLAIR,-117.70691832,34.05672244
7150938,2015,2016-01-12,3603,2015-12-04,1915,CL4757,COLTO,5,5,4,3603,0,0,0,NA,0,004,RECHE CANYON RD,WASHINGTON ST,1320,S,N,A,-,N,NA,NA,NA,NA,NA,NA,NA,NA,NA,Y,2,0,3,2,A,-,05,21650,NA,N,A,C,A,A,H,-,-,A,0,NA,NA,NA,NA,Y,NA,A,01,1,0,2,0,0,0,0,0,0,-,-,NA,NA,SAN BERNARDINO,COLTON,-117.28719719,34.04674859
7151780,2015,2016-01-11,3600,2015-12-11,0222,F8172,HE118,5,5,5,3619,0,0,0,NA,0,HE1,MARIPOSA RD,MAIN ST,0,S,N,A,-,N,NA,NA,NA,NA,NA,NA,NA,NA,NA,Y,3,0,1,1,A,-,03,22350,NA,N,F,A,A,A,H,-,C,D,0,NA,NA,NA,NA,Y,Y,A,01,0,1,0,0,0,0,0,0,0,-,-,NA,NA,SAN BERNARDINO,HESPERIA,-117.37757012,34.42677012
7151865,2015,2017-02-02,3602,2015-12-20,1642,3054,NA,7,5,5,3602,0,0,0,NA,0,001,RAMONA AV,RT 60,75,N,N,A,-,Y,SBD,8,60,-,R,1.494,R,4,E,Y,3,0,1,1,A,-,08,22107,NA,N,E,I,A,A,H,-,A,A,0,NA,NA,Y,NA,Y,NA,C,02,0,1,0,0,0,0,0,0,1,-,-,NA,NA,SAN BERNARDINO,CHINO,-117.70462175,34.03006344
7151870,2015,2016-01-12,3602,2015-11-18,1741,3527,NA,3,5,5,3602,0,0,0,NA,0,002,WALNUT AV,OAKS AV,0,NA,Y,A,-,N,NA,NA,NA,NA,NA,NA,NA,NA,NA,Y,4,0,3,2,A,-,03,22350,NA,N,C,C,A,A,H,-,C,D,0,NA,NA,NA,NA,Y,NA,A,01,0,0,3,0,0,0,0,0,0,-,-,NA,NA,SAN BERNARDINO,CHINO,-117.67630009,34.02637005
7152191,2015,2016-01-13,3604,2015-12-17,1749,907,NA,4,5,6,3604,0,0,0,NA,0,NA,ETIWANDA AV,SANTA ANA AV,840,N,N,A,-,N,NA,NA,NA,NA,NA,NA,NA,NA,NA,N,4,0,1,2,A,-,03,22350,NA,N,C,C,A,A,H,-,C,D,0,NA,NA,NA,NA,Y,NA,A,01,0,0,1,0,0,0,0,0,0,-,-,NA,NA,SAN BERNARDINO,FONTANA,-117.52414624,34.05763181
7152912,2015,2016-01-15,3609,2015-11-29,2020,3156,127,7,5,5,3609,0,0,0,NA,0,002,SYCAMORE AV,ETIWANDA AV,0,NA,Y,A,-,N,NA,NA,NA,NA,NA,NA,NA,NA,NA,Y,3,0,2,2,A,-,01,23152,A,N,D,C,A,A,H,-,C,B,0,NA,NA,NA,NA,Y,Y,A,01,0,1,1,0,0,0,0,0,0,-,-,34.1144,-117.3658,SAN BERNARDINO,RIALTO,-117.36602012,34.11406002
7156294,2015,2016-01-22,3607,2015-11-16,0911,15060,245,1,5,6,3607,0,0,0,NA,0,072,PHILADELPHIA ST,SEQUOIA AV,0,NA,Y,A,-,N,NA,NA,NA,NA,NA,NA,NA,NA,NA,Y,4,0,1,2,A,-,09,21802,A,N,D,-,A,A,H,-,A,A,0,NA,NA,NA,NA,Y,NA,-,NA,0,0,1,0,0,0,0,0,0,-,-,NA,NA,SAN BERNARDINO,ONTARIO,-117.57052005,34.03353001
7159401,2015,2016-02-10,3610,2015-12-11,1921,50731,NA,5,5,6,3610,0,0,0,NA,0,POLICE,WEST KENDALL DR,NORTH LITTLE MOUNTAIN DR,0,NA,Y,B,C,N,NA,NA,NA,NA,NA,NA,NA,NA,NA,Y,3,0,2,3,A,-,12,21453,A,N,D,C,A,B,H,-,C,A,0,NA,NA,NA,NA,Y,Y,A,01,0,1,1,0,0,0,0,0,0,-,-,34.1693,-117.31629,SAN BERNARDINO,SAN BERNARDINO,-117.31643005,34.16914011
7161304,2015,2016-01-23,9855,2015-06-27,2340,19462,NA,6,3,9,3600,0,3,5,NA,2,001,CHERRY AV,MERRILL AV,400,N,N,A,-,N,NA,NA,NA,NA,NA,NA,NA,NA,NA,Y,3,0,1,2,A,-,01,23152,A,F,C,C,A,A,H,-,D,A,0,NA,NA,Y,NA,Y,Y,A,07,0,1,0,0,0,0,0,0,1,-,-,34.09345,-117.48899,SAN BERNARDINO,UNINCORPORATED,-117.48892502,34.09306566
7161314,2015,2017-01-18,9855,2015-07-29,0650,12923,NA,3,1,6,3607,0,1,1,NA,2,101,RT 10,RT 15,685,W,N,A,-,Y,SBD,8,10,-,-,9.57,H,-,E,Y,4,0,1,2,A,-,08,22107,NA,N,C,E,A,A,H,-,A,D,1,NA,NA,NA,NA,Y,NA,A,01,0,0,1,0,0,0,0,0,0,-,-,34.0719,-117.55156,SAN BERNARDINO,ONTARIO,-117.55132827,34.06733672
7161406,2015,2017-02-09,9855,2015-06-08,1640,15826,NA,1,2,6,3607,0,1,1,NA,2,101,RT 10,ETIWANDA AV,150,W,N,A,-,Y,SBD,8,10,-,-,11.1,H,-,E,N,4,0,1,3,A,-,03,22350,NA,N,C,C,A,A,H,-,A,D,1,NA,NA,NA,NA,Y,NA,A,01,0,0,1,0,0,0,0,0,0,-,-,34.06731,-117.52302,SAN BERNARDINO,ONTARIO,-117.52465055,34.06740298
7161410,2015,2017-01-10,9855,2015-06-05,1729,17313,NA,5,2,5,3611,0,1,1,NA,2,203,RT 210,EUCLID AV,1584,W,N,A,-,Y,SBD,8,210,-,-,2.29,H,-,E,N,4,0,1,3,A,-,03,22350,NA,F,C,C,A,A,H,-,A,D,1,NA,NA,NA,NA,Y,NA,A,01,0,0,1,0,0,0,0,0,0,-,-,34.13468,-117.65587,SAN BERNARDINO,UPLAND,-117.65654253,34.13455107
7161415,2015,2017-02-09,9855,2015-06-15,1300,14688,NA,1,1,6,3607,0,1,1,NA,2,103,RT 10,ARCHIBALD AV,1056,E,N,A,-,Y,SBD,8,10,-,-,7.36,H,-,E,N,4,0,1,2,A,-,03,22350,NA,N,C,C,A,A,H,-,A,D,1,NA,NA,NA,NA,Y,NA,A,01,0,0,1,0,0,0,0,0,0,-,-,NA,NA,SAN BERNARDINO,ONTARIO,-117.58985802,34.06753541
7161426,2015,2017-01-13,9855,2015-06-21,0725,18313,NA,7,1,6,3616,0,1,1,NA,2,201,RT 210,RT 15,500,E,N,A,-,Y,SBD,8,15,-,-,7.757,R,1,S,Y,3,0,4,3,A,-,03,22350,NA,N,C,C,A,A,H,-,A,D,1,NA,NA,NA,NA,Y,NA,A,01,0,1,3,0,0,0,0,0,0,TO,-,34.13804,-117.49018,SAN BERNARDINO,RANCHO CUCAMONGA,-117.50067014,34.13266703
7162182,2015,2017-02-01,9855,2015-06-13,0600,16853,NA,6,1,6,3616,0,1,1,NA,2,203,RT 210,HAVEN AV,650,E,N,A,-,Y,SBD,8,210,-,-,7.03,H,-,W,Y,4,0,1,4,A,-,03,22350,NA,F,C,C,A,A,H,-,B,D,1,NA,NA,NA,NA,Y,NA,D,22,0,0,1,0,0,0,0,0,0,-,-,34.1368,-117.063,SAN BERNARDINO,RANCHO CUCAMONGA,-117.57385521,34.1362887
7162258,2015,2016-12-20,9855,2015-06-28,2500,20081,NA,7,4,5,3611,0,1,1,NA,2,104,RT 10,6TH ST,300,W,N,A,-,Y,SBD,8,10,-,-,4.27,H,-,E,Y,4,0,1,3,A,-,01,23152,A,N,B,D,A,A,H,-,C,D,1,NA,NA,NA,NA,Y,Y,A,01,0,0,1,0,0,0,0,0,0,-,-,34.08539,-117.63709,SAN BERNARDINO,UPLAND,-117.63768423,34.08567167
7162893,2015,2016-01-21,3610,2015-12-03,1116,50571,NA,4,5,6,3610,0,0,0,NA,0,POLICE,W BASELINE ST,PERRIS ST,0,NA,Y,A,-,N,NA,NA,NA,NA,NA,NA,NA,NA,NA,N,4,0,2,2,A,-,09,21801,A,N,D,C,A,A,H,-,A,A,0,NA,NA,NA,NA,Y,NA,A,07,0,0,2,0,0,0,0,0,0,-,-,34.12131,-117.3064,SAN BERNARDINO,SAN BERNARDINO,-117.30641004,34.12133008
7166340,2015,2016-01-25,3607,2015-10-25,2011,80465,16,7,5,6,3607,0,0,0,NA,0,031,6TH ST,CORONA AV,0,NA,Y,A,-,N,NA,NA,NA,NA,NA,NA,NA,NA,NA,N,3,0,1,2,A,-,11,21954,A,N,G,B,D,A,H,-,C,D,0,Y,NA,NA,NA,Y,NA,N,60,0,1,0,0,1,0,0,0,0,-,-,NA,NA,SAN BERNARDINO,ONTARIO,-117.6159701,34.08490003
7166650,2016,2016-01-26,3608,2016-01-09,1845,4027,3608,6,5,5,3608,0,0,0,NA,0,NA,COLTON AV,TEXAS ST,0,NA,Y,B,-,N,NA,NA,NA,NA,NA,NA,NA,NA,NA,Y,4,0,1,2,A,-,09,21801,A,N,D,C,A,B,H,-,C,A,0,NA,NA,NA,NA,Y,NA,A,01,0,0,1,0,0,0,0,0,0,-,-,NA,NA,SAN BERNARDINO,REDLANDS,-117.19128008,34.06288003
7166743,2015,2016-02-16,3600,2015-12-30,0416,A8310,RC052,3,5,6,3616,0,0,0,NA,0,RC4,VINEYARD AV,ARROW RTE,0,NA,Y,A,-,N,NA,NA,NA,NA,NA,NA,NA,NA,NA,Y,3,0,2,2,D,-,00,NA,NA,N,D,C,A,A,H,-,C,A,0,NA,NA,NA,NA,Y,NA,-,-,0,1,1,0,0,0,0,0,0,-,-,NA,NA,SAN BERNARDINO,RANCHO CUCAMONGA,-117.61110006,34.09935009
7168422,2015,2016-02-09,3609,2015-12-20,1513,8510,NA,7,5,5,3609,0,0,0,NA,0,NA,EUCALYPTUS AV,WILSON ST,38,S,N,A,-,N,NA,NA,NA,NA,NA,NA,NA,NA,NA,N,4,0,2,2,A,-,03,22350,NA,N,C,D,A,-,H,-,A,D,0,NA,NA,NA,NA,Y,NA,D,22,0,0,2,0,0,0,0,0,0,-,-,NA,NA,SAN BERNARDINO,RIALTO,-117.35725,34.09540589
7168438,2015,2016-02-04,3600,2015-12-11,0640,B7126,AP006,5,5,5,3621,0,0,0,NA,0,NA,YUCCA LOMA RD,RINCON RD,0,NA,Y,A,-,N,NA,NA,NA,NA,NA,NA,NA,NA,NA,Y,4,0,1,3,A,-,12,22450,A,N,D,C,A,A,H,-,A,A,0,NA,NA,NA,NA,Y,NA,A,01,0,0,1,0,0,0,0,0,0,-,-,NA,NA,SAN BERNARDINO,APPLE VALLEY,-117.22536006,34.50043009
7169984,2015,2017-01-31,3607,2015-10-06,0540,80491,200,2,5,6,3607,0,0,0,NA,0,052,EUCLID AV,ELM ST,0,NA,Y,A,-,Y,SBD,8,83,-,-,8.296,I,5,S,N,3,0,1,2,A,-,05,21202,A,N,G,G,A,A,H,-,B,A,0,NA,Y,NA,NA,Y,NA,-,NA,0,1,0,0,0,0,1,0,0,-,-,NA,NA,SAN BERNARDINO,ONTARIO,-117.65111116,34.046556
7170874,2015,2016-02-01,3603,2015-11-11,0915,CL4277,COLTO,3,5,4,3603,0,0,0,NA,0,004,ELM ST,CHERRYWOOD ST,46,S,N,A,-,N,NA,NA,NA,NA,NA,NA,NA,NA,NA,N,3,0,1,2,A,-,05,21650,1,N,D,G,A,A,H,-,A,A,0,NA,Y,NA,NA,Y,NA,L,04,0,1,0,0,0,0,1,0,0,-,-,NA,NA,SAN BERNARDINO,COLTON,-117.2958,34.05512398
7170927,2015,2016-02-01,3607,2015-11-16,1747,80363,279,1,5,6,3607,0,0,0,NA,0,072,HAVEN AV,PHILADELPHIA ST,500,S,N,A,-,N,NA,NA,NA,NA,NA,NA,NA,NA,NA,N,4,0,1,3,A,-,03,22350,NA,N,C,C,A,A,H,-,C,D,0,NA,NA,NA,NA,Y,NA,-,NA,0,0,1,0,0,0,0,0,0,-,-,NA,NA,SAN BERNARDINO,ONTARIO,-117.57602,34.03219003
7170939,2015,2016-02-01,3607,2015-11-22,1347,80425,400,7,5,6,3607,0,0,0,NA,0,062,RIVERSIDE DR,CAMPUS AV,0,NA,Y,A,-,N,NA,NA,NA,NA,NA,NA,NA,NA,NA,Y,4,0,2,3,A,-,01,23153,A,F,D,C,A,A,H,-,A,A,0,NA,NA,NA,NA,Y,Y,-,NA,0,0,2,0,0,0,0,0,0,-,-,NA,NA,SAN BERNARDINO,ONTARIO,-117.64141001,34.01938002
7170959,2015,2016-02-01,3607,2015-11-17,1750,80313,195,2,5,6,3607,0,0,0,NA,0,052,FRANCIS ST,CYPRESS AV,0,NA,Y,A,-,N,NA,NA,NA,NA,NA,NA,NA,NA,NA,Y,4,0,2,2,A,-,12,22450,A,N,D,C,A,A,H,-,C,A,0,NA,NA,NA,NA,Y,NA,-,NA,0,0,2,0,0,0,0,0,0,-,-,NA,NA,SAN BERNARDINO,ONTARIO,-117.66337001,34.04100004
7172152,2015,2017-02-04,3600,2015-10-29,1611,F3801,VC013,4,5,3,3613,0,0,0,NA,0,004,RT 395,SENECA RD,0,NA,Y,A,-,Y,SBD,8,395,-,-,11.68,H,-,N,Y,3,0,1,3,A,-,03,22350,NA,N,C,C,A,A,H,-,A,A,0,NA,NA,NA,NA,Y,NA,A,71,0,1,0,0,0,0,0,0,0,-,-,NA,NA,SAN BERNARDINO,ADELANTO,-117.3993889,34.51420879
7173342,2015,2017-01-10,9855,2015-08-02,0240,20081,NA,7,3,5,3602,0,1,3,NA,2,603,RT 60,RAMONA AV,300,W,N,A,-,Y,SBD,8,60,-,R,1.31,H,-,E,Y,3,0,1,2,A,-,01,23152,A,N,C,C,A,A,H,-,C,D,1,NA,NA,NA,Y,Y,Y,A,07,0,1,0,0,0,0,0,0,0,-,-,34.02992,-117.70851,SAN BERNARDINO,CHINO,-117.70782694,34.03005612
7173352,2015,2017-01-13,9855,2015-08-26,1345,15498,NA,3,1,6,3604,0,1,1,NA,2,101,RT 10,CYPRESS AV,20,E,N,A,-,Y,SBD,8,10,-,-,15.73,H,-,E,Y,4,0,2,2,A,-,03,22350,NA,N,C,C,A,A,H,-,A,D,1,NA,NA,NA,NA,Y,NA,A,01,0,0,2,0,0,0,0,0,0,-,-,34.06694,-117.44369,SAN BERNARDINO,FONTANA,-117.44420207,34.06679148
7173356,2015,2017-01-14,9855,2015-08-14,2050,20913,NA,5,2,6,3607,0,1,1,NA,2,103,RT 10,CAMPUS AV,500,W,N,A,-,Y,SBD,8,10,-,-,3.93,H,-,E,Y,3,0,2,2,C,-,18,NA,NA,N,E,J,A,A,H,-,D,D,1,NA,NA,NA,NA,Y,NA,-,-,0,1,1,0,0,0,0,0,0,-,-,34.08731,-117.64344,SAN BERNARDINO,ONTARIO,-117.64326006,34.087175
7174772,2015,2017-01-31,3607,2015-11-21,1627,80326,204,6,5,6,3607,0,0,0,NA,0,061,PHILADELPHIA ST,EUCLID AV,0,NA,Y,A,-,Y,SBD,8,83,-,-,7.413,I,6,S,Y,4,0,1,2,A,-,01,23152,A,M,A,C,A,A,H,-,A,A,0,NA,NA,NA,NA,Y,Y,-,NA,0,0,1,0,0,0,0,0,0,-,-,NA,NA,SAN BERNARDINO,ONTARIO,-117.65105514,34.03378762
7175334,2015,2016-03-25,3610,2015-12-08,0029,50842,NA,2,5,6,3610,0,0,0,NA,0,NA,EAST HIGHLAND AV,NORTH SIERRA WY,111,E,N,A,-,N,NA,NA,NA,NA,NA,NA,NA,NA,NA,Y,4,0,1,1,A,-,08,22107,NA,N,E,I,A,A,H,-,-,A,0,NA,NA,NA,NA,Y,NA,A,07,0,0,1,0,0,0,0,0,0,-,-,34.13594,-117.28515,SAN BERNARDINO,SAN BERNARDINO,-117.28477436,34.13595462
7177347,2015,2016-06-20,3610,2015-12-25,0050,50916,NA,5,5,6,3610,0,0,0,NA,0,NA,N LITTLE MOUNTAIN DR,W KENDALL DR,0,NA,Y,A,-,N,NA,NA,NA,NA,NA,NA,NA,NA,NA,Y,3,0,3,2,A,-,01,23153,A,N,B,C,A,A,H,-,C,A,0,NA,NA,NA,NA,Y,Y,D,22,0,2,1,0,0,0,0,0,0,-,-,NA,NA,SAN BERNARDINO,SAN BERNARDINO,-117.31643005,34.16914011
7177514,2016,2016-02-24,3610,2016-01-10,1223,50994,NA,7,5,6,3610,0,0,0,NA,0,POLICE,N G ST,ORANGE ST,138,S,N,B,-,N,NA,NA,NA,NA,NA,NA,NA,NA,NA,Y,4,0,1,2,A,-,03,22350,NA,N,C,C,A,A,H,-,A,D,0,NA,NA,NA,NA,Y,NA,A,07,0,0,1,0,0,0,0,0,0,-,-,34.12135,-117.2986,SAN BERNARDINO,SAN BERNARDINO,-117.29866585,34.12003196
7179201,2015,2017-01-14,9855,2015-08-11,1530,15498,NA,2,2,5,3602,0,1,3,NA,2,603,RT 60,LA CO LINE,150,E,N,A,-,Y,SBD,8,60,-,R,0.03,H,-,E,Y,4,0,2,3,A,-,03,22350,NA,N,C,C,A,A,H,-,A,D,1,NA,NA,NA,NA,Y,NA,A,01,0,0,2,0,0,0,0,0,0,-,-,34.02402,-117.72873,SAN BERNARDINO,CHINO,-117.72896414,34.02506167
7179217,2015,2017-01-18,9855,2015-08-08,1435,20487,NA,6,2,6,3607,0,1,1,NA,2,101,RT 10,MILLIKEN AV,200,E,N,A,-,Y,SBD,8,10,-,-,9.22,H,-,E,N,4,0,3,3,A,-,03,22350,NA,N,C,C,A,A,H,-,A,D,1,NA,NA,NA,NA,Y,NA,A,01,0,0,3,0,0,0,0,0,0,-,-,34.06769,-117.5543,SAN BERNARDINO,ONTARIO,-117.55743496,34.0673779
7179742,2016,2016-02-17,3608,2016-01-25,1417,3821,NA,1,5,5,3608,0,0,0,NA,0,NA,PIONEER AV,TEXAS ST,528,W,N,A,-,N,NA,NA,NA,NA,NA,NA,NA,NA,NA,N,3,0,1,2,A,-,08,22107,NA,N,D,C,A,A,H,-,A,D,0,NA,NA,NA,NA,Y,NA,A,07,0,1,0,0,0,0,0,0,0,-,-,NA,NA,SAN BERNARDINO,REDLANDS,-117.19287812,34.08090255
7179746,2016,2016-02-17,3608,2016-01-22,0756,4390,NA,5,5,5,3608,0,0,0,NA,0,NA,S WABASH AV,MARIPOSA DR,0,NA,Y,A,-,N,NA,NA,NA,NA,NA,NA,NA,NA,NA,Y,3,0,1,2,A,-,03,22350,NA,N,C,C,A,A,H,-,A,D,0,NA,NA,NA,NA,Y,NA,A,01,0,1,0,0,0,0,0,0,0,-,-,NA,NA,SAN BERNARDINO,REDLANDS,-117.13713011,34.02566002
7181297,2016,2016-02-18,3607,2016-01-08,1538,80493,148,5,5,6,3607,0,0,0,NA,0,012,STATE ST,SAN ANTONIO AV,50,W,N,A,-,N,NA,NA,NA,NA,NA,NA,NA,NA,NA,Y,3,0,1,2,A,-,08,22107,NA,N,D,C,A,A,H,-,A,A,0,NA,NA,NA,NA,Y,NA,-,NA,0,1,0,0,0,0,0,0,0,-,-,NA,NA,SAN BERNARDINO,ONTARIO,-117.66075465,34.05999922
7181342,2016,2016-02-18,3607,2016-01-09,2355,80468,30,6,5,6,3607,0,0,0,NA,0,031,GROVE AV,5TH ST,150,S,N,A,-,N,NA,NA,NA,NA,NA,NA,NA,NA,NA,N,4,0,1,2,A,-,11,21954,A,N,G,B,D,A,H,-,C,D,0,Y,NA,NA,NA,Y,NA,N,60,0,0,1,0,1,0,0,0,0,-,-,NA,NA,SAN BERNARDINO,ONTARIO,-117.62857407,34.08083982
7155499,2015,2016-04-20,3600,2015-12-08,1705,E6893,LL007,2,5,3,3615,0,0,0,NA,0,LL2,REDLANDS BL,EDISON POLE 4617982E,80,E,N,A,-,N,NA,NA,NA,NA,NA,NA,NA,NA,NA,N,4,0,1,2,A,-,-,NA,NA,N,B,B,E,A,H,-,C,D,0,Y,NA,NA,NA,Y,NA,A,01,0,0,1,0,1,0,0,0,0,-,-,NA,NA,SAN BERNARDINO,LOMA LINDA,NA,NA
7152032,2015,2016-01-19,3609,2015-12-17,2027,9632,163,4,5,5,3609,0,0,0,NA,0,004,E MERRILL AV,S SYCAMORE AV,0,NA,Y,A,-,N,NA,NA,NA,NA,NA,NA,NA,NA,NA,Y,4,0,1,2,A,-,12,21453,A,N,D,C,A,A,H,-,D,A,0,NA,NA,NA,NA,Y,NA,D,22,0,0,1,0,0,0,0,0,0,-,-,NA,NA,SAN BERNARDINO,RIALTO,-117.36593009,34.09229008
7181883,2016,2016-02-18,3602,2016-01-20,1608,3368,146,3,5,5,3602,0,0,0,NA,0,005,KIMBALL AV,EUCLID AV,130,W,N,B,-,N,NA,NA,NA,NA,NA,NA,NA,NA,NA,N,4,0,1,2,A,-,03,22350,NA,N,C,C,A,A,H,-,A,A,0,NA,NA,NA,NA,Y,NA,A,01,0,0,1,0,0,0,0,0,0,-,-,NA,NA,SAN BERNARDINO,CHINO,-117.65118763,33.96851
7144011,2015,2016-02-09,3600,2015-12-13,1747,D3381,VC022,7,5,5,3612,0,0,0,NA,0,VC3,ENTERPRISE WY,NISQUALLI RD,0,NA,Y,B,-,N,NA,NA,NA,NA,NA,NA,NA,NA,NA,Y,4,0,1,2,A,-,08,22107,NA,N,C,C,A,A,H,-,C,A,0,NA,NA,NA,NA,Y,NA,A,01,0,0,1,0,0,0,0,0,0,-,-,NA,NA,SAN BERNARDINO,VICTORVILLE,-117.28779005,34.48551011