CASE_ID,ACCIDENT_YEAR,PROC_DATE,JURIS,COLLISION_DATE,COLLISION_TIME,OFFICER_ID,REPORTING_DISTRICT,DAY_OF_WEEK,CHP_SHIFT,POPULATION,CNTY_CITY_LOC,SPECIAL_COND,BEAT_TYPE,CHP_BEAT_TYPE,CITY_DIVISION_LAPD,CHP_BEAT_CLASS,BEAT_NUMBER,PRIMARY_RD,SECONDARY_RD,DISTANCE,DIRECTION,INTERSECTION,WEATHER_1,WEATHER_2,STATE_HWY_IND,CALTRANS_COUNTY,CALTRANS_DISTRICT,STATE_ROUTE,ROUTE_SUFFIX,POSTMILE_PREFIX,POSTMILE,LOCATION_TYPE,RAMP_INTERSECTION,SIDE_OF_HWY,TOW_AWAY,COLLISION_SEVERITY,NUMBER_KILLED,NUMBER_INJURED,PARTY_COUNT,PRIMARY_COLL_FACTOR,PCF_CODE_OF_VIOL,PCF_VIOL_CATEGORY,PCF_VIOLATION,PCF_VIOL_SUBSECTION,HIT_AND_RUN,TYPE_OF_COLLISION,MVIW,PED_ACTION,ROAD_SURFACE,ROAD_COND_1,ROAD_COND_2,LIGHTING,CONTROL_DEVICE,CHP_ROAD_TYPE,PEDESTRIAN_ACCIDENT,BICYCLE_ACCIDENT,MOTORCYCLE_ACCIDENT,TRUCK_ACCIDENT,NOT_PRIVATE_PROPERTY,ALCOHOL_INVOLVED,STWD_VEHTYPE_AT_FAULT,CHP_VEHTYPE_AT_FAULT,COUNT_SEVERE_INJ,COUNT_VISIBLE_INJ,COUNT_COMPLAINT_PAIN,COUNT_PED_KILLED,COUNT_PED_INJURED,COUNT_BICYCLIST_KILLED,COUNT_BICYCLIST_INJURED,COUNT_MC_KILLED,COUNT_MC_INJURED,PRIMARY_RAMP,SECONDARY_RAMP,LATITUDE,LONGITUDE,COUNTY,CITY,POINT_X,POINT_Y
8097648,2016,2016-08-16,3611,2016-06-20,1338,626,3611,1,5,5,3611,0,0,0,NA,0,004,CAMPUS AV,11TH ST,220,N,N,A,-,N,NA,NA,NA,NA,NA,NA,NA,NA,NA,N,4,0,2,2,A,-,09,21804,A,N,D,C,A,A,H,-,A,A,0,NA,NA,NA,NA,Y,NA,A,01,0,0,2,0,0,0,0,0,0,-,-,NA,NA,SAN BERNARDINO,UPLAND,-117.64152004,34.10398289
8100833,2016,2016-08-17,3600,2016-07-30,1438,D6180,HE113,6,5,5,3619,0,0,0,NA,0,HE1,OAKWOOD AV,MESA ST,0,NA,Y,A,-,N,NA,NA,NA,NA,NA,NA,NA,NA,NA,Y,3,0,3,2,A,-,09,21802,A,N,D,C,A,A,H,-,A,A,0,NA,NA,NA,NA,Y,NA,A,01,0,1,2,0,0,0,0,0,0,-,-,NA,NA,SAN BERNARDINO,HESPERIA,-117.34273009,34.4486701
8100837,2016,2016-08-17,3600,2016-07-28,1720,D6180,HE221,4,5,5,3619,0,0,0,NA,0,HE2,MAIN ST,E AV,192,W,N,A,-,N,NA,NA,NA,NA,NA,NA,NA,NA,NA,N,4,0,1,2,A,-,08,22103,NA,N,D,C,A,A,H,-,A,A,0,NA,NA,NA,NA,Y,NA,D,22,0,0,1,0,0,0,0,0,0,-,-,NA,NA,SAN BERNARDINO,HESPERIA,-117.29316431,34.42031478
8003793,2016,2016-03-29,3600,2016-03-14,1235,F3069,VC052,1,5,5,3612,0,0,0,NA,0,VC6,MOJAVE DR,EL EVADO CT,0,NA,Y,A,-,N,NA,NA,NA,NA,NA,NA,NA,NA,NA,Y,3,0,3,2,A,-,01,23152,A,N,C,C,A,A,H,-,A,A,0,NA,NA,NA,NA,Y,Y,A,01,0,2,1,0,0,0,0,0,0,-,-,NA,NA,SAN BERNARDINO,VICTORVILLE,-117.34677007,34.52855007
8101014,2016,2016-08-16,3602,2016-06-27,1519,3054,NA,1,5,5,3602,0,0,0,NA,0,003,PIPELINE AV,EUCALYPTUS AV,35,N,N,A,-,N,NA,NA,NA,NA,NA,NA,NA,NA,NA,Y,4,0,1,2,A,-,03,22350,NA,N,C,C,A,A,H,-,A,A,0,NA,NA,NA,NA,Y,NA,A,01,0,0,1,0,0,0,0,0,0,-,-,NA,NA,SAN BERNARDINO,CHINO,-117.71600079,33.98949067
8008171,2016,2016-04-18,3610,2016-02-24,1812,50756,NA,3,5,6,3610,0,0,0,NA,0,NA,EAST HIGHLAND AV,N GOLDEN ST,0,NA,Y,A,-,N,NA,NA,NA,NA,NA,NA,NA,NA,NA,Y,4,0,2,2,A,-,09,21801,B,N,D,C,A,A,H,-,C,A,0,NA,NA,NA,NA,Y,NA,A,01,0,0,2,0,0,0,0,0,0,-,-,NA,NA,SAN BERNARDINO,SAN BERNARDINO,-117.26112014,34.13587002
8010776,2016,2017-06-20,3600,2016-03-08,0715,E5343,HE134,2,5,5,3619,0,0,0,NA,0,HE3,RT 395,EDISON POLE 4780186E,89,N,N,A,-,N,NA,NA,NA,NA,NA,NA,NA,NA,NA,Y,4,0,1,4,A,-,03,22350,NA,N,C,C,A,A,H,-,A,D,0,NA,NA,NA,NA,Y,NA,A,07,0,0,1,0,0,0,0,0,0,-,-,NA,NA,SAN BERNARDINO,HESPERIA,NA,NA
8011434,2016,2016-04-08,3602,2016-03-13,1822,3489,126,7,5,5,3602,0,0,0,NA,0,005,EUCALYPTUS AV,APPALACHIAN ST,145,W,N,B,-,N,NA,NA,NA,NA,NA,NA,NA,NA,NA,Y,4,0,1,3,A,-,01,23152,A,N,B,E,A,A,H,-,A,D,0,NA,NA,NA,NA,Y,Y,A,01,0,0,1,0,0,0,0,0,0,-,-,NA,NA,SAN BERNARDINO,CHINO,-117.66770709,33.99003752
8103243,2016,2016-08-29,3607,2016-07-29,0314,80513,172,5,5,6,3607,0,0,0,NA,0,042,JURUPA ST,ROCKEFELLER AV,250,E,N,A,-,N,NA,NA,NA,NA,NA,NA,NA,NA,NA,Y,4,0,1,2,A,-,08,22107,NA,N,B,C,A,A,H,-,C,A,0,NA,NA,NA,NA,Y,NA,-,NA,0,0,1,0,0,0,0,0,0,-,-,NA,NA,SAN BERNARDINO,ONTARIO,-117.55431696,34.04821
8104243,2016,2016-08-22,3607,2016-07-27,1819,80502,153,3,5,6,3607,0,0,0,NA,0,051,MISSION BL,MAGNOLIA AV,100,E,N,A,-,N,NA,NA,NA,NA,NA,NA,NA,NA,NA,N,4,0,1,2,A,-,09,21804,A,N,C,C,A,A,H,-,A,D,0,NA,NA,NA,NA,Y,NA,-,NA,0,0,1,0,0,0,0,0,0,-,-,NA,NA,SAN BERNARDINO,ONTARIO,-117.67170076,34.05609457
8011887,2016,2016-04-14,3603,2016-02-05,0810,CL3874,COLTO,5,5,4,3603,0,0,0,NA,0,003,RANCHO AV,LA CADENA DR,500,N,N,A,-,N,NA,NA,NA,NA,NA,NA,NA,NA,NA,Y,4,0,1,2,D,-,00,NA,NA,N,D,C,A,A,H,-,A,D,0,NA,NA,NA,NA,Y,NA,-,-,0,0,1,0,0,0,0,0,0,-,-,NA,NA,SAN BERNARDINO,COLTON,-117.33069,34.05012
8104288,2016,2016-08-26,3601,2016-04-04,2021,P76,NA,1,5,3,3601,0,0,0,NA,0,002,MONTARA RD,SUNRISE RD,0,NA,Y,A,-,N,NA,NA,NA,NA,NA,NA,NA,NA,NA,Y,3,0,1,2,A,-,01,23152,A,F,A,C,A,A,H,-,C,D,0,NA,NA,NA,NA,Y,Y,A,01,0,1,0,0,0,0,0,0,0,-,-,NA,NA,SAN BERNARDINO,BARSTOW,-116.99374005,34.88301
8107442,2016,2016-08-22,3607,2016-08-05,0700,80501,242,5,5,6,3607,0,0,0,NA,0,071,ARCHIBALD AV,PHILADELPHIA ST,0,S,N,A,-,N,NA,NA,NA,NA,NA,NA,NA,NA,NA,N,4,0,1,2,A,-,03,22350,NA,M,B,C,A,A,H,-,A,A,0,NA,NA,NA,NA,Y,NA,-,NA,0,0,1,0,0,0,0,0,0,-,-,NA,NA,SAN BERNARDINO,ONTARIO,-117.59334007,34.03376003
8107772,2016,2016-08-23,3600,2016-07-08,2102,D3381,VC002,5,5,5,3612,0,0,0,NA,0,VC2,MOJAVE DR,DEL REY DR,0,NA,Y,A,-,N,NA,NA,NA,NA,NA,NA,NA,NA,NA,Y,4,0,1,1,C,-,18,NA,NA,N,H,H,A,A,H,-,C,A,0,NA,NA,Y,NA,Y,NA,-,-,0,0,1,0,0,0,0,0,1,-,-,NA,NA,SAN BERNARDINO,VICTORVILLE,-117.30861009,34.52898005
8110182,2016,2016-08-29,3610,2016-07-09,2105,50994,POLIC,6,5,6,3610,0,0,0,NA,0,ADAM,W 11TH ST,N I ST,11,E,N,A,-,N,NA,NA,NA,NA,NA,NA,NA,NA,NA,N,4,0,1,2,A,-,11,21956,NA,N,G,B,D,A,H,-,D,D,0,Y,NA,NA,NA,Y,NA,N,60,0,0,1,0,1,0,0,0,0,-,-,34.1195,-117.3091,SAN BERNARDINO,SAN BERNARDINO,-117.30337,34.11942
8110187,2016,2016-08-29,3610,2016-07-14,1935,50584,NA,4,5,6,3610,0,0,0,NA,0,NA,KENDALL DR,LITTLE MOUNTAIN DR,0,NA,Y,A,-,N,NA,NA,NA,NA,NA,NA,NA,NA,NA,Y,4,0,2,2,A,-,09,21801,A,N,A,C,A,A,H,-,A,A,0,NA,NA,NA,NA,Y,NA,A,07,0,0,2,0,0,0,0,0,0,-,-,NA,NA,SAN BERNARDINO,SAN BERNARDINO,-117.31643005,34.16914011
8110196,2016,2016-08-30,3610,2016-07-30,0903,50799,NA,6,5,6,3610,0,0,0,NA,0,NA,WATERMAN AV,30TH ST,42,N,N,A,-,N,NA,NA,NA,NA,NA,NA,NA,NA,NA,Y,4,0,2,2,A,-,12,21453,A,N,D,C,A,A,H,-,A,A,0,NA,NA,NA,NA,Y,NA,A,07,0,0,2,0,0,0,0,0,0,-,-,34.14695,-117.27867,SAN BERNARDINO,SAN BERNARDINO,-117.2787,34.14609506
8110224,2016,2016-08-30,3610,2016-07-16,1000,50917,NA,6,5,6,3610,0,0,0,NA,0,NA,ORANGE SHOW RD,WASHINGTON AVE,0,NA,Y,A,-,N,NA,NA,NA,NA,NA,NA,NA,NA,NA,Y,4,0,1,2,A,-,03,22350,NA,N,C,A,A,A,H,-,A,A,0,NA,NA,Y,NA,Y,NA,A,01,0,0,1,0,0,0,0,0,1,-,-,34.07969,-117.28385,SAN BERNARDINO,SAN BERNARDINO,-117.28383003,34.07978001
8110475,2016,2017-03-02,3600,2016-07-05,0708,B3424,YV1,2,5,3,3631,0,0,0,NA,0,001,RT 62,SAGE AV,0,NA,Y,A,-,Y,SBD,8,62,-,-,11.9,I,5,W,Y,4,0,1,2,A,-,12,21453,A,N,D,C,A,A,H,-,A,A,0,NA,NA,NA,NA,Y,NA,A,07,0,0,1,0,0,0,0,0,0,-,-,NA,NA,SAN BERNARDINO,YUCCA VALLEY,-116.42234988,34.12088597
8112408,2016,2016-09-02,3604,2016-08-15,0736,990,NA,1,5,6,3604,0,0,0,NA,0,NA,BASELINE AV,MCGUIRE AV,40,E,N,A,-,N,NA,NA,NA,NA,NA,NA,NA,NA,NA,Y,4,0,1,3,A,-,03,22350,NA,N,C,C,A,A,H,-,A,A,0,NA,NA,NA,NA,Y,NA,A,07,0,0,1,0,0,0,0,0,0,-,-,NA,NA,SAN BERNARDINO,FONTANA,-117.48403821,34.1215
8015507,2016,2016-04-15,3600,2016-01-05,1740,F3634,CH065,2,5,5,3630,0,0,0,NA,0,CH4,POMONA RINCON RD,PICASSO DR,742,N,N,A,-,N,NA,NA,NA,NA,NA,NA,NA,NA,NA,Y,2,0,5,2,A,-,09,21804,A,N,D,C,A,B,H,-,C,-,0,NA,NA,NA,NA,Y,NA,A,08,1,1,3,0,0,0,0,0,0,-,-,NA,NA,SAN BERNARDINO,CHINO HILLS,-117.68611101,33.96123541
8022016,2016,2016-04-19,3604,2016-03-27,0110,958,NA,7,5,6,3604,0,0,0,NA,0,NA,SIERRA AV,VALLEY BL,1113,S,N,A,-,N,NA,NA,NA,NA,NA,NA,NA,NA,NA,Y,3,0,2,2,A,-,12,21453,A,N,A,C,A,A,H,-,C,A,0,NA,NA,NA,NA,Y,NA,A,01,0,1,1,0,0,0,0,0,0,-,-,NA,NA,SAN BERNARDINO,FONTANA,-117.43575,34.06732728
8115421,2016,2016-09-01,3604,2016-08-04,1156,599,NA,4,5,6,3604,0,0,0,NA,0,001,BEECH AV,SUMMIT AV,0,NA,Y,A,-,N,NA,NA,NA,NA,NA,NA,NA,NA,NA,N,3,0,1,2,A,-,17,21208,A,N,D,G,A,A,H,-,A,A,0,NA,Y,NA,NA,Y,NA,L,04,0,1,0,0,0,0,1,0,0,-,-,NA,NA,SAN BERNARDINO,FONTANA,-117.47341013,34.14933006
8024677,2016,2016-05-31,3610,2016-04-27,1735,50925,NA,3,5,6,3610,0,0,0,NA,0,POLICE,N D ST,W 10TH ST,0,NA,Y,A,-,N,NA,NA,NA,NA,NA,NA,NA,NA,NA,Y,3,0,1,2,A,-,12,22450,A,F,D,C,A,A,H,-,A,A,0,NA,NA,NA,NA,Y,NA,A,07,0,1,0,0,0,0,0,0,0,-,-,34.11864,-117.29189,SAN BERNARDINO,SAN BERNARDINO,-117.29190008,34.11765002
8116469,2016,2016-11-28,3610,2016-07-23,1530,50680,NA,6,5,6,3610,0,0,0,NA,0,NA,E 5TH ST,N STERLING AV,0,NA,Y,A,-,N,NA,NA,NA,NA,NA,NA,NA,NA,NA,Y,4,0,2,2,A,-,12,21453,A,N,B,C,A,A,H,-,A,A,0,NA,NA,NA,NA,Y,NA,A,01,0,0,2,0,0,0,0,0,0,-,-,34.10831,-117.24368,SAN BERNARDINO,SAN BERNARDINO,-117.24369009,34.10831003
8116706,2016,2016-09-07,3605,2016-08-19,1521,318,NA,5,5,4,3605,0,0,0,NA,0,NA,MONTE VISTA AV,SAN JOSE ST,0,NA,Y,A,-,N,NA,NA,NA,NA,NA,NA,NA,NA,NA,N,4,0,1,2,A,-,12,21453,A,N,D,C,A,A,H,-,A,A,0,NA,NA,NA,NA,Y,NA,A,01,0,0,1,0,0,0,0,0,0,-,-,NA,NA,SAN BERNARDINO,MONTCLAIR,-117.69833002,34.08503007
8041359,2016,2017-02-09,3600,2016-04-01,2230,F6898,BL207,5,5,2,3680,0,0,0,NA,0,BL2,BIG BEAR BL,STANDFIELD CTF,26,E,N,A,-,Y,SBD,8,18,-,-,51.64,H,-,N,Y,3,0,1,1,A,-,03,22350,NA,N,F,A,A,A,H,-,C,A,0,NA,NA,NA,NA,Y,NA,A,07,0,1,0,0,0,0,0,0,0,-,-,NA,NA,SAN BERNARDINO,BIG BEAR LAKE,-116.88273715,34.25706681
8118151,2016,2016-09-09,3605,2016-08-16,1436,339,NA,2,5,4,3605,0,0,0,NA,0,NA,RAMONA AV,KINGSLEY ST,94,N,N,A,-,N,NA,NA,NA,NA,NA,NA,NA,NA,NA,Y,3,0,1,3,A,-,03,22350,NA,N,C,E,A,A,H,-,A,A,0,NA,NA,NA,NA,Y,NA,A,01,0,1,0,0,0,0,0,0,0,-,-,NA,NA,SAN BERNARDINO,MONTCLAIR,-117.7070261,34.06703762
8053756,2016,2016-06-06,3608,2016-05-25,1345,4342,NA,3,5,5,3608,0,0,0,NA,0,NA,CHURCH ST,COLTON AV,0,NA,Y,A,-,N,NA,NA,NA,NA,NA,NA,NA,NA,NA,Y,4,0,1,2,A,-,12,21453,A,N,D,C,A,A,H,-,A,A,0,NA,NA,NA,NA,Y,NA,A,01,0,0,1,0,0,0,0,0,0,-,-,NA,NA,SAN BERNARDINO,REDLANDS,-117.17380002,34.06282009
8122285,2016,2016-09-14,3611,2016-07-11,1348,2387,3611,1,5,5,3611,0,0,0,NA,0,004,CAMPUS AV,ARROW HWY,250,S,N,A,-,N,NA,NA,NA,NA,NA,NA,NA,NA,NA,Y,4,0,1,2,C,-,18,NA,NA,N,C,E,A,A,H,-,A,D,0,NA,NA,NA,NA,Y,NA,-,-,0,0,1,0,0,0,0,0,0,-,-,NA,NA,SAN BERNARDINO,UPLAND,-117.64147599,34.09908484
8122309,2016,2016-09-14,3611,2016-07-04,1314,2831,3611,1,5,5,3611,0,0,0,NA,0,002,MOUNTAIN AV,ARROW HWY,0,NA,Y,A,-,N,NA,NA,NA,NA,NA,NA,NA,NA,NA,N,3,0,2,2,A,-,12,21453,A,N,D,C,A,A,H,-,A,A,0,NA,NA,NA,NA,Y,NA,A,01,0,1,1,0,0,0,0,0,0,-,-,NA,NA,SAN BERNARDINO,UPLAND,-117.67025012,34.09967001
8063504,2016,2017-02-09,3600,2016-05-18,0600,G3840,NA,3,5,5,3619,0,0,0,NA,0,HE3,RT 395,JOSHUA ST,0,NA,Y,A,-,Y,SBD,8,395,-,R,4.517,I,5,N,Y,4,0,2,2,A,-,12,21453,A,N,D,D,A,A,H,-,A,A,0,NA,NA,NA,NA,Y,NA,A,81,0,0,2,0,0,0,0,0,0,-,-,NA,NA,SAN BERNARDINO,HESPERIA,-117.39953107,34.40755494
8067497,2016,2016-07-05,3604,2016-04-26,1614,678,NA,2,5,6,3604,0,0,0,NA,0,NA,VALLEY BL,BEECH AV,0,NA,Y,A,-,N,NA,NA,NA,NA,NA,NA,NA,NA,NA,Y,4,0,1,2,A,-,09,21802,A,N,A,C,A,A,H,-,A,A,0,NA,NA,NA,NA,Y,NA,A,01,0,0,1,0,0,0,0,0,0,-,-,NA,NA,SAN BERNARDINO,FONTANA,-117.47126001,34.07023002
8125281,2016,2016-09-26,3610,2016-08-23,1230,50469,NA,2,5,6,3610,0,0,0,NA,0,POLICE,NORTH WATERMAN AV,23RD ST,30,S,N,A,-,N,NA,NA,NA,NA,NA,NA,NA,NA,NA,Y,4,0,2,2,A,-,03,22350,NA,N,C,C,A,A,H,-,A,D,0,NA,NA,NA,NA,Y,NA,A,01,0,0,2,0,0,0,0,0,0,-,-,NA,NA,SAN BERNARDINO,SAN BERNARDINO,-117.27875135,34.13688782
8125488,2016,2016-10-03,3600,2016-09-06,1059,D6180,HE105,2,5,5,3619,0,0,0,NA,0,HE1,BEAR VALLEY RD,BORNITE AV,302,E,N,A,-,N,NA,NA,NA,NA,NA,NA,NA,NA,NA,Y,3,0,1,3,A,-,03,22350,NA,N,C,C,A,A,H,-,A,A,0,NA,NA,NA,NA,Y,NA,A,01,0,1,0,0,0,0,0,0,0,-,-,NA,NA,SAN BERNARDINO,HESPERIA,-117.29605105,34.47091
8125537,2016,2016-10-03,3607,2016-09-21,0545,80483,70,3,5,6,3607,0,0,0,NA,0,032,4TH ST,ARCHIBALD AV,0,NA,Y,A,-,N,NA,NA,NA,NA,NA,NA,NA,NA,NA,Y,4,0,1,2,A,-,12,21453,A,N,D,-,A,A,H,-,B,A,0,NA,NA,NA,NA,Y,NA,-,NA,0,0,1,0,0,0,0,0,0,-,-,NA,NA,SAN BERNARDINO,ONTARIO,-117.59340009,34.07749007
8125581,2016,2016-10-03,3607,2016-09-14,0725,80483,3,3,5,6,3607,0,0,0,NA,0,031,8TH ST,BAKER AV,157,W,N,A,-,N,NA,NA,NA,NA,NA,NA,NA,NA,NA,Y,4,0,1,2,A,-,03,22350,NA,N,C,-,A,A,H,-,A,-,0,NA,NA,NA,NA,Y,NA,-,NA,0,0,1,0,0,0,0,0,0,-,-,NA,NA,SAN BERNARDINO,ONTARIO,-117.62039718,34.09207001
8125957,2016,2016-09-23,3610,2016-08-15,1050,50992,NA,1,5,6,3610,0,0,0,NA,0,NA,N ORANGE RD,48TH ST,160,S,N,A,-,N,NA,NA,NA,NA,NA,NA,NA,NA,NA,Y,4,0,1,1,A,-,08,22107,NA,N,E,I,A,A,H,-,A,D,0,NA,NA,NA,NA,Y,NA,A,01,0,0,1,0,0,0,0,0,0,-,-,NA,NA,SAN BERNARDINO,SAN BERNARDINO,-117.31222512,34.17131215
8128332,2016,2016-09-27,3600,2016-08-13,1538,F4496,AP006,6,5,5,3621,0,0,0,NA,0,AP1,RANCHERIAS RD,LAKOTA RD,0,NA,Y,A,-,N,NA,NA,NA,NA,NA,NA,NA,NA,NA,Y,2,0,2,2,A,-,01,23152,A,F,A,C,A,A,H,-,A,A,0,NA,NA,NA,NA,Y,Y,A,01,1,1,0,0,0,0,0,0,0,-,-,NA,NA,SAN BERNARDINO,APPLE VALLEY,-117.19927009,34.50401007
8077381,2016,2016-07-26,3600,2016-07-01,1130,A4209,HE404,5,5,5,3619,0,0,0,NA,0,HE4,MAIN ST,C AV,0,W,N,A,-,N,NA,NA,NA,NA,NA,NA,NA,NA,NA,N,4,0,2,2,A,-,03,22350,NA,N,C,C,A,A,H,-,A,A,0,NA,NA,NA,NA,Y,NA,A,01,0,0,2,0,0,0,0,0,0,-,-,NA,NA,SAN BERNARDINO,HESPERIA,-117.2968001,34.42086001
8129282,2016,2016-09-23,3600,2016-07-22,2001,D4310,YC106,5,5,4,3640,0,0,0,NA,0,NA,2ND ST,BURGANDY CT,1056,S,N,A,-,N,NA,NA,NA,NA,NA,NA,NA,NA,NA,Y,3,0,2,2,A,-,08,22107,NA,N,B,C,A,A,H,-,C,D,0,NA,NA,Y,NA,Y,NA,-,NA,0,1,1,0,0,0,0,0,1,-,-,NA,NA,SAN BERNARDINO,YUCAIPA,-117.0432,34.01831796
8080860,2016,2016-07-13,3604,2016-06-08,2059,768,NA,3,5,6,3604,0,0,0,NA,0,NA,CITRUS AV,SLOVER AV,85,N,N,A,-,N,NA,NA,NA,NA,NA,NA,NA,NA,NA,N,4,0,3,3,A,-,03,22350,NA,F,C,C,A,A,H,-,C,A,0,NA,NA,NA,NA,Y,NA,A,01,0,0,3,0,0,0,0,0,0,-,-,NA,NA,SAN BERNARDINO,FONTANA,-117.45383,34.0632321
8130903,2016,2016-09-28,3610,2016-08-12,0334,50569,NA,5,5,6,3610,0,0,0,NA,0,ADAM,W RIALTO AV,S MACY ST,0,NA,Y,A,-,N,NA,NA,NA,NA,NA,NA,NA,NA,NA,Y,4,0,1,2,A,-,01,23153,A,N,C,C,A,A,H,-,C,D,0,NA,NA,Y,NA,Y,Y,A,01,0,0,1,0,0,0,0,0,1,-,-,NA,NA,SAN BERNARDINO,SAN BERNARDINO,-117.33991001,34.09956005
8131824,2016,2016-09-30,3600,2016-08-29,1751,C8620,RC030,1,5,6,3616,0,0,0,NA,0,RC5,HAVEN AV,CIVIC CENTER DR,0,NA,Y,A,-,N,NA,NA,NA,NA,NA,NA,NA,NA,NA,N,4,0,1,2,A,-,03,22350,NA,N,C,C,A,A,H,-,A,A,0,NA,NA,NA,NA,Y,NA,A,01,0,0,1,0,0,0,0,0,0,-,-,NA,NA,SAN BERNARDINO,RANCHO CUCAMONGA,-117.57593013,34.10280006
8134299,2016,2016-10-05,3600,2016-08-15,0534,E7447,RC017,1,5,6,3616,0,0,0,NA,0,RC5,HAVEN AV,6TH ST,0,NA,Y,A,-,N,NA,NA,NA,NA,NA,NA,NA,NA,NA,Y,4,0,1,2,A,-,12,22450,A,N,A,C,A,A,H,-,A,B,0,NA,NA,NA,NA,Y,NA,A,71,0,0,1,0,0,0,0,0,0,-,-,NA,NA,SAN BERNARDINO,RANCHO CUCAMONGA,-117.57586002,34.08468004
8081436,2016,2016-09-12,3602,2016-07-31,2228,3054,NA,7,5,5,3602,0,0,0,NA,0,003,ROSWELL AV,GRAND AV,495,N,N,A,-,N,NA,NA,NA,NA,NA,NA,NA,NA,NA,N,3,0,1,2,A,-,11,21954,A,N,G,B,E,A,H,-,C,A,0,Y,NA,NA,NA,Y,NA,N,60,0,1,0,0,1,0,0,0,0,-,-,NA,NA,SAN BERNARDINO,CHINO,-117.72181497,34.00175393
8085490,2016,2016-07-22,3604,2016-06-24,2019,1209,NA,5,5,6,3604,0,0,0,NA,0,NA,S HIGHLAND AV,CITRUS AV,0,NA,Y,A,-,N,NA,NA,NA,NA,NA,NA,NA,NA,NA,Y,4,0,1,2,A,-,12,21453,A,N,D,C,A,A,H,-,B,A,0,NA,NA,NA,NA,Y,NA,A,01,0,0,1,0,0,0,0,0,0,-,-,NA,NA,SAN BERNARDINO,FONTANA,-117.45364003,34.13471009
8085755,2016,2016-07-22,3600,2016-06-06,0813,D4321,AP004,1,5,5,3621,0,0,0,NA,0,AP1,APPLE VALLEY RD,SENECA RD,51,S,N,A,-,N,NA,NA,NA,NA,NA,NA,NA,NA,NA,N,4,0,1,2,A,-,03,22350,NA,N,C,C,A,A,H,-,A,A,0,NA,NA,NA,NA,Y,NA,A,07,0,0,1,0,0,0,0,0,0,-,-,NA,NA,SAN BERNARDINO,APPLE VALLEY,-117.24316583,34.51463517
8138910,2016,2017-04-28,3600,2016-10-25,1741,G3845,YV003,2,5,3,3631,0,0,0,NA,0,NA,TWENTYNINE PALMS HWY,KICKAPOO TRL,528,W,N,A,-,Y,SBD,8,62,-,-,9.9,H,-,W,N,4,0,1,2,A,-,04,21703,NA,N,C,C,A,A,H,-,B,A,0,NA,NA,NA,NA,Y,NA,-,-,0,0,1,0,0,0,0,0,0,-,-,34.11677,-116.45666,SAN BERNARDINO,YUCCA VALLEY,-116.45635875,34.11677981
8139127,2016,2017-05-01,3600,2016-09-16,1823,F9855,YV015,5,5,3,3631,0,0,0,NA,0,YV1,TWENTYNINE PALMS HWY,CENTER LN,0,NA,-,A,-,Y,SBD,8,62,-,-,14.38,H,-,W,Y,4,0,3,2,A,-,04,21703,NA,N,C,C,A,A,H,-,A,A,0,NA,NA,NA,NA,Y,NA,A,01,0,0,3,0,0,0,0,0,0,-,-,NA,NA,SAN BERNARDINO,YUCCA VALLEY,-116.38237025,34.13495021
8089839,2016,2016-09-26,3609,2016-09-13,2343,5491,172,2,5,5,3609,0,0,0,NA,0,004,RIVERSIDE AV,RIVERSIDE AV 1036,0,NA,N,A,-,N,NA,NA,NA,NA,NA,NA,NA,NA,NA,Y,4,0,1,2,A,-,01,23152,A,N,E,E,A,A,H,-,C,D,0,NA,NA,NA,NA,Y,NA,A,01,0,0,1,0,0,0,0,0,0,-,-,34.04545,-117,SAN BERNARDINO,RIALTO,-117.3703301,34.08213348
8091167,2016,2016-07-28,3608,2016-07-14,1604,3821,NA,4,5,5,3608,0,0,0,NA,0,NA,LUGONIA AV,TENNESSEE ST,75,E,N,A,-,N,NA,NA,NA,NA,NA,NA,NA,NA,NA,Y,4,0,1,2,A,-,03,22350,NA,N,C,C,A,A,H,-,A,A,0,NA,NA,NA,NA,Y,NA,A,01,0,0,1,0,0,0,0,0,0,-,-,NA,NA,SAN BERNARDINO,REDLANDS,-117.19893317,34.07017614
8091406,2016,2017-02-23,3610,2016-07-14,0500,D7369,NA,4,5,6,3610,0,0,0,NA,0,NA,RT 395,POPLAR ST,0,NA,Y,A,-,Y,INY,9,395,-,-,100.57,H,-,N,Y,4,0,1,2,A,-,-,NA,NA,N,B,C,A,A,H,-,B,D,0,NA,NA,NA,NA,Y,NA,A,01,0,0,1,0,0,0,0,0,0,-,-,NA,NA,SAN BERNARDINO,SAN BERNARDINO,-118.28960849,37.16946391
8140677,2016,2016-10-07,3601,2016-08-19,1451,P81,BARST,5,5,3,3601,0,0,0,NA,0,PATROL,S 2ND AV,W BUENA VISTA ST,395,S,N,A,-,N,NA,NA,NA,NA,NA,NA,NA,NA,NA,Y,4,0,1,1,A,-,03,22350,NA,N,E,I,A,A,H,-,A,A,0,NA,NA,NA,NA,Y,Y,A,01,0,0,1,0,0,0,0,0,0,-,-,NA,NA,SAN BERNARDINO,BARSTOW,-117.02620187,34.89454832
8140703,2016,2016-10-10,3611,2016-08-03,0620,3101,3611,3,5,5,3611,0,0,0,NA,0,002,MOUNTAIN AV,CENTER DR,0,NA,Y,A,-,N,NA,NA,NA,NA,NA,NA,NA,NA,NA,Y,4,0,2,2,A,-,12,21453,A,N,D,C,A,A,H,-,A,A,0,NA,NA,NA,NA,Y,NA,A,01,0,0,2,0,0,0,0,0,0,-,-,NA,NA,SAN BERNARDINO,UPLAND,NA,NA
8140707,2016,2016-10-10,3611,2016-08-08,1525,2325,3611,1,5,5,3611,0,0,0,NA,0,002,MOUNTAIN AV,MOUNTAIN GREEN CENTER DR,0,NA,Y,A,-,N,NA,NA,NA,NA,NA,NA,NA,NA,NA,Y,3,0,4,2,A,-,17,21461,A,N,D,C,A,A,H,-,A,A,0,NA,NA,NA,NA,Y,NA,A,01,0,3,1,0,0,0,0,0,0,-,-,NA,NA,SAN BERNARDINO,UPLAND,-117.670151,34.0908576
81411338,2021,2021-02-19,3607,2021-02-12,1516,20389,205,5,5,6,3607,0,0,0,NA,0,061,CAMPUS AV,FRANCIS ST,400,N,N,A,-,N,NA,NA,NA,NA,NA,NA,NA,NA,NA,Y,4,0,1,3,A,-,09,21804,A,N,D,E,A,A,H,-,A,D,0,NA,NA,NA,NA,Y,NA,D,22,0,0,1,0,0,0,0,0,0,-,-,NA,NA,SAN BERNARDINO,ONTARIO,-117.64161682128906,34.042236328125
8094930,2016,2016-08-04,3608,2016-07-19,1510,2952,NA,2,5,5,3608,0,0,0,NA,0,NA,ORANGE ST,UNION AV,135,N,N,A,-,N,NA,NA,NA,NA,NA,NA,NA,NA,NA,N,4,0,1,3,A,-,03,22350,NA,N,C,C,A,A,H,-,A,D,0,NA,NA,NA,NA,Y,NA,A,01,0,0,1,0,0,0,0,0,0,-,-,NA,NA,SAN BERNARDINO,REDLANDS,-117.18250658,34.06565978