CASE_ID,ACCIDENT_YEAR,PROC_DATE,JURIS,COLLISION_DATE,COLLISION_TIME,OFFICER_ID,REPORTING_DISTRICT,DAY_OF_WEEK,CHP_SHIFT,POPULATION,CNTY_CITY_LOC,SPECIAL_COND,BEAT_TYPE,CHP_BEAT_TYPE,CITY_DIVISION_LAPD,CHP_BEAT_CLASS,BEAT_NUMBER,PRIMARY_RD,SECONDARY_RD,DISTANCE,DIRECTION,INTERSECTION,WEATHER_1,WEATHER_2,STATE_HWY_IND,CALTRANS_COUNTY,CALTRANS_DISTRICT,STATE_ROUTE,ROUTE_SUFFIX,POSTMILE_PREFIX,POSTMILE,LOCATION_TYPE,RAMP_INTERSECTION,SIDE_OF_HWY,TOW_AWAY,COLLISION_SEVERITY,NUMBER_KILLED,NUMBER_INJURED,PARTY_COUNT,PRIMARY_COLL_FACTOR,PCF_CODE_OF_VIOL,PCF_VIOL_CATEGORY,PCF_VIOLATION,PCF_VIOL_SUBSECTION,HIT_AND_RUN,TYPE_OF_COLLISION,MVIW,PED_ACTION,ROAD_SURFACE,ROAD_COND_1,ROAD_COND_2,LIGHTING,CONTROL_DEVICE,CHP_ROAD_TYPE,PEDESTRIAN_ACCIDENT,BICYCLE_ACCIDENT,MOTORCYCLE_ACCIDENT,TRUCK_ACCIDENT,NOT_PRIVATE_PROPERTY,ALCOHOL_INVOLVED,STWD_VEHTYPE_AT_FAULT,CHP_VEHTYPE_AT_FAULT,COUNT_SEVERE_INJ,COUNT_VISIBLE_INJ,COUNT_COMPLAINT_PAIN,COUNT_PED_KILLED,COUNT_PED_INJURED,COUNT_BICYCLIST_KILLED,COUNT_BICYCLIST_INJURED,COUNT_MC_KILLED,COUNT_MC_INJURED,PRIMARY_RAMP,SECONDARY_RAMP,LATITUDE,LONGITUDE,COUNTY,CITY,POINT_X,POINT_Y
8141344,2016,2016-10-11,3607,2016-09-27,1459,80492,306,2,5,6,3607,0,0,0,NA,0,MILL,4TH ST,RICHMOND AV,200,E,N,A,-,N,NA,NA,NA,NA,NA,NA,NA,NA,NA,Y,3,0,2,3,A,-,03,22350,NA,N,C,C,A,A,H,-,A,A,0,NA,NA,NA,NA,Y,NA,-,NA,0,1,1,0,0,0,0,0,0,-,-,NA,NA,SAN BERNARDINO,ONTARIO,-117.55235134,34.07733
81419470,2021,2021-03-03,3607,2021-02-24,2028,80534,53,3,5,6,3607,0,0,0,NA,0,011,I ST,FUCHSIA AV,0,NA,Y,A,-,N,NA,NA,NA,NA,NA,NA,NA,NA,NA,Y,4,0,3,2,A,-,09,21802,A,N,D,C,A,A,H,-,C,D,0,NA,NA,NA,NA,Y,NA,A,01,0,0,3,0,0,0,0,0,0,-,-,NA,NA,SAN BERNARDINO,ONTARIO,-117.67581939697266,34.0742073059082
81424806,2021,2021-03-11,3607,2021-02-07,1445,20276,123,7,5,6,3607,0,0,0,NA,0,012,D ST,VINE AV,250,W,N,A,-,N,NA,NA,NA,NA,NA,NA,NA,NA,NA,Y,4,0,1,2,A,-,09,21801,A,N,D,C,A,A,H,-,A,A,0,NA,NA,NA,NA,Y,NA,A,01,0,0,1,0,0,0,0,0,0,-,-,NA,NA,SAN BERNARDINO,ONTARIO,-117.65673065185548,34.066978454589844
8100945,2016,2017-03-01,3602,2016-07-21,1457,3527,NA,4,5,5,3602,0,0,0,NA,0,001,CENTRAL AV,PHILADELPHIA ST,315,S,N,A,-,Y,SBD,8,83,-,-,7.35,H,-,S,N,4,0,2,2,A,-,03,22350,NA,N,C,C,A,A,H,-,A,D,0,NA,NA,NA,NA,Y,NA,A,01,0,0,2,0,0,0,0,0,0,-,-,NA,NA,SAN BERNARDINO,CHINO,-117.65105306,34.03287622
8101272,2016,2017-03-03,3600,2016-07-27,1807,F8562,HE301,3,5,5,3619,0,0,0,NA,0,HE3,PHELAN RD,RT 395,0,NA,Y,A,-,Y,SBD,8,395,-,R,5.613,I,6,N,N,4,0,1,2,A,-,03,22350,NA,N,C,C,A,A,H,-,A,A,0,NA,NA,NA,NA,Y,NA,A,07,0,0,1,0,0,0,0,0,0,-,-,NA,NA,SAN BERNARDINO,HESPERIA,-117.40004563,34.42671501
81430634,2021,2021-03-19,3607,2021-03-01,1115,20388,290,1,5,6,3607,0,0,0,NA,0,072,RIVERSIDE DR,COLONIAL AV,369,E,N,A,-,N,NA,NA,NA,NA,NA,NA,NA,NA,NA,N,3,0,1,2,A,-,05,21650,NA,F,D,G,A,A,H,-,A,D,0,NA,Y,NA,NA,Y,NA,L,04,0,1,0,0,0,0,1,0,0,-,-,NA,NA,SAN BERNARDINO,ONTARIO,-117.5957489013672,34.01914978027344
8143151,2016,2016-10-26,3610,2016-09-16,1005,NA,NA,5,5,6,3610,0,0,0,NA,0,NA,S PEPPER AV,W RANDALL AV,0,NA,Y,A,-,N,NA,NA,NA,NA,NA,NA,NA,NA,NA,Y,4,0,2,2,A,-,09,21801,A,N,A,C,A,A,H,-,A,A,0,NA,NA,NA,NA,Y,NA,A,01,0,0,2,0,0,0,0,0,0,-,-,NA,NA,SAN BERNARDINO,SAN BERNARDINO,-117.35292007,34.08500004
8101468,2016,2016-08-18,3600,2016-07-29,2042,D6180,HE105,5,5,5,3619,0,0,0,NA,0,HE01,SEQUOIA ST,APATITE AV,0,NA,Y,A,-,N,NA,NA,NA,NA,NA,NA,NA,NA,NA,Y,4,0,2,2,A,-,09,21802,A,N,D,C,A,A,H,-,A,A,0,NA,NA,NA,NA,Y,NA,A,01,0,0,2,0,0,0,0,0,0,-,-,NA,NA,SAN BERNARDINO,HESPERIA,-117.28602003,34.46912008
8012736,2016,2016-04-11,3602,2016-01-20,1238,3034,NA,3,5,5,3602,0,0,0,NA,0,001,CENTRAL AV,PHILADELPHIA ST,1205,N,N,B,-,N,NA,NA,NA,NA,NA,NA,NA,NA,NA,N,3,0,1,2,A,-,11,21955,NA,N,G,B,D,A,H,-,A,D,0,Y,NA,NA,NA,Y,NA,N,60,0,1,0,0,1,0,0,0,0,-,-,NA,NA,SAN BERNARDINO,CHINO,-117.68957,34.03686252
8145197,2016,2016-10-13,3608,2016-09-29,1603,4335,3608,4,5,5,3608,0,0,0,NA,0,901,PARK AV,KANSAS ST,0,NA,Y,A,-,N,NA,NA,NA,NA,NA,NA,NA,NA,NA,Y,3,0,1,2,A,-,09,21802,A,N,D,C,A,A,C,-,A,A,0,NA,NA,NA,NA,Y,NA,A,01,0,1,0,0,0,0,0,0,0,-,-,NA,NA,SAN BERNARDINO,REDLANDS,-117.20443007,34.05923006
8027449,2016,2016-04-29,3604,2016-04-05,1400,925,NA,2,5,6,3604,0,0,0,NA,0,NA,MANGO AV,MERRILL,468,S,N,A,-,N,NA,NA,NA,NA,NA,NA,NA,NA,NA,Y,3,0,1,2,A,-,09,21804,A,N,D,C,A,A,H,-,A,A,0,NA,NA,NA,NA,Y,NA,A,01,0,1,0,0,0,0,0,0,0,-,-,NA,NA,SAN BERNARDINO,FONTANA,-117.43136224,34.09085778
81455644,2021,2021-04-22,3607,2021-03-31,0543,20469,283,3,5,6,3607,0,0,0,NA,0,072,HAMNER AV,RIVERSIDE DR,100,N,N,A,-,N,NA,NA,NA,NA,NA,NA,NA,NA,NA,Y,3,0,1,2,A,-,08,22107,NA,N,A,E,A,A,D,-,B,D,0,NA,NA,NA,NA,Y,NA,A,01,0,1,0,0,0,0,0,0,0,-,-,NA,NA,SAN BERNARDINO,ONTARIO,-117.55828094482422,34.018890380859375
81455664,2021,2021-04-22,3607,2021-04-10,0356,20388,640,6,5,6,3607,0,0,0,NA,0,082,EDISON AV,ARCHIBALD AV,2000,W,N,A,-,N,NA,NA,NA,NA,NA,NA,NA,NA,NA,Y,4,0,1,2,A,-,05,21650,NA,N,D,C,A,A,H,-,D,D,0,NA,NA,NA,NA,Y,NA,A,01,0,0,1,0,0,0,0,0,0,-,-,NA,NA,SAN BERNARDINO,ONTARIO,-117.59992,33.997262
8146459,2016,2016-10-20,3600,2016-08-13,1737,F5197,HI002,6,5,4,3618,0,0,0,NA,0,HI1,9TH ST,STERLING AV,0,NA,Y,A,-,N,NA,NA,NA,NA,NA,NA,NA,NA,NA,N,4,0,2,2,A,-,09,21453,C,N,D,C,A,-,H,-,A,A,0,NA,NA,NA,NA,Y,NA,A,01,0,0,2,0,0,0,0,0,0,-,-,NA,NA,SAN BERNARDINO,HIGHLAND,-117.24366002,34.11572005
8034973,2016,2016-05-09,3600,2016-04-12,1622,C9265,HE103,2,5,5,3619,0,0,0,NA,0,HE1,11TH AV,SEQUOIA ST,0,NA,Y,A,-,N,NA,NA,NA,NA,NA,NA,NA,NA,NA,Y,4,0,2,2,A,-,09,21802,A,N,D,C,A,A,H,-,A,A,0,NA,NA,NA,NA,Y,NA,D,22,0,0,2,0,0,0,0,0,0,-,-,NA,NA,SAN BERNARDINO,HESPERIA,-117.3211501,34.46887005
8120517,2016,2017-03-02,3607,2016-06-26,2358,80463,10,7,5,6,3607,0,0,0,NA,0,021,EUCLID AV,RT 10,0,NA,Y,A,-,Y,SBD,8,10,-,-,3.607,R,4,E,Y,4,0,1,2,A,-,09,21453,C,N,D,C,A,A,H,-,C,A,0,NA,NA,NA,NA,Y,NA,-,NA,0,0,1,0,0,0,0,0,0,-,EO,NA,NA,SAN BERNARDINO,ONTARIO,-117.64875205,34.08728759
81468436,2021,2021-05-10,3607,2021-03-26,1155,80442,103,5,5,6,3607,0,0,0,NA,0,011,EUCLID AV,D ST,0,NA,Y,A,-,N,NA,NA,NA,NA,NA,NA,NA,NA,NA,N,4,0,1,2,A,-,09,21804,A,N,D,G,A,A,H,-,A,A,0,NA,Y,NA,NA,Y,NA,L,04,0,0,1,0,0,0,1,0,0,-,-,NA,NA,SAN BERNARDINO,ONTARIO,-117.65120697021484,34.06698989868164
81468488,2021,2021-05-10,3611,2021-03-08,1754,2297,3611,1,5,5,3611,0,0,0,NA,0,004,2ND AVE,D ST,0,NA,Y,B,-,N,NA,NA,NA,NA,NA,NA,NA,NA,NA,N,4,0,1,2,D,-,00,NA,NA,N,D,C,A,A,H,-,B,A,0,NA,NA,NA,NA,Y,NA,-,-,0,0,1,0,0,0,0,0,0,-,-,NA,NA,SAN BERNARDINO,UPLAND,-117.64839935302734,34.09846115112305
8146892,2016,2016-10-14,3600,2016-09-19,1806,D8559,HE217,1,5,5,3619,0,0,0,NA,0,HE2,MAIN ST,C AV,0,NA,Y,A,-,N,NA,NA,NA,NA,NA,NA,NA,NA,NA,Y,4,0,2,3,A,-,01,23152,F,N,C,C,A,A,H,-,A,A,0,NA,NA,NA,NA,Y,NA,A,01,0,0,2,0,0,0,0,0,0,-,-,NA,NA,SAN BERNARDINO,HESPERIA,-117.2968001,34.42086001
81472127,2021,2021-05-13,3607,2021-03-30,0951,19792,3607,2,5,6,3607,0,0,0,NA,0,041,HAVEN AV,FOURTH ST,0,NA,Y,A,-,N,NA,NA,NA,NA,NA,NA,NA,NA,NA,N,3,0,1,1,A,-,03,22350,NA,N,E,I,A,A,H,-,A,A,0,NA,NA,NA,NA,Y,NA,-,31,0,1,0,0,0,0,0,0,0,-,-,NA,NA,SAN BERNARDINO,ONTARIO,-117.57582092285156,34.077266693115234
81472160,2021,2021-05-13,3607,2021-04-28,1221,20341,63,3,5,6,3607,0,0,0,NA,0,021,BERLYN AV,FOURTH ST,0,NA,Y,A,-,N,NA,NA,NA,NA,NA,NA,NA,NA,NA,N,3,0,1,2,A,-,12,22450,A,N,D,C,A,A,H,-,A,A,0,NA,NA,NA,NA,Y,NA,A,01,0,1,0,0,0,0,0,0,0,-,-,NA,NA,SAN BERNARDINO,ONTARIO,-117.63896942138672,34.07794189453125
81480624,2021,2021-05-25,3607,2021-04-19,0630,80520,242,1,5,6,3607,0,0,0,NA,0,071,PHILADELPHIA ST,HELLMAN AV,1000,E,N,A,-,N,NA,NA,NA,NA,NA,NA,NA,NA,NA,N,4,0,1,2,A,-,06,21755,A,N,B,C,A,A,H,-,A,D,0,NA,NA,NA,NA,Y,NA,A,01,0,0,1,0,0,0,0,0,0,-,-,NA,NA,SAN BERNARDINO,ONTARIO,-117.59874725341795,34.033836364746094
8122957,2016,2016-09-16,3608,2016-09-01,2317,3821,NA,4,5,5,3608,0,0,0,NA,0,NA,SAN BERNARDINO AV,TENNESSEE ST,30,W,N,A,-,N,NA,NA,NA,NA,NA,NA,NA,NA,NA,Y,4,0,2,2,A,-,03,22350,NA,N,C,C,A,A,H,-,C,A,0,NA,NA,NA,NA,Y,NA,A,01,0,0,2,0,0,0,0,0,0,-,-,NA,NA,SAN BERNARDINO,REDLANDS,-117.19951876,34.07738
81481587,2021,2021-05-26,3607,2021-04-06,1719,19834,125,2,5,6,3607,0,0,0,NA,0,012,HOLT BL,LAUREL AV,0,NA,Y,A,-,N,NA,NA,NA,NA,NA,NA,NA,NA,NA,Y,4,0,1,2,A,-,09,21802,A,N,D,C,A,A,H,-,A,A,0,NA,NA,NA,NA,Y,NA,A,01,0,0,1,0,0,0,0,0,0,-,-,NA,NA,SAN BERNARDINO,ONTARIO,-117.65238189697266,34.0633544921875
81485495,2021,2021-05-31,3607,2021-05-18,1240,80546,156,2,5,6,3607,0,0,0,NA,0,051,SAN ANTONIO AV,STATE ST,0,NA,Y,A,-,N,NA,NA,NA,NA,NA,NA,NA,NA,NA,N,4,0,1,3,A,-,09,21800,A,N,D,C,A,A,A,-,A,D,0,NA,NA,NA,NA,Y,NA,A,01,0,0,1,0,0,0,0,0,0,-,-,NA,NA,SAN BERNARDINO,ONTARIO,-117.66059112548828,34.05999755859375
81485507,2021,2021-05-31,3607,2021-05-25,1955,20177,276,2,5,6,3607,0,0,0,NA,0,071,ARCHIBALD AV,COG HILL ST,100,N,N,A,-,N,NA,NA,NA,NA,NA,NA,NA,NA,NA,Y,4,0,1,3,A,-,01,23152,G,N,C,C,A,A,H,-,C,D,0,NA,NA,NA,NA,Y,Y,A,01,0,0,1,0,0,0,0,0,0,-,-,NA,NA,SAN BERNARDINO,ONTARIO,-117.59320068359376,34.022193908691406
8123859,2016,2016-09-19,3607,2016-04-19,0629,14980,210,2,5,6,3607,0,0,0,NA,0,171,BAKER AV,ACACIA ST,0,NA,Y,A,-,N,NA,NA,NA,NA,NA,NA,NA,NA,NA,Y,4,0,1,2,A,-,12,22450,A,N,D,C,A,A,H,-,A,A,0,NA,NA,NA,NA,Y,NA,-,NA,0,0,1,0,0,0,0,0,0,-,-,NA,NA,SAN BERNARDINO,ONTARIO,-117.61532,34.04851002
81488154,2021,2021-06-03,3607,2021-05-29,2300,20317,212,6,5,6,3607,0,0,0,NA,0,042,ARCHIBALD AV,JURUPA ST,0,NA,Y,A,-,N,NA,NA,NA,NA,NA,NA,NA,NA,NA,Y,4,0,1,2,A,-,09,21802,A,F,D,C,A,A,H,-,C,D,0,NA,NA,NA,NA,Y,NA,-,99,0,0,1,0,0,0,0,0,0,-,-,NA,NA,SAN BERNARDINO,ONTARIO,-117.59327697753906,34.04832458496094
8148904,2016,2016-10-24,3600,2016-09-29,1433,G3599,HE402,4,5,5,3619,0,0,0,NA,0,HE4,SANTA FE AV E,OLIVE ST,0,NA,Y,A,-,N,NA,NA,NA,NA,NA,NA,NA,NA,NA,N,4,0,1,2,A,-,09,21802,A,N,B,C,A,A,H,-,A,A,0,NA,NA,NA,NA,Y,NA,A,01,0,0,1,0,0,0,0,0,0,-,-,NA,NA,SAN BERNARDINO,HESPERIA,-117.30210002,34.41799008
8129911,2016,2016-11-03,3609,2016-08-26,1340,8510,119,5,5,5,3609,0,0,0,NA,0,001,FOOTHILL BL,LINDEN AV,662,W,N,A,-,N,NA,NA,NA,NA,NA,NA,NA,NA,NA,N,4,0,1,2,A,-,08,22107,NA,N,B,C,A,A,H,-,A,D,0,NA,NA,NA,NA,Y,NA,A,07,0,0,1,0,0,0,0,0,0,-,-,NA,NA,SAN BERNARDINO,RIALTO,-117.40308053,34.10673001
8102538,2016,2016-08-19,3604,2016-07-08,1321,1043,NA,5,5,6,3604,0,0,0,NA,0,NA,SIERRA AV,ATHOL ST,87,S,N,A,-,N,NA,NA,NA,NA,NA,NA,NA,NA,NA,N,4,0,1,2,A,-,03,22350,NA,N,C,C,A,A,H,-,A,-,0,NA,NA,NA,NA,Y,NA,D,22,0,0,1,0,0,0,0,0,0,-,-,NA,NA,SAN BERNARDINO,FONTANA,-117.43572842,34.08825162
8104247,2016,2016-08-22,3607,2016-07-22,2341,15133,256,5,5,6,3607,0,0,0,NA,0,062,WALNUT AV,GROVE AV,600,W,N,A,-,N,NA,NA,NA,NA,NA,NA,NA,NA,NA,Y,4,0,1,1,A,-,01,23152,A,N,E,I,A,A,H,-,C,A,0,NA,NA,NA,NA,Y,Y,-,NA,0,0,1,0,0,0,0,0,0,-,-,NA,NA,SAN BERNARDINO,ONTARIO,-117.63037479,34.02666
8150768,2016,2016-10-26,3602,2016-09-27,1338,3172,NA,2,5,5,3602,0,0,0,NA,0,002,RIVERSIDE DR,PIPELINE AV,30,E,N,A,-,N,NA,NA,NA,NA,NA,NA,NA,NA,NA,N,4,0,1,2,A,-,21,22106,NA,N,C,C,A,A,H,-,A,A,0,NA,NA,NA,NA,Y,NA,D,22,0,0,1,0,0,0,0,0,0,-,-,NA,NA,SAN BERNARDINO,CHINO,-117.71536127,34.01890838
8150881,2016,2017-03-22,3608,2016-10-13,1916,4335,3608,4,5,5,3608,0,0,0,NA,0,901,CITRUS AV,CHURCH ST,297,E,N,A,-,N,NA,NA,NA,NA,NA,NA,NA,NA,NA,N,4,0,1,2,A,-,03,22350,NA,N,C,C,A,A,H,-,C,A,0,NA,NA,NA,NA,Y,NA,A,01,0,0,1,0,0,0,0,0,0,-,-,NA,NA,SAN BERNARDINO,REDLANDS,-117.17287259,34.05554
8151053,2016,2016-12-28,3607,2016-10-07,1505,14757,128,5,5,6,3607,0,0,0,NA,0,022,HOLT BL,MALCOLM AV,0,NA,Y,A,-,N,NA,NA,NA,NA,NA,NA,NA,NA,NA,Y,3,0,2,2,A,-,09,21802,A,N,D,C,A,A,H,-,A,D,0,NA,NA,NA,NA,Y,NA,-,NA,0,1,1,0,0,0,0,0,0,-,-,NA,NA,SAN BERNARDINO,ONTARIO,-117.64206006,34.06337008
81511633,2021,2021-07-02,3607,2021-05-28,1859,20175,327,5,5,6,3607,0,0,0,NA,0,041,HAVEN AV,10 FREEWAY,0,NA,Y,A,-,N,NA,NA,NA,NA,NA,NA,NA,NA,NA,N,4,0,1,2,A,-,12,21453,A,F,D,C,A,A,H,-,A,A,0,NA,NA,NA,NA,Y,Y,A,01,0,0,1,0,0,0,0,0,0,-,-,NA,NA,SAN BERNARDINO,ONTARIO,-117.5759506225586,34.067420959472656
8151491,2016,2016-10-26,3602,2016-08-24,0734,3495,NA,3,5,5,3602,0,0,0,NA,0,003,EUCALYPTUS AV,MONTE VISTA AV,0,NA,Y,A,-,N,NA,NA,NA,NA,NA,NA,NA,NA,NA,Y,3,0,1,2,A,-,12,21453,A,N,D,C,A,A,H,-,A,A,0,NA,NA,NA,NA,Y,NA,A,01,0,1,0,0,0,0,0,0,0,-,-,NA,NA,SAN BERNARDINO,CHINO,-117.6977301,33.98996011
8151609,2016,2016-10-27,3600,2016-09-15,1854,F6907,VC053,4,5,5,3612,0,0,0,NA,0,VC5,PALMDALE RD,KENTWOOD BL,0,NA,Y,A,-,N,NA,NA,NA,NA,NA,NA,NA,NA,NA,N,3,0,1,2,A,-,08,22107,NA,N,B,C,A,A,H,-,B,A,0,NA,NA,Y,NA,Y,NA,-,NA,0,1,0,0,0,0,0,0,0,-,-,NA,NA,SAN BERNARDINO,VICTORVILLE,-117.32749007,34.50705004
8112521,2016,2016-09-27,3610,2016-07-22,2301,50986,NA,5,5,6,3610,0,0,0,NA,0,POLICE,NORTH WATERMAN AV,9TH ST,30,N,N,A,-,N,NA,NA,NA,NA,NA,NA,NA,NA,NA,Y,4,0,1,2,A,-,01,23152,A,N,C,C,A,A,H,-,C,A,0,NA,NA,NA,NA,Y,Y,A,01,0,0,1,0,0,0,0,0,0,-,-,34.11579,-117.2788,SAN BERNARDINO,SAN BERNARDINO,-117.27879,34.11588218
8151700,2016,2016-10-25,3600,2016-10-01,0027,E3900,VC038,6,5,5,3612,0,0,0,NA,0,001,FORREST AV,5TH ST,0,NA,Y,C,-,N,NA,NA,NA,NA,NA,NA,NA,NA,NA,N,4,0,1,2,A,-,08,22107,NA,N,D,E,A,-,H,-,-,-,0,NA,NA,NA,NA,Y,NA,A,01,0,0,1,0,0,0,0,0,0,-,-,NA,NA,SAN BERNARDINO,VICTORVILLE,-117.29845009,34.53429011
8113312,2016,2016-09-07,3600,2016-08-17,1806,D7369,HE102,3,5,5,3619,0,0,0,NA,0,HE1,COTTONWOOD AV,SEQUOIA ST,0,NA,Y,A,-,N,NA,NA,NA,NA,NA,NA,NA,NA,NA,N,4,0,1,2,A,-,05,21650,NA,N,D,G,A,A,H,-,A,A,0,NA,Y,NA,NA,Y,NA,L,04,0,0,1,0,0,0,1,0,0,-,-,NA,NA,SAN BERNARDINO,HESPERIA,-117.3386801,34.46871012
8152510,2016,2016-10-31,3608,2016-10-14,1056,2952,NA,5,5,5,3608,0,0,0,NA,0,NA,CAJON ST,FERN AV,237,N,N,A,-,N,NA,NA,NA,NA,NA,NA,NA,NA,NA,Y,4,0,1,2,A,-,03,22350,A,N,-,E,A,A,H,-,A,D,0,NA,NA,NA,NA,Y,NA,A,01,0,0,1,0,0,0,0,0,0,-,-,NA,NA,SAN BERNARDINO,REDLANDS,-117.17931904,34.05093213
8116383,2016,2016-09-27,3609,2016-07-24,1435,5403,21,7,5,5,3609,0,0,0,NA,0,001,RIVERSIDE AV,PEACH ST,0,NA,N,A,-,N,NA,NA,NA,NA,NA,NA,NA,NA,NA,Y,2,0,2,3,A,-,03,22350,NA,N,C,C,A,A,H,-,A,D,0,NA,NA,NA,NA,Y,Y,A,01,1,0,1,0,0,0,0,0,0,-,-,NA,NA,SAN BERNARDINO,RIALTO,-117.39340012,34.15254001
8117722,2016,2016-09-09,3608,2016-08-04,0756,4358,NA,4,5,5,3608,0,0,0,NA,0,NA,KANSAS ST,BARTON RD,75,N,N,A,-,N,NA,NA,NA,NA,NA,NA,NA,NA,NA,N,4,0,1,2,A,-,03,22350,NA,N,B,C,A,A,H,-,A,D,0,NA,NA,NA,NA,Y,NA,A,01,0,0,1,0,0,0,0,0,0,-,-,NA,NA,SAN BERNARDINO,REDLANDS,-117.20428555,34.04681539
8148075,2016,2016-10-18,3610,2016-09-21,0910,50356,NA,3,5,6,3610,0,0,0,NA,0,POLICE,N MOUNTAIN  VIEW AV,W 16TH ST,0,NA,Y,A,-,N,NA,NA,NA,NA,NA,NA,NA,NA,NA,Y,4,0,1,2,A,-,09,21802,A,N,D,C,A,A,H,-,A,A,0,NA,NA,NA,NA,Y,NA,A,01,0,0,1,0,0,0,0,0,0,-,-,NA,NA,SAN BERNARDINO,SAN BERNARDINO,-117.28741004,34.12862002
8154426,2016,2016-10-28,3600,2016-10-06,1543,S3852,RC022,4,5,6,3616,0,0,0,NA,0,005,MILLIKEN AV,VICTORIA PARK LN,0,NA,Y,A,-,N,NA,NA,NA,NA,NA,NA,NA,NA,NA,N,2,0,1,2,A,-,10,21950,A,N,G,B,B,A,H,-,A,A,0,Y,NA,NA,NA,Y,NA,A,01,1,0,0,0,1,0,0,0,0,-,-,NA,NA,SAN BERNARDINO,RANCHO CUCAMONGA,-117.55863005,34.13066012
8154456,2016,2016-10-31,3600,2016-09-27,1153,C9392,RC014,2,5,6,3616,0,0,0,NA,0,RC6,ROCHESTER AV,CHURCH AV,0,NA,Y,A,-,N,NA,NA,NA,NA,NA,NA,NA,NA,NA,Y,4,0,1,2,A,-,00,21081,A,N,-,C,A,A,H,-,A,A,0,NA,NA,NA,NA,Y,NA,A,01,0,0,1,0,0,0,0,0,0,-,-,NA,NA,SAN BERNARDINO,RANCHO CUCAMONGA,-117.54552,34.11394002
81559991,2021,2021-09-01,3607,2021-08-14,1225,80442,60,6,5,6,3607,0,0,0,NA,0,011,VINE AV,J ST,0,NA,Y,A,-,N,NA,NA,NA,NA,NA,NA,NA,NA,NA,N,4,0,2,2,A,-,09,21802,A,N,D,C,A,A,H,-,A,A,0,NA,NA,NA,NA,Y,NA,A,01,0,0,2,0,0,0,0,0,0,-,-,NA,NA,SAN BERNARDINO,ONTARIO,-117.65593719482422,34.0760612487793
8157890,2016,2016-12-22,3604,2016-10-03,2325,680,NA,1,5,6,3604,0,0,0,NA,0,NA,FOOTHILL BL,LOCUST,60,E,N,A,-,N,NA,NA,NA,NA,NA,NA,NA,NA,NA,Y,4,0,1,2,A,-,01,23152,A,N,E,I,A,A,H,-,C,A,0,NA,NA,NA,NA,Y,Y,A,01,0,0,1,0,0,0,0,0,0,-,-,NA,NA,SAN BERNARDINO,FONTANA,-117.40943237,34.10671
81579499,2021,2021-09-27,3607,2021-09-16,1527,20133,810,4,5,6,3607,0,0,0,NA,0,081,GROVE AV,MERRILL AV,500,N,N,A,-,N,NA,NA,NA,NA,NA,NA,NA,NA,NA,Y,4,0,3,2,A,-,05,21650,NA,N,A,C,A,A,H,-,A,D,0,NA,NA,NA,NA,Y,NA,A,01,0,0,3,0,0,0,0,0,0,-,-,NA,NA,SAN BERNARDINO,ONTARIO,-117.62798309326172,33.98455047607422
81579871,2021,2021-09-27,3607,2021-09-18,1101,20153,137,6,5,6,3607,0,0,0,NA,0,032,D ST,CORONA AV,0,NA,Y,A,-,N,NA,NA,NA,NA,NA,NA,NA,NA,NA,N,4,0,2,2,A,-,12,22450,A,N,D,C,A,A,H,-,A,A,0,NA,NA,NA,NA,Y,NA,A,01,0,0,2,0,0,0,0,0,0,-,-,NA,NA,SAN BERNARDINO,ONTARIO,-117.61341857910156,34.067134857177734
81582231,2021,2021-09-29,3607,2021-09-14,1723,19999,108,2,5,6,3607,0,0,0,NA,0,022,D ST,CAMPUS AV,0,NA,Y,A,-,N,NA,NA,NA,NA,NA,NA,NA,NA,NA,N,4,0,1,2,D,-,00,NA,NA,N,D,C,A,A,H,-,A,A,0,NA,NA,NA,NA,Y,NA,-,-,0,0,1,0,0,0,0,0,0,-,-,NA,NA,SAN BERNARDINO,ONTARIO,-117.6413803100586,34.0670051574707
8158502,2016,2016-11-02,3600,2016-09-30,0628,E3738,VC058,5,5,5,3612,0,0,0,NA,0,VC5,PALMDALE RD,AMETHYST,0,NA,Y,A,-,N,NA,NA,NA,NA,NA,NA,NA,NA,NA,Y,4,0,1,2,A,-,12,21453,A,N,D,C,A,A,H,-,A,A,0,NA,NA,NA,NA,Y,NA,-,-,0,0,1,0,0,0,0,0,0,-,-,NA,NA,SAN BERNARDINO,VICTORVILLE,-117.36426011,34.50673003
8158883,2016,2017-03-01,3600,2016-10-02,0330,A3285,VC016,7,5,5,3612,0,0,0,NA,0,VC2,RT 15,PALMDALE RD,30,N,N,A,-,Y,SBD,8,15,-,-,40.683,R,3,N,Y,3,0,1,1,A,-,01,23152,NA,N,E,I,A,A,H,-,C,A,0,NA,NA,NA,NA,Y,Y,A,01,0,1,0,0,0,0,0,0,0,NO,-,NA,NA,SAN BERNARDINO,VICTORVILLE,-117.32207666,34.51029539
81592374,2021,2021-10-11,3609,2021-09-23,1407,01323,59,4,5,5,3609,0,0,0,NA,0,001,RIVERSIDE AVE,I-210 W/B OFF RAMP,155,S,N,A,-,N,NA,NA,NA,NA,NA,NA,NA,NA,NA,N,4,0,1,3,A,-,03,22350,NA,N,C,C,A,A,H,-,A,A,0,NA,NA,NA,NA,Y,Y,A,07,0,0,1,0,0,0,0,0,0,-,-,34.13600158691406,-117.37000274658205,SAN BERNARDINO,RIALTO,-117.37045288085938,34.13591766357422
81597198,2021,2021-10-15,3607,2021-10-05,0320,19810,131,2,5,6,3607,0,0,0,NA,0,032,HOLT BL,GROVE AV,0,NA,Y,C,-,N,NA,NA,NA,NA,NA,NA,NA,NA,NA,Y,4,0,1,2,A,-,03,22350,NA,N,C,C,A,B,H,-,C,A,0,NA,NA,NA,NA,Y,NA,A,01,0,0,1,0,0,0,0,0,0,-,-,NA,NA,SAN BERNARDINO,ONTARIO,-117.62850189208984,34.06341552734375
81598560,2021,2021-10-18,3602,2021-09-23,0729,3299,NA,4,5,5,3602,0,0,0,NA,0,001,RIVERSIDE DR,SANTA ANA PL,35,E,N,A,-,N,NA,NA,NA,NA,NA,NA,NA,NA,NA,Y,4,0,1,2,A,-,09,21804,A,N,D,C,A,A,H,-,A,D,0,NA,NA,NA,NA,Y,NA,A,01,0,0,1,0,0,0,0,0,0,-,-,34.018951416015625,-117.7074737548828,SAN BERNARDINO,CHINO,-117.70751190185548,34.01893997192383
81602058,2021,2021-10-21,3609,2021-09-19,1846,02055,111,7,5,5,3609,0,0,0,NA,0,002,WILLOW AVE,SHAMROCK ST (N),0,NA,Y,A,-,N,NA,NA,NA,NA,NA,NA,NA,NA,NA,Y,2,0,1,3,A,-,09,21801,A,N,D,C,A,A,H,-,A,A,0,NA,NA,NA,NA,Y,NA,A,01,1,0,0,0,0,0,0,0,0,-,-,34.119300842285156,-117.37471771240234,SAN BERNARDINO,RIALTO,-117.3747787475586,34.11854934692383