CASE_ID,ACCIDENT_YEAR,PROC_DATE,JURIS,COLLISION_DATE,COLLISION_TIME,OFFICER_ID,REPORTING_DISTRICT,DAY_OF_WEEK,CHP_SHIFT,POPULATION,CNTY_CITY_LOC,SPECIAL_COND,BEAT_TYPE,CHP_BEAT_TYPE,CITY_DIVISION_LAPD,CHP_BEAT_CLASS,BEAT_NUMBER,PRIMARY_RD,SECONDARY_RD,DISTANCE,DIRECTION,INTERSECTION,WEATHER_1,WEATHER_2,STATE_HWY_IND,CALTRANS_COUNTY,CALTRANS_DISTRICT,STATE_ROUTE,ROUTE_SUFFIX,POSTMILE_PREFIX,POSTMILE,LOCATION_TYPE,RAMP_INTERSECTION,SIDE_OF_HWY,TOW_AWAY,COLLISION_SEVERITY,NUMBER_KILLED,NUMBER_INJURED,PARTY_COUNT,PRIMARY_COLL_FACTOR,PCF_CODE_OF_VIOL,PCF_VIOL_CATEGORY,PCF_VIOLATION,PCF_VIOL_SUBSECTION,HIT_AND_RUN,TYPE_OF_COLLISION,MVIW,PED_ACTION,ROAD_SURFACE,ROAD_COND_1,ROAD_COND_2,LIGHTING,CONTROL_DEVICE,CHP_ROAD_TYPE,PEDESTRIAN_ACCIDENT,BICYCLE_ACCIDENT,MOTORCYCLE_ACCIDENT,TRUCK_ACCIDENT,NOT_PRIVATE_PROPERTY,ALCOHOL_INVOLVED,STWD_VEHTYPE_AT_FAULT,CHP_VEHTYPE_AT_FAULT,COUNT_SEVERE_INJ,COUNT_VISIBLE_INJ,COUNT_COMPLAINT_PAIN,COUNT_PED_KILLED,COUNT_PED_INJURED,COUNT_BICYCLIST_KILLED,COUNT_BICYCLIST_INJURED,COUNT_MC_KILLED,COUNT_MC_INJURED,PRIMARY_RAMP,SECONDARY_RAMP,LATITUDE,LONGITUDE,COUNTY,CITY,POINT_X,POINT_Y
8196861,2016,2017-01-13,3609,2016-12-07,0311,9091,3609,3,5,5,3609,0,0,0,NA,0,001,LOCUST AV,CASA GRANDE DR,0,NA,Y,A,-,N,NA,NA,NA,NA,NA,NA,NA,NA,NA,Y,4,0,1,2,A,-,09,21802,A,N,D,C,A,A,H,-,C,A,0,NA,NA,NA,NA,Y,NA,A,01,0,0,1,0,0,0,0,0,0,-,-,NA,NA,SAN BERNARDINO,RIALTO,-117.40981,34.15781011
81983740,2023,2023-02-01,3607,2023-01-27,645,20177,116,5,5,6,3607,0,0,0,NA,0,032,D ST,IMPERIAL AV,0,NA,Y,A,-,N,NA,NA,NA,NA,NA,NA,NA,NA,NA,N,4,0,1,2,A,-,03,22350,NA,N,C,C,A,A,H,-,A,D,0,NA,NA,NA,NA,Y,NA,A,07,0,0,1,0,0,0,0,0,0,-,-,NA,NA,SAN BERNARDINO,ONTARIO,-117.62284088134766,34.06707000732422
8181407,2016,2016-12-06,3600,2016-11-18,1635,E3926,RC047,5,5,6,3616,0,0,0,NA,0,RC1,CARNELIAN ST,HAMILTON ST,3,N,N,A,-,N,NA,NA,NA,NA,NA,NA,NA,NA,NA,N,4,0,1,2,A,-,09,21804,NA,N,D,C,A,A,H,-,B,D,0,NA,NA,NA,NA,Y,NA,A,01,0,0,1,0,0,0,0,0,0,-,-,NA,NA,SAN BERNARDINO,RANCHO CUCAMONGA,-117.61621009,34.13105822
81991260,2023,2023-02-10,3602,2023-01-14,1940,4139,3602,6,5,5,3602,0,0,0,NA,0,001,PHILADELPHIA ST,MONTE VISTA AVE,0,NA,Y,C,-,N,NA,NA,NA,NA,NA,NA,NA,NA,NA,N,4,0,2,2,A,-,12,21453,A,N,D,C,A,B,H,-,C,A,0,NA,NA,NA,NA,Y,Y,D,22,0,0,2,0,0,0,0,0,0,-,-,34.0334587097168,-117.6482162475586,SAN BERNARDINO,CHINO,-117.69815063476563,34.03351974487305
8199301,2016,2017-01-03,3608,2016-12-04,1652,3821,NA,7,5,5,3608,0,0,0,NA,0,NA,LUGONIA AV,CALHOUN ST,54,W,N,A,-,N,NA,NA,NA,NA,NA,NA,NA,NA,NA,Y,3,0,2,2,A,-,03,22350,NA,N,C,C,A,A,H,-,D,D,0,NA,NA,NA,NA,Y,NA,A,01,0,1,1,0,0,0,0,0,0,-,-,NA,NA,SAN BERNARDINO,REDLANDS,-117.18961775,34.07008
8199394,2016,2017-01-10,3608,2016-11-17,1529,4554,NA,4,5,5,3608,0,0,0,NA,0,NA,ORANGE ST,SAN BERNARDINO AV,78,N,N,A,-,N,NA,NA,NA,NA,NA,NA,NA,NA,NA,Y,4,0,3,2,A,-,03,22350,NA,N,C,C,A,A,H,-,A,A,0,NA,NA,NA,NA,Y,NA,A,01,0,0,3,0,0,0,0,0,0,-,-,NA,NA,SAN BERNARDINO,REDLANDS,-117.1824,34.07748366
8199403,2016,2017-01-06,3609,2016-12-06,1451,8510,122,2,5,5,3609,0,0,0,NA,0,001,ETIWANDA AV,SPRUCE AV,48,E,N,A,-,N,NA,NA,NA,NA,NA,NA,NA,NA,NA,N,2,0,1,3,A,-,08,22103,NA,N,-,C,F,A,H,-,A,D,0,Y,NA,NA,NA,Y,NA,A,01,1,0,0,0,1,0,0,0,0,-,-,NA,NA,SAN BERNARDINO,RIALTO,-117.38766188,34.11403
8199423,2016,2017-01-06,3609,2016-12-09,1645,1438,125,5,5,5,3609,0,0,0,NA,0,002,WILLOW AV,GROVE ST,0,NA,Y,A,-,N,NA,NA,NA,NA,NA,NA,NA,NA,NA,Y,3,0,1,2,A,-,09,21802,A,N,A,C,A,A,H,-,B,A,0,NA,NA,Y,NA,Y,NA,A,01,0,1,0,0,0,0,0,0,1,-,-,34,-117,SAN BERNARDINO,RIALTO,-117.37475,34.10905009
81754146,2022,2022-04-22,3607,2022-04-02,2139,19940,178,6,5,6,3607,0,0,0,NA,0,051,MOUNTAIN AV,MISSION BL,500,S,N,A,-,N,NA,NA,NA,NA,NA,NA,NA,NA,NA,Y,3,0,2,2,A,-,09,21801,A,N,D,C,A,A,H,-,C,D,0,NA,NA,Y,NA,Y,NA,A,01,0,2,0,0,0,0,0,0,2,-,-,NA,NA,SAN BERNARDINO,ONTARIO,-117.66985321044922,34.05453872680664
81760621,2022,2022-04-29,3611,2022-02-07,1751,3153,3611,1,5,5,3611,0,0,0,NA,0,002,MOUNTAIN AVE,8TH ST,184,N,N,A,-,N,NA,NA,NA,NA,NA,NA,NA,NA,NA,N,4,0,2,2,D,-,00,NA,NA,N,C,C,A,A,H,-,B,A,0,NA,NA,NA,NA,Y,Y,-,-,0,0,2,0,0,0,0,0,0,-,-,NA,NA,SAN BERNARDINO,UPLAND,-117.67022705078124,34.09290313720703
8199849,2016,2017-05-03,3610,2016-11-19,1055,50749,NA,6,5,6,3610,0,0,0,NA,0,POLICE,N RT 18,ARROWHEAD RD,360,N,N,A,-,Y,SBD,8,18,-,T,8.3,H,-,N,Y,3,0,1,1,A,-,03,22350,NA,N,E,I,A,A,H,-,A,D,0,NA,NA,NA,NA,Y,NA,A,01,0,1,0,0,0,0,0,0,0,-,-,NA,NA,SAN BERNARDINO,SAN BERNARDINO,-117.27824933,34.17593412
8199877,2016,2016-12-30,3602,2016-11-10,0812,3299,NA,4,5,5,3602,0,0,0,NA,0,003,PIPELINE AV,HACIENDA LN,13,S,N,A,-,N,NA,NA,NA,NA,NA,NA,NA,NA,NA,N,3,0,1,2,A,-,03,22350,NA,N,D,G,A,A,H,-,A,D,0,NA,Y,NA,NA,Y,NA,L,04,0,1,0,0,0,0,1,0,0,-,-,NA,NA,SAN BERNARDINO,CHINO,-117.71542974,34.01703437
82000751,2022,2023-02-23,3607,2022-11-13,1909,20345,118,7,5,6,3607,0,0,0,NA,0,032,HOLT BL,GUASTI RD,0,NA,Y,A,-,N,NA,NA,NA,NA,NA,NA,NA,NA,NA,Y,4,0,2,2,A,-,01,23152,A,N,D,C,A,A,H,-,C,A,0,NA,NA,NA,NA,Y,Y,A,01,0,0,2,0,0,0,0,0,0,-,-,NA,NA,SAN BERNARDINO,ONTARIO,-117.60459136962892,34.06454086303711
82000797,2023,2023-02-23,3607,2023-02-12,345,20856,126,7,5,6,3607,0,0,0,NA,0,012,EUCLID AV,HOLT BL,0,NA,Y,A,-,Y,NA,NA,NA,NA,NA,NA,NA,NA,NA,Y,4,0,1,2,A,-,12,21453,A,M,D,C,A,A,H,-,C,A,0,NA,NA,NA,NA,Y,Y,A,01,0,0,1,0,0,0,0,0,0,-,-,NA,NA,SAN BERNARDINO,ONTARIO,-117.65119171142578,34.06336212158203
8200249,2017,2017-03-10,3604,2017-01-30,1543,680,NA,1,5,6,3604,0,0,0,NA,0,NA,CHERRY AV,ALISO,0,NA,Y,A,-,N,NA,NA,NA,NA,NA,NA,NA,NA,NA,Y,4,0,2,2,A,-,09,21801,A,N,D,C,A,A,H,-,A,D,0,NA,NA,NA,NA,Y,NA,D,22,0,0,2,0,0,0,0,0,0,-,-,NA,NA,SAN BERNARDINO,FONTANA,-117.48896005,34.06015011
8200287,2017,2017-03-14,3602,2017-01-09,0600,3729,103,1,5,5,3602,0,0,0,NA,0,003,SCHAEFER AV,MONTE VISTA AV,0,NA,Y,C,-,N,NA,NA,NA,NA,NA,NA,NA,NA,NA,N,4,0,2,2,A,-,09,21801,A,N,B,C,A,B,H,-,B,A,0,NA,NA,NA,NA,Y,NA,A,07,0,0,2,0,0,0,0,0,0,-,-,NA,NA,SAN BERNARDINO,CHINO,-117.69787009,34.00446003
8176129,2016,2016-11-29,3604,2016-10-29,2145,1156,NA,6,5,6,3604,0,0,0,NA,0,NA,FOOTHILL BL,SULTANA AV,815,E,N,A,-,N,NA,NA,NA,NA,NA,NA,NA,NA,NA,Y,3,0,4,2,A,-,08,22107,NA,N,A,I,A,A,H,-,C,D,0,NA,NA,NA,NA,Y,NA,A,01,0,3,1,0,0,0,0,0,0,-,-,NA,NA,SAN BERNARDINO,FONTANA,-117.46628532,34.10651695
8200949,2017,2017-03-17,3600,2017-02-06,1321,D7733,YC302,1,5,4,3640,0,0,0,NA,0,014,YUCAIPA BL,3RD ST,109,W,N,A,-,N,NA,NA,NA,NA,NA,NA,NA,NA,NA,N,3,0,1,2,A,-,05,21650,NA,N,A,G,A,A,H,-,A,D,0,NA,Y,NA,NA,Y,NA,L,04,0,1,0,0,0,0,1,0,0,-,-,NA,NA,SAN BERNARDINO,YUCAIPA,-117.04790857,34.03387
82009596,2023,2023-03-06,3609,2023-02-16,1031,01323,99,4,5,5,3609,0,0,0,NA,0,001,RIVERSIDE AVE,VIRGINIA ST,0,NA,Y,A,-,N,NA,NA,NA,NA,NA,NA,NA,NA,NA,N,4,0,1,2,A,-,09,21801,A,N,D,C,A,A,H,-,A,A,0,NA,NA,NA,NA,Y,NA,A,01,0,0,1,0,0,0,0,0,0,-,-,34.124568939208984,-117.37036895751952,SAN BERNARDINO,RIALTO,-117.37042236328124,34.124542236328125
82012204,2023,2023-03-08,3607,2023-02-28,703,80365,136,2,5,6,3607,0,0,0,NA,0,032,HOLT BL,VINEYARD AV,0,NA,Y,A,-,N,NA,NA,NA,NA,NA,NA,NA,NA,NA,Y,4,0,1,2,A,-,03,22350,NA,N,C,C,A,A,H,-,A,A,0,NA,NA,NA,NA,Y,NA,A,01,0,0,1,0,0,0,0,0,0,-,-,NA,NA,SAN BERNARDINO,ONTARIO,-117.61099243164063,34.06341552734375
82013126,2023,2023-03-09,3609,2023-02-16,1345,01836,130,4,5,5,3609,0,0,0,NA,0,004,PEPPER AVE,FOOTHILL BLVD,0,NA,Y,A,-,Y,SBD,NA,66,NA,NA,20.141,H,NA,L,Y,3,0,2,2,A,-,09,21801,A,N,D,C,A,A,H,-,A,A,0,NA,NA,NA,NA,Y,NA,A,01,0,1,1,0,0,0,0,0,0,-,-,34.1068000793457,-117.35289764404295,SAN BERNARDINO,RIALTO,-117.3529052734375,34.10680389404297
81824708,2022,2022-07-26,3609,2022-07-14,0411,01836,91,4,5,5,3609,0,0,0,NA,0,001,MAPLE AVE,BASELINE RD,0,NA,Y,A,-,N,NA,NA,NA,NA,NA,NA,NA,NA,NA,Y,3,0,1,2,A,-,01,23152,A,N,D,C,A,A,H,-,C,A,0,NA,NA,NA,NA,Y,Y,D,22,0,1,0,0,0,0,0,0,0,-,-,34.12131118774414,-117.40538787841795,SAN BERNARDINO,RIALTO,-117.40535736083984,34.121402740478516
82023119,2023,2023-03-21,3607,2023-03-15,558,80549,210,3,5,6,3607,0,0,0,NA,0,071,MISSION BL,VINEYARD AV,0,NA,Y,C,-,N,NA,NA,NA,NA,NA,NA,NA,NA,NA,Y,4,0,1,2,A,-,09,21800,C,N,D,C,A,B,H,-,B,A,0,NA,NA,NA,NA,Y,NA,A,01,0,0,1,0,0,0,0,0,0,-,-,NA,NA,SAN BERNARDINO,ONTARIO,-117.61095428466795,34.04985427856445
82031258,2023,2023-03-29,3607,2023-03-11,930,20275,200,6,5,6,3607,0,0,0,NA,0,052,FRANCIS ST,EUCLID AV,100,W,N,B,-,N,NA,NA,NA,NA,NA,NA,NA,NA,NA,N,3,0,1,2,A,-,10,21950,C,N,G,B,D,B,H,-,A,A,0,Y,NA,NA,NA,Y,NA,A,01,0,1,0,0,1,0,0,0,0,-,-,NA,NA,SAN BERNARDINO,ONTARIO,-117.65106964111328,34.041080474853516
8182943,2016,2016-12-09,3605,2016-11-12,1748,272,NA,6,5,4,3605,0,0,0,NA,0,NA,CENTRAL AV,PALO VERDE ST,230,S,N,A,-,N,NA,NA,NA,NA,NA,NA,NA,NA,NA,Y,4,0,1,3,A,-,01,23152,A,N,C,C,A,A,H,-,C,-,0,NA,NA,NA,NA,Y,Y,A,01,0,0,1,0,0,0,0,0,0,-,-,NA,NA,SAN BERNARDINO,MONTCLAIR,-117.68963839,34.08076963
82034828,2023,2023-04-03,3609,2023-03-17,1500,01944,37,5,5,5,3609,0,0,0,NA,0,001,AYALA DR,BOHNERT AVE,0,NA,Y,A,-,N,NA,NA,NA,NA,NA,NA,NA,NA,NA,N,3,0,1,3,A,-,16,24002,A,N,D,C,A,A,H,-,A,A,0,NA,NA,NA,NA,Y,NA,A,01,0,1,0,0,0,0,0,0,0,-,-,NA,NA,SAN BERNARDINO,RIALTO,-117.3923110961914,34.14313888549805
82034830,2023,2023-04-03,3609,2023-03-21,905,01323,158,2,5,5,3609,0,0,0,NA,0,003,MERRILL AVE,CACTUS AVE,0,NA,Y,B,C,N,NA,NA,NA,NA,NA,NA,NA,NA,NA,Y,4,0,1,2,A,-,09,21801,A,N,D,C,A,B,H,-,A,A,0,NA,NA,NA,NA,Y,NA,A,01,0,0,1,0,0,0,0,0,0,-,-,34.092369079589844,-117.38318634033205,SAN BERNARDINO,RIALTO,-117.38343811035156,34.09225082397461
81834852,2022,2022-08-08,3607,2022-08-02,1215,80546,250,2,5,6,3607,0,0,0,NA,0,071,VINEYARD AV,BANYAN ST,50,S,N,A,-,N,NA,NA,NA,NA,NA,NA,NA,NA,NA,Y,2,0,1,1,A,-,03,22350,NA,N,F,A,A,A,H,-,A,A,0,NA,NA,Y,NA,Y,NA,C,02,1,0,0,0,0,0,0,0,1,-,-,NA,NA,SAN BERNARDINO,ONTARIO,-117.61100006103516,34.02814483642578
8204069,2016,2017-01-09,3608,2016-12-24,2036,4202,NA,6,5,5,3608,0,0,0,NA,0,NA,E LUGONIA AV,N UNIVERSITY ST,27,E,N,A,-,N,NA,NA,NA,NA,NA,NA,NA,NA,NA,Y,3,0,1,2,A,-,09,21804,A,N,D,C,A,A,H,-,C,D,0,NA,NA,Y,NA,Y,NA,A,01,0,1,0,0,0,0,0,0,1,-,-,NA,NA,SAN BERNARDINO,REDLANDS,-117.16711113,34.07005
82046161,2023,2023-04-17,3607,2023-04-04,2027,80508,319,2,5,6,3607,0,0,0,NA,0,ARP,AIRPORT DR,HAVEN AV,0,NA,Y,A,-,N,NA,NA,NA,NA,NA,NA,NA,NA,NA,Y,2,0,2,3,A,-,09,21453,C,N,A,C,A,A,H,-,C,A,0,NA,NA,NA,NA,Y,NA,A,07,1,1,0,0,0,0,0,0,0,-,-,NA,NA,SAN BERNARDINO,ONTARIO,-117.57591247558594,34.0613899230957
81850314,2022,2022-08-26,3609,2022-08-13,1348,02055,162,6,5,5,3609,0,0,0,NA,0,004,RANDALL AVE,RIVERSIDE AVE,15,W,N,A,-,N,NA,NA,NA,NA,NA,NA,NA,NA,NA,Y,4,0,1,2,A,-,03,22350,NA,N,A,C,A,A,H,-,A,A,0,NA,NA,NA,NA,Y,NA,A,07,0,0,1,0,0,0,0,0,0,-,-,34.08501052856445,-117.37033081054688,SAN BERNARDINO,RIALTO,-117.37033081054688,34.08498001098633
8204887,2016,2017-02-09,3610,2016-12-09,1740,50919,NA,5,5,6,3610,0,0,0,NA,0,POLICE,N D ST,W 5TH ST,0,NA,Y,A,-,N,NA,NA,NA,NA,NA,NA,NA,NA,NA,Y,4,0,1,2,A,-,09,21801,B,N,A,C,A,A,H,-,C,A,0,NA,NA,NA,NA,Y,NA,A,01,0,0,1,0,0,0,0,0,0,-,-,34.10831,-117.29191,SAN BERNARDINO,SAN BERNARDINO,-117.29189005,34.10831009
8204900,2016,2017-01-11,3610,2016-12-14,0038,50700,NA,3,5,6,3610,0,0,0,NA,0,POLICE,N MT VERNON AV,19TH ST,21,N,N,A,-,N,NA,NA,NA,NA,NA,NA,NA,NA,NA,Y,4,0,1,1,A,-,01,23152,A,N,F,I,A,A,H,-,C,D,0,NA,NA,NA,NA,Y,Y,A,07,0,0,1,0,0,0,0,0,0,-,-,34.13229,-117.31382,SAN BERNARDINO,SAN BERNARDINO,-117.31382,34.13234753
8204960,2016,2017-01-11,3610,2016-12-12,1630,50986,NA,1,5,6,3610,0,0,0,NA,0,POLICE,W KENDALL DR,N LITTLE MOUNTAIN DR,0,NA,Y,A,-,N,NA,NA,NA,NA,NA,NA,NA,NA,NA,Y,4,0,2,3,A,-,09,21803,A,N,A,C,A,A,H,-,C,A,0,NA,NA,NA,NA,Y,NA,A,01,0,0,2,0,0,0,0,0,0,-,-,34.1693,-117.31629,SAN BERNARDINO,SAN BERNARDINO,-117.31643005,34.16914011
8188390,2016,2016-12-13,3607,2016-11-15,0658,80534,76,2,5,6,3607,0,0,0,NA,0,041,MILLIKEN AV,CONCOURS ST,0,NA,Y,A,-,N,NA,NA,NA,NA,NA,NA,NA,NA,NA,Y,4,0,1,2,A,-,12,21453,A,N,D,C,A,A,H,-,A,A,0,NA,NA,NA,NA,Y,NA,-,NA,0,0,1,0,0,0,0,0,0,-,-,NA,NA,SAN BERNARDINO,ONTARIO,-117.55779014,34.07460001
8205740,2016,2017-01-12,3602,2016-12-02,2040,3641,NA,5,5,5,3602,0,0,0,NA,0,003,PIPELINE AV,CHINO AV,5,N,N,A,-,N,NA,NA,NA,NA,NA,NA,NA,NA,NA,N,4,0,1,2,A,-,08,22107,NA,N,B,C,A,A,H,-,C,A,0,NA,NA,NA,NA,Y,NA,A,01,0,0,1,0,0,0,0,0,0,-,-,NA,NA,SAN BERNARDINO,CHINO,-117.71536015,34.0116637
8205926,2016,2017-05-03,3609,2016-10-30,0420,9252,193,7,5,5,3609,0,0,0,NA,0,004,RIVERSIDE AV,RT 10,0,NA,Y,A,-,Y,SBD,8,10,-,-,20.137,R,4,W,N,4,0,1,2,A,-,01,23152,NA,N,D,C,A,A,H,-,D,A,0,NA,NA,NA,NA,Y,Y,D,22,0,0,1,0,0,0,0,0,0,-,WF,NA,NA,SAN BERNARDINO,RIALTO,-117.36742105,34.06891412
8176427,2016,2017-05-03,3610,2016-11-11,0956,51078,NA,5,5,6,3610,0,0,0,NA,0,ADAM,N MERIDIAN AV,W FOOTHILL BL,0,NA,Y,A,-,Y,SBD,8,66,-,-,20.39,I,5,E,N,4,0,1,2,A,-,10,21950,A,F,G,B,B,A,H,-,A,A,0,Y,NA,NA,NA,Y,NA,A,07,0,0,1,0,1,0,0,0,0,-,-,34.10675,-117.34852,SAN BERNARDINO,SAN BERNARDINO,-117.34855002,34.10673811
81767122,2022,2022-05-09,3609,2022-03-28,1841,02320,204,1,5,5,3609,0,0,0,NA,0,004,RIVERSIDE AVE,SLOVER AVE,0,NA,Y,C,-,N,NA,NA,NA,NA,NA,NA,NA,NA,NA,Y,2,0,1,2,A,-,01,23152,F,N,D,C,A,B,H,-,C,A,0,NA,NA,NA,NA,Y,NA,D,22,1,0,0,0,0,0,0,0,0,-,-,34.063270568847656,-117.37014770507813,SAN BERNARDINO,RIALTO,-117.3702392578125,34.06318283081055
82081963,2023,2023-05-31,3607,2023-04-22,1900,20856,51,6,5,6,3607,0,0,0,NA,0,051,MISSION BL,CYPRESS AV,0,NA,Y,A,-,Y,NA,NA,NA,NA,NA,NA,NA,NA,NA,Y,3,0,1,2,A,-,09,21801,B,N,A,C,A,A,H,-,B,A,0,NA,NA,Y,NA,Y,NA,C,02,0,1,0,0,0,0,0,0,1,-,-,NA,NA,SAN BERNARDINO,ONTARIO,-117.66326141357422,34.05592727661133
82096359,2023,2023-06-19,3609,2023-05-22,1147,01720,121,1,5,5,3609,0,0,0,NA,0,001,CEDAR AVE,FOOTHILL BLVD,100,N,N,A,-,N,NA,NA,NA,NA,NA,NA,NA,NA,NA,N,4,0,2,3,A,-,03,22350,NA,N,C,C,A,A,H,-,A,A,0,NA,NA,NA,NA,Y,NA,A,01,0,0,2,0,0,0,0,0,0,-,-,34.10676956176758,-117.39656829833984,SAN BERNARDINO,RIALTO,-117.39657592773438,34.10700225830078
82112342,2023,2023-07-10,3609,2023-06-26,1800,02396,37,1,5,5,3609,0,0,0,NA,0,001,AYALA DR,RIVERSIDE AVE,40,S,N,A,-,N,NA,NA,NA,NA,NA,NA,NA,NA,NA,Y,3,0,1,1,A,-,03,22350,NA,N,E,I,A,A,H,-,A,D,0,NA,NA,NA,NA,Y,NA,A,01,0,1,0,0,0,0,0,0,0,-,-,34.15108871459961,-117.3908233642578,SAN BERNARDINO,RIALTO,-117.3911361694336,34.15102005004883
82115605,2023,2023-07-13,3607,2023-06-27,1507,14931,NA,2,5,6,3607,0,0,0,NA,0,NA,HAVEN AV,AIRPORT DR,0,NA,Y,A,-,N,NA,NA,NA,NA,NA,NA,NA,NA,NA,Y,3,0,1,2,A,-,12,21453,A,N,D,G,A,A,H,-,A,A,0,NA,Y,NA,NA,Y,NA,L,04,0,1,0,0,0,0,1,0,0,-,-,NA,NA,SAN BERNARDINO,ONTARIO,-117.57591247558594,34.0613899230957
82116555,2023,2023-07-14,3607,2023-06-04,410,20372,3607,7,5,6,3607,0,0,0,NA,0,071,GROVE AV,SR-60 W/B OFFRAMP,0,NA,Y,A,-,Y,NA,NA,NA,NA,NA,NA,NA,NA,NA,Y,3,0,2,1,A,-,01,23152,A,N,E,I,A,A,H,-,C,A,0,NA,NA,NA,NA,Y,Y,D,22,0,1,1,0,0,0,0,0,0,-,-,NA,NA,SAN BERNARDINO,ONTARIO,-117.6284637451172,34.030601501464844
82116556,2023,2023-07-14,3607,2023-06-04,1736,20177,410,7,5,6,3607,0,0,0,NA,0,062,RIVERSIDE DR,GROVE AV,0,NA,Y,A,-,N,NA,NA,NA,NA,NA,NA,NA,NA,NA,Y,2,0,2,2,A,-,09,21804,A,N,D,C,A,A,H,-,A,D,0,NA,NA,NA,NA,Y,NA,A,07,1,0,1,0,0,0,0,0,0,-,-,NA,NA,SAN BERNARDINO,ONTARIO,-117.62834930419922,34.01947021484375
82116579,2023,2023-07-14,3607,2023-07-01,848,19953,106,6,5,6,3607,0,0,0,NA,0,021,SULTANA AV,E ST,0,NA,Y,A,-,Y,NA,NA,NA,NA,NA,NA,NA,NA,NA,N,3,0,1,2,A,-,09,21802,A,N,D,C,A,A,H,-,A,A,0,NA,NA,NA,NA,Y,NA,A,01,0,1,0,0,0,0,0,0,0,-,-,NA,NA,SAN BERNARDINO,ONTARIO,-117.64603424072266,34.06822204589844
82123686,2023,2023-07-24,3602,2023-06-22,1800,4118,NA,4,5,5,3602,0,0,0,NA,0,NA,EL PRADO RD,GATES ST,0,NA,Y,-,-,N,NA,NA,NA,NA,NA,NA,NA,NA,NA,Y,3,0,1,2,A,-,09,21801,A,N,D,C,A,A,H,-,A,D,0,NA,NA,NA,NA,Y,NA,A,01,0,1,0,0,0,0,0,0,0,-,-,33.969749450683594,-117.68173980712892,SAN BERNARDINO,CHINO,-117.68173980712892,33.96968078613281
82132649,2023,2023-08-01,3607,2023-07-12,1755,20288,67,3,5,6,3607,0,0,0,NA,0,031,VINEYARD AV,INLAND EMPIRE BL,30,N,N,A,-,N,NA,NA,NA,NA,NA,NA,NA,NA,NA,N,4,0,4,2,A,-,08,22107,NA,F,B,C,A,A,H,-,A,A,0,NA,NA,NA,Y,Y,NA,F,26,0,0,4,0,0,0,0,0,0,-,-,NA,NA,SAN BERNARDINO,ONTARIO,-117.61100769042967,34.073463439941406
82160397,2023,2023-09-01,3602,2023-08-11,1535,4324,NA,5,5,5,3602,0,0,0,NA,0,002,BENSON AVENUE (12800 BLOCK),RIVERSIDE DRIVE,75,N,N,A,-,N,NA,NA,NA,NA,NA,NA,NA,NA,NA,N,4,0,2,2,A,-,09,21804,B,N,C,C,A,A,H,-,A,A,0,NA,NA,NA,NA,Y,NA,A,01,0,0,2,0,0,0,0,0,0,-,-,34.01940155029297,-117.68060302734376,SAN BERNARDINO,CHINO,-117.68061065673828,34.01933670043945
82164151,2023,2023-09-07,3607,2023-08-29,1431,21001,293,2,5,6,3607,0,0,0,NA,0,062,PHILADELPHIA ST,EUCLID AV,380,W,N,A,-,N,NA,NA,NA,NA,NA,NA,NA,NA,NA,N,3,0,1,2,A,-,09,21804,A,N,D,C,A,A,H,-,A,A,0,NA,NA,NA,NA,Y,NA,A,01,0,1,0,0,0,0,0,0,0,-,-,NA,NA,SAN BERNARDINO,ONTARIO,-117.65070343017578,34.03376007080078
82164160,2023,2023-09-07,3607,2023-09-05,748,19890,59,2,5,6,3607,0,0,0,NA,0,011,SAN ANTONIO AV,J ST,0,NA,Y,A,-,N,NA,NA,NA,NA,NA,NA,NA,NA,NA,N,4,0,1,2,A,-,09,21802,A,N,D,C,A,A,H,-,A,A,0,NA,NA,NA,NA,Y,NA,A,01,0,0,1,0,0,0,0,0,0,-,-,NA,NA,SAN BERNARDINO,ONTARIO,-117.66065979003906,34.076053619384766
82170628,2023,2023-09-15,3602,2023-08-05,132,4139,3602,6,5,5,3602,0,0,0,NA,0,003,EUCLID AVE,PINE AVE,986,S,N,A,-,Y,NA,NA,NA,NA,NA,NA,NA,NA,NA,Y,3,0,1,1,A,-,07,21658,A,N,E,I,A,A,H,-,D,D,0,NA,NA,NA,NA,Y,NA,A,01,0,1,0,0,0,0,0,0,0,-,-,33.05329895019531,-117.6505889892578,SAN BERNARDINO,CHINO,-117.6506805419922,33.95059585571289
82187365,2023,2023-10-02,3602,2023-09-19,1543,4116,NA,2,5,5,3602,0,0,0,NA,0,003,EL PRADO RD,ALTON ST,5,N,N,A,-,N,NA,NA,NA,NA,NA,NA,NA,NA,NA,Y,3,0,1,2,A,-,07,21658,A,N,B,C,A,A,H,-,A,D,0,NA,NA,NA,NA,Y,NA,A,01,0,1,0,0,0,0,0,0,0,-,-,33.9740104675293,-117.68563842773438,SAN BERNARDINO,CHINO,-117.6855926513672,33.974029541015625
82188613,2023,2023-10-03,3607,2023-10-01,1539,20642,153,7,5,6,3607,0,0,0,NA,0,051,MISSION BL,MOUNTAIN AV,75,W,N,A,-,N,NA,NA,NA,NA,NA,NA,NA,NA,NA,Y,3,0,2,2,A,-,03,22350,NA,N,C,C,A,A,H,-,A,A,0,NA,NA,NA,NA,Y,NA,A,01,0,2,0,0,0,0,0,0,0,-,-,NA,NA,SAN BERNARDINO,ONTARIO,-117.6701202392578,34.055908203125
82190620,2022,2023-10-04,3611,2022-10-15,1352,3296,3611,6,5,5,3611,0,0,0,NA,0,004,3RD AVE,9TH ST,109,N,N,B,-,N,NA,NA,NA,NA,NA,NA,NA,NA,NA,N,4,0,1,2,A,-,21,22106,NA,N,D,C,A,A,H,-,A,D,0,NA,NA,NA,NA,Y,NA,A,01,0,0,1,0,0,0,0,0,0,-,-,NA,NA,SAN BERNARDINO,UPLAND,-117.64708709716795,34.096397399902344