CASE_ID,ACCIDENT_YEAR,PROC_DATE,JURIS,COLLISION_DATE,COLLISION_TIME,OFFICER_ID,REPORTING_DISTRICT,DAY_OF_WEEK,CHP_SHIFT,POPULATION,CNTY_CITY_LOC,SPECIAL_COND,BEAT_TYPE,CHP_BEAT_TYPE,CITY_DIVISION_LAPD,CHP_BEAT_CLASS,BEAT_NUMBER,PRIMARY_RD,SECONDARY_RD,DISTANCE,DIRECTION,INTERSECTION,WEATHER_1,WEATHER_2,STATE_HWY_IND,CALTRANS_COUNTY,CALTRANS_DISTRICT,STATE_ROUTE,ROUTE_SUFFIX,POSTMILE_PREFIX,POSTMILE,LOCATION_TYPE,RAMP_INTERSECTION,SIDE_OF_HWY,TOW_AWAY,COLLISION_SEVERITY,NUMBER_KILLED,NUMBER_INJURED,PARTY_COUNT,PRIMARY_COLL_FACTOR,PCF_CODE_OF_VIOL,PCF_VIOL_CATEGORY,PCF_VIOLATION,PCF_VIOL_SUBSECTION,HIT_AND_RUN,TYPE_OF_COLLISION,MVIW,PED_ACTION,ROAD_SURFACE,ROAD_COND_1,ROAD_COND_2,LIGHTING,CONTROL_DEVICE,CHP_ROAD_TYPE,PEDESTRIAN_ACCIDENT,BICYCLE_ACCIDENT,MOTORCYCLE_ACCIDENT,TRUCK_ACCIDENT,NOT_PRIVATE_PROPERTY,ALCOHOL_INVOLVED,STWD_VEHTYPE_AT_FAULT,CHP_VEHTYPE_AT_FAULT,COUNT_SEVERE_INJ,COUNT_VISIBLE_INJ,COUNT_COMPLAINT_PAIN,COUNT_PED_KILLED,COUNT_PED_INJURED,COUNT_BICYCLIST_KILLED,COUNT_BICYCLIST_INJURED,COUNT_MC_KILLED,COUNT_MC_INJURED,PRIMARY_RAMP,SECONDARY_RAMP,LATITUDE,LONGITUDE,COUNTY,CITY,POINT_X,POINT_Y
8386611,2017,2018-04-24,3609,2017-05-14,2147,0456,120,7,5,5,3609,0,0,0,NA,0,003,LINDEN AV,FOOTHILL BL,0,NA,Y,A,-,Y,SBD,8,210,U,-,17.775,I,5,E,Y,4,0,1,3,A,-,12,21453,A,N,D,C,A,A,H,-,C,A,0,NA,NA,NA,NA,Y,NA,A,01,0,0,1,0,0,0,0,0,0,-,-,34.1068,-117.4007,SAN BERNARDINO,RIALTO,-117.40103505,34.13540991
8387558,2017,2017-06-13,3600,2017-05-17,2350,F4490,RC020,3,5,6,3616,0,0,0,NA,0,RC5,BASE LINE RD,MILLIKEN AV,0,NA,Y,A,-,N,NA,NA,NA,NA,NA,NA,NA,NA,NA,Y,4,0,1,3,A,-,01,23153,A,N,D,C,A,A,H,-,C,A,0,NA,NA,NA,NA,Y,Y,A,01,0,0,1,0,0,0,0,0,0,-,-,NA,NA,SAN BERNARDINO,RANCHO CUCAMONGA,-117.55865001,34.12156004
8388111,2017,2017-06-14,3610,2017-05-16,0936,50534,NA,2,5,6,3610,0,0,0,NA,0,DAVID,WEST 2ND ST,ARROWHEAD AV,180,E,N,B,-,N,NA,NA,NA,NA,NA,NA,NA,NA,NA,N,4,0,2,2,A,-,03,22350,NA,N,C,C,A,A,H,-,A,D,0,NA,NA,NA,NA,Y,NA,A,01,0,0,2,0,0,0,0,0,0,-,-,34.10271,-117.28963,SAN BERNARDINO,SAN BERNARDINO,-117.28905721,34.10271
8388118,2017,2017-09-11,3610,2017-05-18,1842,50700,NA,4,5,6,3610,0,0,0,NA,0,ADAM,NORTH L ST,WEST 10TH ST,0,NA,Y,A,-,N,NA,NA,NA,NA,NA,NA,NA,NA,NA,N,3,0,1,2,-,-,-,NA,NA,N,D,G,A,A,H,-,A,D,0,NA,Y,NA,NA,Y,NA,-,-,0,1,0,0,0,0,1,0,0,-,-,34.11765,-117.30905,SAN BERNARDINO,SAN BERNARDINO,-117.30908013,34.11763006
8391424,2017,2017-06-24,3604,2017-04-27,1732,1154,NA,4,5,6,3604,0,0,0,NA,0,NA,CHERRY AV,N FRONTAGE RD,0,NA,Y,A,-,N,NA,NA,NA,NA,NA,NA,NA,NA,NA,Y,4,0,2,2,A,-,09,21802,A,N,D,C,A,A,H,-,A,D,0,NA,NA,NA,NA,Y,NA,A,01,0,0,2,0,0,0,0,0,0,-,-,NA,NA,SAN BERNARDINO,FONTANA,-117.48840013,34.13877003
8393337,2017,2017-06-28,3605,2017-06-01,1540,364,3605,4,5,4,3605,0,0,0,NA,0,NA,KINGSLEY ST,RAMONA AV,0,NA,Y,A,-,N,NA,NA,NA,NA,NA,NA,NA,NA,NA,Y,2,0,1,3,A,-,12,22450,A,N,D,C,A,A,H,-,A,A,0,NA,NA,Y,NA,Y,NA,C,02,1,0,0,0,0,0,0,0,1,-,-,NA,NA,SAN BERNARDINO,MONTCLAIR,-117.7070301,34.06678009
8393345,2017,2017-06-28,3605,2017-06-04,0849,284,NA,7,5,4,3605,0,0,0,NA,0,NA,CENTRAL AV,PLAZA LN,0,NA,Y,A,-,N,NA,NA,NA,NA,NA,NA,NA,NA,NA,N,4,0,1,2,A,-,12,21453,A,N,D,C,A,A,H,-,A,A,0,NA,NA,NA,NA,Y,NA,A,01,0,0,1,0,0,0,0,0,0,-,-,NA,NA,SAN BERNARDINO,MONTCLAIR,-117.68970609,34.08723537
8394644,2017,2017-06-26,3604,2017-05-07,1657,1210,NA,7,5,6,3604,0,0,0,NA,0,NA,SIERRA AV,MARYGOLD AV,675,N,N,C,-,N,NA,NA,NA,NA,NA,NA,NA,NA,NA,Y,4,0,3,4,A,-,03,22350,NA,M,C,C,A,B,H,-,A,A,0,NA,NA,NA,NA,Y,Y,A,01,0,0,3,0,0,0,0,0,0,-,-,NA,NA,SAN BERNARDINO,FONTANA,-117.43568,34.07584951
8397797,2017,2017-07-10,3600,2017-06-06,1640,D2561,VC021,2,5,5,3612,0,0,0,NA,0,VC3,BEAR VALLEY RD,INDUSTRIAL BL,0,NA,Y,A,-,N,NA,NA,NA,NA,NA,NA,NA,NA,NA,N,4,0,1,3,A,-,03,22350,NA,N,C,C,A,A,H,-,A,A,0,NA,NA,NA,NA,Y,NA,A,08,0,0,1,0,0,0,0,0,0,-,-,NA,NA,SAN BERNARDINO,VICTORVILLE,-117.28289009,34.47110003
8397837,2017,2017-07-10,3600,2017-06-02,1741,F3069,VC063,5,5,5,3612,0,0,0,NA,0,VC3,11TH AV,CYPRESS AV,0,NA,Y,A,-,N,NA,NA,NA,NA,NA,NA,NA,NA,NA,Y,4,0,2,2,A,-,09,21802,A,N,D,C,A,A,H,-,A,A,0,NA,NA,NA,NA,Y,NA,-,NA,0,0,2,0,0,0,0,0,0,-,-,NA,NA,SAN BERNARDINO,VICTORVILLE,-117.32328002,34.47807009
8399039,2017,2017-07-11,3608,2017-06-03,1311,2898,NA,6,5,5,3608,0,0,0,NA,0,NA,TENNESSEE ST,REDLANDS BL,60,S,N,A,-,N,NA,NA,NA,NA,NA,NA,NA,NA,NA,N,4,0,2,2,A,-,21,22106,NA,N,C,C,A,A,H,-,A,A,0,NA,NA,NA,NA,Y,NA,A,07,0,0,2,0,0,0,0,0,0,-,-,NA,NA,SAN BERNARDINO,REDLANDS,-117.20010959,34.06070565
8399337,2017,2017-07-06,3603,2017-05-21,1440,CL4830,COLTO,7,5,4,3603,0,0,0,NA,0,001,JOHN JUAREZ WY,MICHAEL D ARCY ST,60,S,N,A,-,N,NA,NA,NA,NA,NA,NA,NA,NA,NA,Y,3,0,1,2,A,-,05,21650,NA,N,B,E,A,A,H,-,A,D,0,NA,NA,NA,NA,Y,NA,A,01,0,1,0,0,0,0,0,0,0,-,-,NA,NA,SAN BERNARDINO,COLTON,-117.34446198,34.08345592
8399416,2017,2017-07-05,3611,2017-04-25,1413,2325,RCSUP,2,5,5,3611,0,0,0,NA,0,002,9TH ST,SAN ANTONIO AV,0,NA,Y,A,-,N,NA,NA,NA,NA,NA,NA,NA,NA,NA,Y,4,0,2,2,A,-,09,21801,A,N,D,C,A,A,H,-,A,A,0,NA,NA,NA,NA,Y,NA,A,01,0,0,2,0,0,0,0,0,0,-,-,NA,NA,SAN BERNARDINO,UPLAND,-117.6607401,34.09606001
8399885,2017,2017-07-06,3607,2017-06-03,0349,80502,218,6,5,6,3607,0,0,0,NA,0,042,JURUPA ST,SARAH PL,200,W,N,A,-,N,NA,NA,NA,NA,NA,NA,NA,NA,NA,Y,4,0,1,2,A,-,03,22350,NA,N,C,C,A,A,H,-,C,D,0,NA,NA,NA,Y,Y,NA,A,01,0,0,1,0,0,0,0,0,0,-,-,NA,NA,SAN BERNARDINO,ONTARIO,-117.53998842,34.04807071
8400153,2017,2017-08-15,3604,2017-06-20,2051,771,NA,2,5,6,3604,0,0,0,NA,0,NA,BEECH,APRICOT TREE,0,NA,Y,A,-,N,NA,NA,NA,NA,NA,NA,NA,NA,NA,N,3,0,1,2,A,-,09,21801,A,N,D,C,A,A,H,-,C,A,0,NA,NA,NA,NA,Y,NA,A,07,0,1,0,0,0,0,0,0,0,-,-,NA,NA,SAN BERNARDINO,FONTANA,-117.47111013,34.1232301
8402430,2017,2017-07-17,3607,2017-06-01,0541,80516,230,4,5,6,3607,0,0,0,NA,0,071,ARCHIBALD AV,JURUPA ST,0,NA,Y,A,-,N,NA,NA,NA,NA,NA,NA,NA,NA,NA,N,4,0,1,2,A,-,12,22450,NA,N,D,C,A,A,H,-,A,D,0,NA,NA,NA,NA,Y,NA,-,NA,0,0,1,0,0,0,0,0,0,-,-,NA,NA,SAN BERNARDINO,ONTARIO,-117.59328008,34.04832009
8402462,2017,2017-07-17,3607,2017-06-17,1616,80326,222,6,5,6,3607,0,0,0,NA,0,052,PHILADELPHIA ST,MOUNTAIN AV,50,W,N,A,-,N,NA,NA,NA,NA,NA,NA,NA,NA,NA,Y,4,0,1,2,A,-,09,21804,A,N,D,C,A,A,H,-,A,A,0,NA,NA,NA,NA,Y,NA,A,01,0,0,1,0,0,0,0,0,0,-,-,NA,NA,SAN BERNARDINO,ONTARIO,-117.66921455,34.03369343
8403586,2017,2017-07-12,3605,2017-06-17,1529,284,NA,6,5,4,3605,0,0,0,NA,0,NA,CENTRAL AV,SAN BERNARDINO ST,26,N,N,A,-,N,NA,NA,NA,NA,NA,NA,NA,NA,NA,N,4,0,2,1,A,-,08,22107,NA,N,E,I,A,A,H,-,A,A,0,NA,NA,NA,NA,Y,NA,A,01,0,0,2,0,0,0,0,0,0,-,-,NA,NA,SAN BERNARDINO,MONTCLAIR,-117.68961105,34.07774126
8404411,2017,2017-08-04,3604,2017-07-21,2044,744,NA,5,5,6,3604,0,0,0,NA,0,NA,RANDALL AV,CITRUS AV,0,NA,Y,A,-,N,NA,NA,NA,NA,NA,NA,NA,NA,NA,Y,1,1,3,3,A,-,12,21453,A,F,D,C,A,A,H,-,C,A,0,NA,NA,NA,NA,Y,NA,A,01,1,0,2,0,0,0,0,0,0,-,-,NA,NA,SAN BERNARDINO,FONTANA,-117.45474,34.08477003
8354968,2017,2017-05-10,3607,2017-04-10,0707,19825,218,1,5,6,3607,0,0,0,NA,0,042,CHAMPAGNE AV,FRANCIS ST,0,NA,Y,A,-,N,NA,NA,NA,NA,NA,NA,NA,NA,NA,Y,4,0,1,2,A,-,08,22107,NA,N,C,E,A,A,H,-,A,D,0,NA,NA,NA,NA,Y,NA,-,NA,0,0,1,0,0,0,0,0,0,-,-,NA,NA,SAN BERNARDINO,ONTARIO,-117.52951006,34.04077001
8348209,2017,2017-04-28,3604,2017-03-31,0828,473,NA,5,5,6,3604,0,0,0,NA,0,NA,SIERRA AV,JURUPA AV,0,NA,Y,A,-,N,NA,NA,NA,NA,NA,NA,NA,NA,NA,Y,4,0,1,2,A,-,12,21453,A,N,D,C,A,A,H,-,A,A,0,NA,NA,NA,NA,Y,NA,D,22,0,0,1,0,0,0,0,0,0,-,-,NA,NA,SAN BERNARDINO,FONTANA,-117.43551005,34.0483001
8347007,2017,2017-04-27,3608,2017-04-10,1257,4388,NA,1,5,5,3608,0,0,0,NA,0,NA,CAJON ST,VINE ST,104,S,N,A,-,N,NA,NA,NA,NA,NA,NA,NA,NA,NA,Y,4,0,2,2,A,-,03,22350,NA,N,C,C,A,A,H,-,A,A,0,NA,NA,NA,NA,Y,NA,D,22,0,0,2,0,0,0,0,0,0,-,-,NA,NA,SAN BERNARDINO,REDLANDS,-117.18208057,34.05441274
8346540,2017,2017-04-14,3604,2017-03-01,1104,1195,NA,3,5,6,3604,0,0,0,NA,0,NA,CHERRY AV,OWEN ST,0,NA,Y,A,-,N,NA,NA,NA,NA,NA,NA,NA,NA,NA,Y,4,0,2,2,A,-,09,21802,A,N,D,C,A,A,H,-,A,A,0,NA,NA,NA,NA,Y,NA,A,01,0,0,2,0,0,0,0,0,0,-,-,NA,NA,SAN BERNARDINO,FONTANA,-117.48879003,34.10242002
8345310,2017,2017-04-25,3600,2017-03-20,1711,C9270,CH024,1,5,5,3630,0,0,0,NA,0,001,BEDFORD LN,PEYTON DR,16,E,N,A,-,N,NA,NA,NA,NA,NA,NA,NA,NA,NA,N,3,0,1,2,A,-,09,21801,A,N,D,G,A,A,H,-,A,A,0,NA,Y,NA,NA,Y,NA,L,04,0,1,0,0,0,0,1,0,0,-,-,NA,NA,SAN BERNARDINO,CHINO HILLS,-117.74057444,34.00818834
8345252,2017,2018-04-24,3600,2017-04-03,1411,C9270,CH068,1,5,5,3630,0,0,0,NA,0,001,CHINO AV,RT 71,0,NA,Y,A,-,Y,SBD,8,71,-,R,0.711,R,4,S,Y,4,0,1,2,A,-,12,21453,A,N,D,C,A,A,H,-,A,A,0,NA,NA,NA,NA,Y,NA,-,NA,0,0,1,0,0,0,0,0,0,-,SF,NA,NA,SAN BERNARDINO,CHINO HILLS,-117.7364691,34.01338288
8344405,2017,2017-04-14,3610,2017-03-12,1228,51003,NA,7,5,6,3610,0,0,0,NA,0,POLICE,E LYNWOOD DR,N DEL ROSA AV,0,NA,Y,A,-,N,NA,NA,NA,NA,NA,NA,NA,NA,NA,N,4,0,1,2,A,-,10,21950,A,N,G,B,B,A,H,-,A,A,0,Y,NA,NA,NA,Y,Y,A,01,0,0,1,0,1,0,0,0,0,-,-,34.14673,-117.25239,SAN BERNARDINO,SAN BERNARDINO,-117.25243011,34.14675006
8343325,2017,2017-04-14,3600,2017-03-25,1929,C8643,RC028,6,5,6,3616,0,0,0,NA,0,001,ARCHIBALD AV,LOMITA AV,235,S,N,A,-,N,NA,NA,NA,NA,NA,NA,NA,NA,NA,Y,4,0,3,2,A,-,08,22107,NA,N,D,C,A,A,H,-,C,A,0,NA,NA,NA,NA,Y,NA,D,22,0,0,3,0,0,0,0,0,0,-,-,NA,NA,SAN BERNARDINO,RANCHO CUCAMONGA,-117.59354097,34.12369618
8342371,2017,2018-04-24,3605,2017-03-29,1437,318,NA,3,5,4,3605,0,0,0,NA,0,NA,PALO VERDE ST,RT 10,0,NA,Y,A,-,Y,SBD,8,10,-,-,0.452,R,4,E,Y,3,0,2,2,A,-,12,21453,A,N,D,C,A,A,H,-,A,A,0,NA,NA,NA,NA,Y,NA,A,01,0,1,1,0,0,0,0,0,0,-,-,NA,NA,SAN BERNARDINO,MONTCLAIR,-117.70258887,34.08168061
8340996,2017,2017-04-12,3610,2017-03-25,2030,51040,NA,6,5,6,3610,0,0,0,NA,0,NA,E ST,2ND ST,0,NA,Y,A,-,N,NA,NA,NA,NA,NA,NA,NA,NA,NA,N,4,0,1,2,A,-,11,21955,NA,N,A,G,A,A,H,-,C,A,0,NA,Y,NA,NA,Y,NA,-,NA,0,0,1,0,0,0,1,0,0,-,-,34.10273,-117.29406,SAN BERNARDINO,SAN BERNARDINO,-117.29420009,34.10282008
8327757,2016,2017-04-08,3605,2016-07-10,0148,142,NA,7,5,4,3605,0,0,0,NA,0,002,STATE ST,KADOTA AV,454,W,N,A,-,N,NA,NA,NA,NA,NA,NA,NA,NA,NA,Y,2,0,1,1,A,-,01,23152,A,N,E,I,A,A,H,-,C,D,0,NA,NA,NA,NA,Y,Y,A,01,1,0,0,0,0,0,0,0,0,-,-,NA,NA,SAN BERNARDINO,MONTCLAIR,-117.71922498,34.0594533
8363588,2017,2017-06-05,3610,2017-04-08,1807,50917,NA,6,5,6,3610,0,0,0,NA,0,POLICE,W BASELINE ST,NORTH ARROWHEAD AV,0,NA,Y,A,-,N,NA,NA,NA,NA,NA,NA,NA,NA,NA,Y,2,0,2,3,A,-,08,22107,NA,N,G,B,A,A,A,H,A,A,0,NA,NA,NA,NA,Y,NA,A,01,1,0,1,0,0,0,0,0,0,-,-,34.121340000000004,-117.28962,SAN BERNARDINO,SAN BERNARDINO,-117.28967001,34.121340000000004
8358169,2017,2017-05-04,3607,2017-03-17,0737,19792,215,5,5,6,3607,0,0,0,NA,0,042,EAST MISSION BL,SOUTH HAVEN AV,500,E,N,A,-,N,NA,NA,NA,NA,NA,NA,NA,NA,NA,Y,3,0,1,1,A,-,01,23152,F,N,E,I,A,A,H,-,A,D,0,NA,NA,NA,NA,Y,Y,-,NA,0,1,0,0,0,0,0,0,0,-,-,NA,NA,SAN BERNARDINO,ONTARIO,-117.57439277,34.03777786
8355117,2017,2017-05-09,3608,2017-04-19,1104,4709,3608,3,5,5,3608,0,0,0,NA,0,901,BROCKTON AV,6TH ST,0,NA,Y,A,-,N,NA,NA,NA,NA,NA,NA,NA,NA,NA,N,4,0,1,2,A,-,09,21802,A,N,D,C,A,A,H,-,A,A,0,NA,NA,NA,NA,Y,NA,A,07,0,0,1,0,0,0,0,0,0,-,-,NA,NA,SAN BERNARDINO,REDLANDS,-117.18032011,34.06637004
8353448,2017,2017-05-02,3607,2017-04-01,1006,80538,209,6,5,6,3607,0,0,0,NA,0,071,GROVE AV,LOCUST ST,590,S,N,A,-,N,NA,NA,NA,NA,NA,NA,NA,NA,NA,N,4,0,1,2,A,-,09,21804,A,N,D,C,A,A,H,-,A,D,0,NA,NA,NA,NA,Y,NA,-,NA,0,0,1,0,0,0,0,0,0,-,-,NA,NA,SAN BERNARDINO,ONTARIO,-117.628546,34.04315307
8348786,2017,2018-03-17,3607,2017-03-26,2044,80502,700,7,5,6,3607,0,0,0,NA,0,082,EUCLID AV,EDISON AV,100,S,N,A,-,Y,SBD,8,83,-,-,4.9,H,-,N,Y,4,0,1,2,A,-,01,23152,A,N,C,C,A,A,H,-,C,A,0,NA,NA,NA,NA,Y,Y,-,NA,0,0,1,0,0,0,0,0,0,-,-,NA,NA,SAN BERNARDINO,ONTARIO,-117.65069689,33.99724689
8348782,2017,2018-02-17,3607,2017-03-11,2121,80502,293,6,5,6,3607,0,0,0,NA,0,062,EUCLID AV,RT 60,0,NA,Y,A,-,Y,SBD,8,60,-,R,4.789,R,3,E,N,4,0,1,2,A,-,05,21202,A,N,D,G,A,A,H,-,C,A,0,NA,Y,NA,NA,Y,NA,L,04,0,0,1,0,0,0,1,0,0,-,-,NA,NA,SAN BERNARDINO,ONTARIO,-117.64723822,34.03032889
8348355,2017,2017-04-27,3604,2017-03-18,1820,1156,NA,6,5,6,3604,0,0,0,NA,0,001,BEECH AV,CURTIS AV,365,S,N,A,-,N,NA,NA,NA,NA,NA,NA,NA,NA,NA,Y,4,0,1,1,A,-,08,22107,NA,N,E,I,A,A,H,-,A,D,0,NA,NA,NA,NA,Y,NA,A,01,0,0,1,0,0,0,0,0,0,-,-,NA,NA,SAN BERNARDINO,FONTANA,-117.47083924,34.14292152
8363772,2017,2017-05-16,3603,2017-03-16,1725,CL4357,COLTO,4,5,4,3603,0,0,0,NA,0,001,SAN BERNARDINO AV,PEPPER AV,0,NA,Y,A,-,N,NA,NA,NA,NA,NA,NA,NA,NA,NA,N,4,0,1,3,A,-,03,22350,NA,M,C,C,A,A,H,-,A,A,0,NA,NA,NA,NA,Y,NA,A,01,0,0,1,0,0,0,0,0,0,-,-,NA,NA,SAN BERNARDINO,COLTON,-117.35292002,34.07775005
8365988,2017,2017-05-22,3600,2017-04-09,1846,E8923,HI004,7,5,4,3618,0,0,0,NA,0,HI1,BASELINE ST,DEL ROSA AV,0,NA,Y,A,-,N,NA,NA,NA,NA,NA,NA,NA,NA,NA,N,4,0,1,2,A,-,09,21800,A,M,B,C,A,A,H,-,B,A,0,NA,NA,NA,NA,Y,NA,A,01,0,0,1,0,0,0,0,0,0,-,-,NA,NA,SAN BERNARDINO,HIGHLAND,-117.25024008,34.12130002
8369326,2017,2017-06-01,3608,2017-05-16,2200,4477,3608,2,5,5,3608,0,0,0,NA,0,NA,N UNIVERSITY ST,E CITRUS AV,0,NA,Y,A,-,N,NA,NA,NA,NA,NA,NA,NA,NA,NA,Y,4,0,1,2,A,-,09,21801,A,N,A,C,A,A,H,-,C,A,0,NA,NA,NA,NA,Y,NA,A,01,0,0,1,0,0,0,0,0,0,-,-,NA,NA,SAN BERNARDINO,REDLANDS,-117.16684001,34.05555007
8371169,2017,2018-04-17,3600,2017-04-28,1542,D3381,VC057,5,5,5,3612,0,0,0,NA,0,VC5,PALMDALE RD,EL EVADO RD,0,NA,Y,A,-,Y,SBD,8,18,-,-,97.88,H,-,N,N,4,0,2,2,A,-,09,21801,A,N,D,C,A,A,H,-,A,A,0,NA,NA,NA,NA,Y,NA,A,07,0,0,2,0,0,0,0,0,0,-,-,NA,NA,SAN BERNARDINO,VICTORVILLE,-117.34553853,34.50674456
8374536,2017,2017-06-01,3604,2017-04-17,1748,1043,NA,1,5,6,3604,0,0,0,NA,0,NA,ARROW BL,CITRUS AV,189,E,N,G,-,N,NA,NA,NA,NA,NA,NA,NA,NA,NA,N,4,0,1,3,A,-,03,22350,NA,N,C,C,A,A,H,-,A,A,0,NA,NA,NA,NA,Y,NA,A,01,0,0,1,0,0,0,0,0,0,-,-,NA,NA,SAN BERNARDINO,FONTANA,-117.45302748,34.09930001
8369926,2017,2017-06-01,3607,2017-05-03,0615,15060,87,3,5,6,3607,0,0,0,NA,0,011,PALMETTO AV,H ST,200,S,N,A,-,N,NA,NA,NA,NA,NA,NA,NA,NA,NA,N,4,0,1,2,A,-,08,22107,NA,N,D,C,A,A,A,-,A,D,0,NA,NA,NA,NA,Y,NA,A,07,0,0,1,0,0,0,0,0,0,-,-,NA,NA,SAN BERNARDINO,ONTARIO,-117.66862,34.0719
8404550,2017,2017-09-15,3600,2017-07-31,0901,E5343,HE107,1,5,5,3619,0,0,0,NA,0,HE1,EUCALYPTUS ST,LOCUST AV,0,NA,Y,A,-,N,NA,NA,NA,NA,NA,NA,NA,NA,NA,Y,1,1,1,2,A,-,12,22450,A,N,D,C,A,A,H,-,A,A,0,NA,NA,Y,NA,Y,NA,C,02,0,0,1,0,0,0,0,1,0,-,-,NA,NA,SAN BERNARDINO,HESPERIA,-117.33413003,34.45603009
8405135,2017,2018-03-20,3609,2017-06-27,1900,0456,138,2,5,5,3609,0,0,0,NA,0,004,FOOTHILL BL,RIVERSIDE AV,0,NA,Y,A,-,N,NA,NA,NA,NA,NA,NA,NA,NA,NA,N,4,0,1,2,A,-,03,22350,NA,N,C,C,A,A,H,-,A,A,0,NA,NA,NA,NA,Y,NA,-,NA,0,0,1,0,0,0,0,0,0,-,-,34.10678,-117.3709,SAN BERNARDINO,RIALTO,-117.37038008,34.10676008
8407272,2017,2017-07-18,3610,2017-06-14,0750,51066,NA,3,5,6,3610,0,0,0,NA,0,ADAM,SOUTH J ST,WEST RIALTO AV,0,NA,Y,A,-,N,NA,NA,NA,NA,NA,NA,NA,NA,NA,Y,3,0,2,2,A,-,09,21801,A,N,A,C,A,A,H,-,A,D,0,NA,NA,NA,NA,Y,NA,A,01,0,1,1,0,0,0,0,0,0,-,-,34.10081,-117.3054,SAN BERNARDINO,SAN BERNARDINO,-117.30541002,34.10085009
8408727,2017,2017-08-07,3605,2017-07-07,1732,364,3605,5,5,4,3605,0,0,0,NA,0,NA,MISSION BL,CENTRAL AV,648,W,N,A,-,N,NA,NA,NA,NA,NA,NA,NA,NA,NA,Y,3,0,3,2,A,-,03,22350,NA,N,C,C,A,A,H,-,A,A,0,NA,NA,NA,NA,Y,NA,A,07,0,1,2,0,0,0,0,0,0,-,-,NA,NA,SAN BERNARDINO,MONTCLAIR,-117.69161349,34.05601491
8409463,2017,2018-02-12,3603,2017-06-24,1310,CL4726,COLTO,6,5,4,3603,0,0,0,NA,0,004,WASHINGTON ST,RT 215,200,E,N,A,-,N,NA,NA,NA,NA,NA,NA,NA,NA,NA,Y,4,0,1,2,A,-,09,21804,A,N,D,C,A,A,H,-,A,D,0,NA,NA,NA,NA,Y,NA,A,01,0,0,1,0,0,0,0,0,0,-,-,NA,NA,SAN BERNARDINO,COLTON,-117.30717781,34.04773219
8409464,2017,2017-07-25,3603,2017-06-21,1434,CL4251,COLTO,3,5,4,3603,0,0,0,NA,0,001,PEPPER AV,RANDALL AV,30,S,N,A,-,N,NA,NA,NA,NA,NA,NA,NA,NA,NA,N,4,0,1,3,A,-,07,21658,A,N,B,C,A,A,H,-,A,D,0,NA,NA,NA,NA,Y,NA,A,01,0,0,1,0,0,0,0,0,0,-,-,NA,NA,SAN BERNARDINO,COLTON,-117.35292,34.08491781
8411140,2017,2017-08-23,3610,2017-06-17,1757,50936,NA,6,5,6,3610,0,0,0,NA,0,POLICE,W 5TH ST,N MOUNTAIN VIEW AV,0,NA,Y,A,-,N,NA,NA,NA,NA,NA,NA,NA,NA,NA,Y,3,0,2,2,A,-,12,21453,A,N,D,C,A,A,H,-,A,A,0,NA,NA,NA,NA,Y,NA,A,01,0,2,0,0,0,0,0,0,0,-,-,34.10831,-117.28741,SAN BERNARDINO,SAN BERNARDINO,-117.28740012,34.10831008
8411164,2017,2017-08-23,3604,2017-06-25,2324,1043,NA,7,5,6,3604,0,0,0,NA,0,NA,CHERRY AV,SOUTH HIGHLAND AV,1108,N,N,A,-,N,NA,NA,NA,NA,NA,NA,NA,NA,NA,Y,4,0,1,1,A,-,03,22350,NA,N,E,I,A,A,H,-,A,A,0,NA,NA,NA,NA,Y,NA,A,07,0,0,1,0,0,0,0,0,0,-,-,NA,NA,SAN BERNARDINO,FONTANA,-117.4870039,34.13540775
8411168,2017,2017-08-23,3604,2017-06-24,2257,1142,NA,6,5,6,3604,0,0,0,NA,0,NA,CATAWBA,SAN BERNARDINO,272,S,N,A,-,N,NA,NA,NA,NA,NA,NA,NA,NA,NA,Y,4,0,1,2,A,-,08,22107,NA,N,D,C,A,A,H,-,C,D,0,NA,NA,NA,NA,Y,NA,A,01,0,0,1,0,0,0,0,0,0,-,-,NA,NA,SAN BERNARDINO,FONTANA,-117.45809,34.0767647
8413170,2017,2018-03-24,3603,2017-06-21,1613,CL4251,COLTO,3,5,4,3603,0,0,0,NA,0,003,RANCHO AV,RT 10,150,S,N,A,-,Y,SBD,8,10,-,R,22.089,R,4,E,Y,4,0,1,1,A,-,05,21650,NA,N,E,I,A,A,H,-,A,D,0,NA,NA,NA,NA,Y,Y,A,01,0,0,1,0,0,0,0,0,0,-,EO,NA,NA,SAN BERNARDINO,COLTON,-117.33370959,34.06677813
8413868,2017,2017-08-09,3602,2017-05-27,1854,3304,NA,6,5,5,3602,0,0,0,NA,0,003,GRAND AV,SPECTRUM WEST,0,NA,Y,A,-,N,NA,NA,NA,NA,NA,NA,NA,NA,NA,N,4,0,1,2,A,-,00,21453,NA,N,A,C,A,A,H,-,A,A,0,NA,NA,NA,NA,Y,NA,A,01,0,0,1,0,0,0,0,0,0,-,-,NA,NA,SAN BERNARDINO,CHINO,-117.72013004,33.99934003
8414059,2017,2017-08-11,3610,2017-07-11,0025,50614,NA,2,5,6,3610,0,0,0,NA,0,ADAM,WEST FOOTHILL BL,NORTH TERRACE RD,180,W,N,A,-,N,NA,NA,NA,NA,NA,NA,NA,NA,NA,Y,4,0,1,1,A,-,08,22107,NA,N,E,I,A,A,H,-,-,D,0,NA,NA,NA,NA,Y,NA,A,01,0,0,1,0,0,0,0,0,0,-,-,NA,NA,SAN BERNARDINO,SAN BERNARDINO,-117.33790285,34.10682
8414153,2017,2017-12-05,3610,2017-07-15,1016,50249,NA,6,5,6,3610,0,0,0,NA,0,DAVID,N D ST,W BASELINE ST,0,NA,Y,A,-,N,NA,NA,NA,NA,NA,NA,NA,NA,NA,Y,4,0,2,2,A,-,12,21453,A,N,D,C,A,A,H,-,A,A,0,NA,NA,NA,NA,Y,NA,A,01,0,0,2,0,0,0,0,0,0,-,-,34.121340000000004,-117.29192,SAN BERNARDINO,SAN BERNARDINO,-117.2919301,34.12135007
8414393,2017,2017-10-03,3604,2017-08-14,0845,641,NA,1,5,6,3604,0,0,0,NA,0,NA,ARROW BL,CYPRESS AV,0,NA,Y,B,-,N,NA,NA,NA,NA,NA,NA,NA,NA,NA,Y,4,0,1,3,A,-,09,21802,A,N,D,C,A,A,H,-,A,A,0,NA,NA,NA,NA,Y,NA,A,07,0,0,1,0,0,0,0,0,0,-,-,NA,NA,SAN BERNARDINO,FONTANA,-117.44449005,34.09933007