CASE_ID,ACCIDENT_YEAR,PROC_DATE,JURIS,COLLISION_DATE,COLLISION_TIME,OFFICER_ID,REPORTING_DISTRICT,DAY_OF_WEEK,CHP_SHIFT,POPULATION,CNTY_CITY_LOC,SPECIAL_COND,BEAT_TYPE,CHP_BEAT_TYPE,CITY_DIVISION_LAPD,CHP_BEAT_CLASS,BEAT_NUMBER,PRIMARY_RD,SECONDARY_RD,DISTANCE,DIRECTION,INTERSECTION,WEATHER_1,WEATHER_2,STATE_HWY_IND,CALTRANS_COUNTY,CALTRANS_DISTRICT,STATE_ROUTE,ROUTE_SUFFIX,POSTMILE_PREFIX,POSTMILE,LOCATION_TYPE,RAMP_INTERSECTION,SIDE_OF_HWY,TOW_AWAY,COLLISION_SEVERITY,NUMBER_KILLED,NUMBER_INJURED,PARTY_COUNT,PRIMARY_COLL_FACTOR,PCF_CODE_OF_VIOL,PCF_VIOL_CATEGORY,PCF_VIOLATION,PCF_VIOL_SUBSECTION,HIT_AND_RUN,TYPE_OF_COLLISION,MVIW,PED_ACTION,ROAD_SURFACE,ROAD_COND_1,ROAD_COND_2,LIGHTING,CONTROL_DEVICE,CHP_ROAD_TYPE,PEDESTRIAN_ACCIDENT,BICYCLE_ACCIDENT,MOTORCYCLE_ACCIDENT,TRUCK_ACCIDENT,NOT_PRIVATE_PROPERTY,ALCOHOL_INVOLVED,STWD_VEHTYPE_AT_FAULT,CHP_VEHTYPE_AT_FAULT,COUNT_SEVERE_INJ,COUNT_VISIBLE_INJ,COUNT_COMPLAINT_PAIN,COUNT_PED_KILLED,COUNT_PED_INJURED,COUNT_BICYCLIST_KILLED,COUNT_BICYCLIST_INJURED,COUNT_MC_KILLED,COUNT_MC_INJURED,PRIMARY_RAMP,SECONDARY_RAMP,LATITUDE,LONGITUDE,COUNTY,CITY,POINT_X,POINT_Y
8560651,2018,2018-03-02,3600,2018-01-29,1732,D3381,VC020,1,5,5,3612,0,0,0,NA,0,VC3,BALSAM RD,LONE EAGLE ST,0,NA,Y,A,-,N,NA,NA,NA,NA,NA,NA,NA,NA,NA,Y,3,0,1,1,A,-,21,22106,NA,N,B,I,A,A,H,-,C,D,0,NA,NA,NA,NA,Y,NA,D,22,0,1,0,0,0,0,0,0,0,-,-,NA,NA,SAN BERNARDINO,VICTORVILLE,-117.33000946044922,34.48154830932617
8561000,2018,2018-03-02,3605,2018-01-18,0707,318,NA,4,5,4,3605,0,0,0,NA,0,NA,MORENO ST,CENTRAL AV,244,E,N,A,-,N,NA,NA,NA,NA,NA,NA,NA,NA,NA,N,4,0,1,2,A,-,09,21804,A,N,D,C,A,A,H,-,A,D,0,NA,NA,NA,NA,Y,NA,A,01,0,0,1,0,0,0,0,0,0,-,-,NA,NA,SAN BERNARDINO,MONTCLAIR,-117.69008636474608,34.088619232177734
8561924,2018,2018-02-26,3610,2018-01-19,2005,51003,NA,5,5,6,3610,0,0,0,NA,0,POLICE,NORTH ARROWHEAD AV,E RIALTO AV,0,NA,Y,A,-,N,NA,NA,NA,NA,NA,NA,NA,NA,NA,Y,4,0,1,2,A,-,12,21453,A,N,D,C,A,A,H,-,C,A,0,NA,NA,NA,NA,Y,NA,A,01,0,0,1,0,0,0,0,0,0,-,-,34.10081100463867,-117.28964996337892,SAN BERNARDINO,SAN BERNARDINO,-117.28964996337892,34.10084915161133
8562842,2018,2018-03-09,3600,2018-01-19,0734,D6186,YC402,5,5,4,3640,0,0,0,NA,0,003,SAND CANYON RD,16TH ST,0,NA,Y,A,-,N,NA,NA,NA,NA,NA,NA,NA,NA,NA,Y,4,0,1,2,A,-,09,21801,A,N,D,C,A,A,H,-,A,A,0,NA,NA,NA,NA,Y,NA,A,01,0,0,1,0,0,0,0,0,0,-,-,NA,NA,SAN BERNARDINO,YUCAIPA,-117.10389709472656,34.03675079345703
8564912,2017,2018-03-02,3603,2017-12-23,1920,4744,4,6,5,4,3603,0,0,0,NA,0,NA,COOLEY LN,STEWART ST,0,NA,Y,A,-,N,NA,NA,NA,NA,NA,NA,NA,NA,NA,Y,4,0,2,3,A,-,09,21802,A,N,D,C,A,A,H,-,A,A,0,NA,NA,NA,NA,Y,NA,A,01,0,0,2,0,0,0,0,0,0,-,-,NA,NA,SAN BERNARDINO,COLTON,NA,NA
8566095,2018,2018-03-14,3610,2018-02-21,2500,51091,NA,3,5,6,3610,0,0,0,NA,0,DAVID,E 9TH ST,TIPPECANOE,377,W,N,A,-,N,NA,NA,NA,NA,NA,NA,NA,NA,NA,N,2,0,1,2,A,-,11,21954,A,F,G,B,D,A,H,-,D,D,0,Y,NA,NA,NA,Y,NA,N,60,1,0,0,0,1,0,0,0,0,-,-,34.11574172973633,-117.26097869873048,SAN BERNARDINO,SAN BERNARDINO,-117.2622299194336,34.11574172973633
8566428,2018,2018-03-14,3610,2018-02-22,1220,50266,NA,4,5,6,3610,0,0,0,NA,0,POLICE,7TH ST,MT VERNON AV,0,NA,Y,B,-,N,NA,NA,NA,NA,NA,NA,NA,NA,NA,Y,3,0,1,2,A,-,12,21453,A,N,D,C,A,A,H,-,A,A,0,NA,NA,NA,NA,Y,NA,A,01,0,1,0,0,0,0,0,0,0,-,-,NA,NA,SAN BERNARDINO,SAN BERNARDINO,-117.3138427734375,34.112060546875
8567760,2018,2018-03-20,3605,2018-02-25,1417,401,NA,7,5,4,3605,0,0,0,NA,0,NA,KINGSLEY ST,HELENA AV,0,NA,Y,A,-,N,NA,NA,NA,NA,NA,NA,NA,NA,NA,Y,3,0,2,5,A,-,08,22107,NA,N,A,C,A,A,H,-,A,D,0,NA,NA,NA,NA,Y,NA,A,01,0,1,1,0,0,0,0,0,0,-,-,NA,NA,SAN BERNARDINO,MONTCLAIR,-117.70266723632813,34.066749572753906
8568883,2018,2018-04-16,3601,2018-01-12,0224,70K9,BARST,5,5,3,3601,0,0,0,NA,0,002,E MAIN ST,RT I-40,395,W,N,A,-,N,NA,NA,NA,NA,NA,NA,NA,NA,NA,Y,2,0,1,2,A,-,01,23152,A,N,E,I,A,-,H,-,D,D,0,NA,NA,NA,NA,Y,Y,A,01,1,0,0,0,0,0,0,0,0,-,-,NA,NA,SAN BERNARDINO,BARSTOW,-116.97029876708984,34.878639221191406
8571366,2018,2018-03-13,3604,2018-02-07,1825,958,NA,3,5,6,3604,0,0,0,NA,0,NA,MERRILL AV,CYPRESS AV,421,W,N,A,-,N,NA,NA,NA,NA,NA,NA,NA,NA,NA,N,4,0,1,2,A,-,05,21650,1,N,B,G,A,A,H,-,C,D,0,NA,Y,NA,NA,Y,NA,L,04,0,0,1,0,0,0,1,0,0,-,-,NA,NA,SAN BERNARDINO,FONTANA,-117.44583892822266,34.09210205078125
8571957,2018,2018-03-09,3602,2018-01-12,1443,3805,NA,5,5,5,3602,0,0,0,NA,0,005,FERN AV,EDISON AV,0,NA,Y,A,-,N,NA,NA,NA,NA,NA,NA,NA,NA,NA,Y,3,0,1,2,D,-,00,NA,NA,N,D,C,A,A,H,-,A,A,0,NA,NA,NA,NA,Y,NA,-,-,0,1,0,0,0,0,0,0,0,-,-,NA,NA,SAN BERNARDINO,CHINO,-117.65425872802734,33.997520446777344
8572563,2018,2018-03-15,3600,2018-02-16,2344,E6914,HE322,5,5,5,3619,0,0,0,NA,0,003,RANCHERO RD,11TH AV,0,NA,Y,A,-,N,NA,NA,NA,NA,NA,NA,NA,NA,NA,Y,2,0,1,2,A,-,01,23153,A,F,C,C,A,A,H,-,C,A,0,NA,NA,NA,NA,Y,Y,A,07,1,0,0,0,0,0,0,0,0,-,-,NA,NA,SAN BERNARDINO,HESPERIA,-117.32862091064452,34.38330078125
8572622,2018,2018-03-15,3605,2018-02-14,2041,364,NA,3,5,4,3605,0,0,0,NA,0,NA,HOLT BL,MONTE VISTA AV,298,W,N,A,-,N,NA,NA,NA,NA,NA,NA,NA,NA,NA,Y,2,0,1,1,A,-,08,22107,NA,N,E,I,A,A,H,-,C,D,0,NA,NA,NA,NA,Y,Y,A,01,1,0,0,0,0,0,0,0,0,-,-,NA,NA,SAN BERNARDINO,MONTCLAIR,-117.69927215576172,34.06321334838867
8574720,2018,2018-04-23,3604,2018-03-11,2010,1163,NA,7,5,6,3604,0,0,0,NA,0,NA,SAN BERNARDINO AV,OLEANDER AV,0,NA,Y,A,-,N,NA,NA,NA,NA,NA,NA,NA,NA,NA,N,4,0,1,2,A,-,12,22450,A,N,D,C,A,A,H,-,C,A,0,NA,NA,NA,NA,Y,NA,-,-,0,0,1,0,0,0,0,0,0,-,-,NA,NA,SAN BERNARDINO,FONTANA,-117.44876861572266,34.07752990722656
8575929,2018,2018-03-27,3600,2018-03-07,1927,D8554,AP007,3,5,5,3621,0,0,0,NA,0,AP2,THUNDERBIRD RD,CHEYENNE RD,0,NA,Y,A,-,N,NA,NA,NA,NA,NA,NA,NA,NA,NA,Y,4,0,1,2,A,-,09,21801,A,N,D,C,A,A,H,-,C,D,0,NA,NA,NA,NA,Y,NA,A,01,0,0,1,0,0,0,0,0,0,-,-,NA,NA,SAN BERNARDINO,APPLE VALLEY,-117.19915771484376,34.529541015625
8576269,2018,2018-03-16,3600,2018-02-16,1328,G5408,AP007,5,5,5,3621,0,0,0,NA,0,AP2,THUNDERBIRD RD,KIAMACHI RD,23,E,N,A,-,N,NA,NA,NA,NA,NA,NA,NA,NA,NA,Y,2,0,1,2,A,-,06,21750,A,N,D,C,A,A,H,-,A,D,0,NA,NA,Y,NA,Y,NA,C,02,1,0,0,0,0,0,0,0,1,-,-,NA,NA,SAN BERNARDINO,APPLE VALLEY,-117.2228546142578,34.52996826171875
8577365,2018,2018-03-22,3600,2018-03-15,1245,E4794,VC016,4,5,5,3612,0,0,0,NA,0,VC2,ROY ROGERS DR,LA PAZ DR,0,NA,Y,A,-,N,NA,NA,NA,NA,NA,NA,NA,NA,NA,Y,4,0,1,2,A,-,03,22350,NA,N,C,C,A,A,H,-,A,A,0,NA,NA,Y,NA,Y,NA,A,01,0,0,1,0,0,0,0,0,1,-,-,NA,NA,SAN BERNARDINO,VICTORVILLE,-117.3173370361328,34.51987075805664
8580109,2018,2018-03-21,3600,2018-01-31,1141,G4526,AP018,3,5,5,3621,0,0,0,NA,0,NA,NAVAJO RD,POWHATAN RD,0,NA,Y,A,-,N,NA,NA,NA,NA,NA,NA,NA,NA,NA,Y,4,0,2,2,A,-,12,21453,A,N,D,C,A,A,H,-,A,A,0,NA,NA,NA,NA,Y,NA,A,01,0,0,2,0,0,0,0,0,0,-,-,NA,NA,SAN BERNARDINO,APPLE VALLEY,-117.19029235839844,34.49803924560547
8583001,2018,2018-03-27,3610,2018-03-07,0736,51110,NA,3,5,6,3610,0,0,0,NA,0,POLICE,N DEL ROSA DR,BASELINE ST,2112,S,N,A,-,N,NA,NA,NA,NA,NA,NA,NA,NA,NA,Y,4,0,1,2,A,-,09,21804,NA,N,D,C,A,A,H,-,A,D,0,NA,NA,NA,NA,Y,NA,A,08,0,0,1,0,0,0,0,0,0,-,-,34.119659423828125,-117.2525634765625,SAN BERNARDINO,SAN BERNARDINO,-117.25247955322266,34.11552429199219
8583029,2018,2018-03-27,3610,2018-03-12,1835,51135,NA,1,5,6,3610,0,0,0,NA,0,POLICE,S PEPPER AV,RIALTO AV,2,S,N,A,-,N,NA,NA,NA,NA,NA,NA,NA,NA,NA,N,4,0,1,2,A,-,10,21950,A,F,G,B,B,A,H,-,B,A,0,Y,NA,NA,NA,Y,Y,-,NA,0,0,1,0,1,0,0,0,0,-,-,34.091880798339844,-117.35250091552734,SAN BERNARDINO,SAN BERNARDINO,-117.35289001464844,34.099525451660156
8583044,2017,2018-03-28,3600,2017-09-29,1613,E3005,RC047,5,5,6,3616,0,0,0,NA,0,001,CARNELIAN ST,MIGNONETTE ST,0,NA,Y,A,-,N,NA,NA,NA,NA,NA,NA,NA,NA,NA,Y,3,0,1,1,A,-,08,22107,NA,N,-,I,A,A,H,-,A,A,0,NA,NA,NA,NA,Y,NA,A,01,0,1,0,0,0,0,0,0,0,-,-,NA,NA,SAN BERNARDINO,RANCHO CUCAMONGA,-117.61620009,34.13034012
8584198,2018,2018-06-15,3609,2018-03-18,0049,9017,230,7,5,5,3609,0,0,0,NA,0,004,RIVERSIDE AV,AGUA MANSA RD,623,S,N,A,-,N,NA,NA,NA,NA,NA,NA,NA,NA,NA,Y,3,0,1,2,A,-,03,22350,NA,N,C,D,A,A,H,-,C,D,0,NA,NA,NA,Y,Y,NA,A,01,0,1,0,0,0,0,0,0,0,-,-,34.036399841308594,-117.36666107177734,SAN BERNARDINO,RIALTO,-117.3666763305664,34.03664016723633
8584366,2018,2018-03-28,3609,2018-03-08,1604,0456,122,4,5,5,3609,0,0,0,NA,0,001,BEECHWOOD AV,GROVE ST,91,N,N,A,-,N,NA,NA,NA,NA,NA,NA,NA,NA,NA,Y,3,0,1,1,A,-,03,22350,NA,N,E,I,A,A,H,-,A,D,0,NA,NA,NA,NA,Y,NA,A,01,0,1,0,0,0,0,0,0,0,-,-,34.10879898071289,-117.38899993896484,SAN BERNARDINO,RIALTO,-117.38880920410156,34.10881042480469
8584431,2018,2018-03-30,3608,2018-03-08,1800,4202,3608,4,5,5,3608,0,0,0,NA,0,NA,N CHURCH ST,E BROCKTON AV,28,N,N,A,-,N,NA,NA,NA,NA,NA,NA,NA,NA,NA,NA,4,0,2,2,A,-,03,22350,NA,N,C,C,A,A,H,-,A,A,0,NA,NA,NA,NA,Y,NA,A,01,0,0,2,0,0,0,0,0,0,-,-,NA,NA,SAN BERNARDINO,REDLANDS,-117.1737823486328,34.06648635864258
8585875,2018,2018-04-11,3600,2018-03-29,1330,G8542,AP018,4,5,5,3621,0,0,0,NA,0,AP4,CENTRAL RD,OTTAWA RD,0,NA,Y,A,-,N,NA,NA,NA,NA,NA,NA,NA,NA,NA,Y,4,0,2,2,A,-,09,21802,A,N,D,C,A,A,H,-,A,A,0,NA,NA,NA,NA,Y,NA,A,01,0,0,2,0,0,0,0,0,0,-,-,NA,NA,SAN BERNARDINO,APPLE VALLEY,-117.17269134521484,34.4934196472168
8589814,2018,2018-04-06,3605,2018-03-19,1611,284,NA,1,5,4,3605,0,0,0,NA,0,NA,ARROW HWY,CENTRAL AV,580,W,N,A,-,N,NA,NA,NA,NA,NA,NA,NA,NA,NA,N,4,0,3,2,A,-,09,21804,A,N,D,C,A,A,H,-,A,A,0,NA,NA,NA,NA,Y,NA,A,07,0,0,3,0,0,0,0,0,0,-,-,NA,NA,SAN BERNARDINO,MONTCLAIR,-117.69161987304688,34.092342376708984
8590551,2018,2018-04-10,3604,2018-03-16,1824,1274,NA,5,5,6,3604,0,0,0,NA,0,NA,MERRILL AV,LAUREL AV,0,NA,Y,C,-,N,NA,NA,NA,NA,NA,NA,NA,NA,NA,Y,4,0,2,2,A,-,09,21801,A,N,D,C,A,B,H,-,A,A,0,NA,NA,NA,NA,Y,NA,A,01,0,0,2,0,0,0,0,0,0,-,-,NA,NA,SAN BERNARDINO,FONTANA,-117.41399383544922,34.09220886230469
8590559,2018,2018-04-10,3604,2018-03-17,1121,1280,NA,6,5,6,3604,0,0,0,NA,0,002,SIERRA AV,FAIRFAX ST,60,S,N,B,-,N,NA,NA,NA,NA,NA,NA,NA,NA,NA,N,4,0,1,2,A,-,07,21658,A,N,B,C,A,A,H,-,A,A,0,NA,NA,NA,NA,Y,NA,A,01,0,0,1,0,0,0,0,0,0,-,-,NA,NA,SAN BERNARDINO,FONTANA,-117.43584442138672,34.11234664916992
8591882,2018,2018-04-16,3600,2018-03-05,0748,F6288,RC020,1,5,6,3616,0,0,0,NA,0,RC2,SPRUCE AV,MOUNTAIN VIEW DR,0,NA,Y,B,-,N,NA,NA,NA,NA,NA,NA,NA,NA,NA,N,4,0,1,2,A,-,08,22107,NA,N,C,C,A,A,H,-,A,A,0,NA,NA,NA,NA,Y,NA,A,08,0,0,1,0,0,0,0,0,0,-,-,NA,NA,SAN BERNARDINO,RANCHO CUCAMONGA,-117.56736755371094,34.1155891418457
8592051,2018,2018-04-13,3602,2018-02-13,0600,3060,NA,2,5,5,3602,0,0,0,NA,0,NA,CENTRAL AV,COUNTRY FAIR,750,N,N,B,-,N,NA,NA,NA,NA,NA,NA,NA,NA,NA,N,3,0,1,2,A,-,10,21952,NA,N,G,B,F,A,H,-,C,D,0,Y,NA,NA,NA,Y,NA,A,01,0,1,0,0,1,0,0,0,0,-,-,NA,NA,SAN BERNARDINO,CHINO,-117.6894302368164,34.03753662109375
8596377,2018,2018-04-18,3600,2018-03-16,1027,D8569,H1017,5,5,4,3618,0,0,0,NA,0,H12,PALM AV,FISHER ST,674,S,N,B,-,N,NA,NA,NA,NA,NA,NA,NA,NA,NA,N,2,0,1,2,A,-,03,22350,NA,N,G,B,E,A,H,-,A,D,0,Y,NA,NA,NA,Y,NA,-,NA,1,0,0,0,1,0,0,0,0,-,-,NA,NA,SAN BERNARDINO,HIGHLAND,-117.20874786376952,34.12435531616211
8598030,2018,2018-06-28,3609,2018-03-16,2101,0456,126,5,5,5,3609,0,0,0,NA,0,002,FOOTHILL BL,PALM AV,0,NA,Y,B,-,N,NA,NA,NA,NA,NA,NA,NA,NA,NA,Y,4,0,1,2,A,-,01,23152,NA,N,D,C,A,A,H,-,C,D,0,NA,NA,NA,NA,Y,Y,A,07,0,0,1,0,0,0,0,0,0,-,-,34.106998443603516,-117.37319946289063,SAN BERNARDINO,RIALTO,-117.37286376953124,34.10675811767578
8599500,2017,2018-05-08,3611,2017-09-30,1740,3024,3611,6,5,5,3611,0,0,0,NA,0,003,EUCLID AV,W 17TH ST,0,NA,Y,A,-,N,NA,NA,NA,NA,NA,NA,NA,NA,NA,Y,3,0,2,2,A,-,09,21802,A,N,D,C,A,A,H,-,A,A,0,NA,NA,NA,NA,Y,NA,A,07,0,2,0,0,0,0,0,0,0,-,-,NA,NA,SAN BERNARDINO,UPLAND,-117.65141008,34.12518008
8599880,2018,2018-05-07,3611,2018-01-18,1830,2297,3611,4,5,5,3611,0,0,0,NA,0,004,9TH ST,11TH AV,600,E,N,A,-,N,NA,NA,NA,NA,NA,NA,NA,NA,NA,N,4,0,1,2,A,-,10,21952,NA,N,G,B,-,A,H,-,C,D,0,Y,NA,NA,NA,Y,NA,A,01,0,0,1,0,1,0,0,0,0,-,-,NA,NA,SAN BERNARDINO,UPLAND,-117.63477325439452,34.09611129760742
8603582,2018,2018-05-11,3610,2018-04-06,1600,NA,NA,5,5,6,3610,0,0,0,NA,0,NA,W 10TH ST,N G ST,0,NA,N,A,-,N,NA,NA,NA,NA,NA,NA,NA,NA,NA,Y,4,0,1,2,A,-,01,23152,A,N,D,C,A,A,H,-,A,A,0,NA,NA,NA,NA,Y,Y,A,01,0,0,1,0,0,0,0,0,0,-,-,34.11764144897461,-117.29866027832033,SAN BERNARDINO,SAN BERNARDINO,-117.29866027832033,34.11764907836914
8604440,2018,2018-05-08,3604,2018-04-09,1532,643,NA,1,5,6,3604,0,0,0,NA,0,NA,BASELINE,HERITAGE CIR,0,NA,Y,A,-,N,NA,NA,NA,NA,NA,NA,NA,NA,NA,N,4,0,2,2,A,-,03,22350,NA,N,C,C,A,A,H,-,A,A,0,NA,NA,NA,NA,Y,NA,A,01,0,0,2,0,0,0,0,0,0,-,-,NA,NA,SAN BERNARDINO,FONTANA,-117.50498199462892,34.12152099609375
8604452,2018,2018-05-08,3604,2018-04-09,1522,678,FONTA,1,5,6,3604,0,0,0,NA,0,NA,JURUPA AV,LIVE OAK,0,NA,Y,A,-,N,NA,NA,NA,NA,NA,NA,NA,NA,NA,Y,4,0,1,2,A,-,09,21802,A,N,D,C,A,A,H,-,A,A,0,NA,NA,NA,NA,Y,NA,A,01,0,0,1,0,0,0,0,0,0,-,-,NA,NA,SAN BERNARDINO,FONTANA,-117.48036193847656,34.04798889160156
8605011,2018,2018-05-17,3609,2018-04-19,1325,8510,156,4,5,5,3609,0,0,0,NA,0,003,MERRILL AV,CEDAR AV,0,NA,Y,B,-,N,NA,NA,NA,NA,NA,NA,NA,NA,NA,Y,4,0,1,2,A,-,08,22108,NA,N,D,C,A,A,H,-,A,A,0,NA,NA,NA,NA,Y,NA,D,22,0,0,1,0,0,0,0,0,0,-,-,34.09233093261719,-117.39649200439452,SAN BERNARDINO,RIALTO,-117.39652252197266,34.09223937988281
8605015,2018,2018-05-17,3609,2018-04-18,1412,8510,095,3,5,5,3609,0,0,0,NA,0,001,BASELINE RD,IDYLLWILD AV,0,NA,Y,A,-,N,NA,NA,NA,NA,NA,NA,NA,NA,NA,Y,3,0,2,2,A,-,09,21800,A,N,D,C,A,A,H,-,A,D,0,NA,NA,NA,NA,Y,NA,A,01,0,1,1,0,0,0,0,0,0,-,-,34.12133026123047,-117.38928985595705,SAN BERNARDINO,RIALTO,-117.38912200927734,34.12131881713867
8606112,2018,2018-05-17,3600,2018-01-30,1415,G3815,YV013,2,5,3,3631,0,0,0,NA,0,023,CHURCH ST,NAVAJO TRL,0,NA,Y,A,-,N,NA,NA,NA,NA,NA,NA,NA,NA,NA,Y,4,0,1,2,A,-,09,21801,A,N,D,C,A,A,H,-,A,D,0,NA,NA,NA,NA,Y,NA,-,NA,0,0,1,0,0,0,0,0,0,-,-,NA,NA,SAN BERNARDINO,YUCCA VALLEY,-116.43599700927734,34.11027908325195
8610702,2018,2018-05-07,3600,2018-03-19,1244,G3596,HE109,1,5,5,3619,0,0,0,NA,0,HE1,EUCALYPTUS ST,2ND AV,0,NA,Y,A,-,N,NA,NA,NA,NA,NA,NA,NA,NA,NA,N,3,0,1,2,A,-,09,21801,A,N,D,C,A,A,H,-,A,A,0,NA,NA,Y,NA,Y,NA,A,07,0,1,0,0,0,0,0,0,0,-,-,NA,NA,SAN BERNARDINO,HESPERIA,-117.2991180419922,34.45623016357422
8611910,2017,2018-04-25,3611,2017-10-19,2000,3164,3611,4,5,5,3611,0,0,0,NA,0,003,EUCLID AV,16TH ST,7,S,N,A,-,N,NA,NA,NA,NA,NA,NA,NA,NA,NA,N,4,0,2,2,A,-,03,22350,NA,N,C,C,A,A,H,-,C,A,0,NA,NA,NA,NA,Y,NA,A,01,0,0,2,0,0,0,0,0,0,-,-,NA,NA,SAN BERNARDINO,UPLAND,-117.65139987,34.12153082
8612124,2018,2018-04-30,3609,2018-03-29,0735,8510,123,4,5,5,3609,0,0,0,NA,0,001,CACTUS AV,ROSEWOOD ST,0,NA,Y,A,-,N,NA,NA,NA,NA,NA,NA,NA,NA,NA,Y,4,0,1,2,A,-,08,22107,NA,N,D,C,A,A,H,-,A,A,0,NA,NA,NA,NA,Y,NA,D,22,0,0,1,0,0,0,0,0,0,-,-,34.11040115356445,-117.38361358642578,SAN BERNARDINO,RIALTO,-117.38348388671876,34.11035919189453
8613613,2018,2018-04-24,3610,2018-03-29,1945,50700,NA,4,5,6,3610,0,0,0,NA,0,NA,NORTH WATERMAN AV,E 2ND ST,0,NA,Y,A,-,N,NA,NA,NA,NA,NA,NA,NA,NA,NA,N,4,0,1,2,A,-,11,21955,NA,N,G,B,D,A,H,-,C,A,0,Y,NA,NA,NA,Y,NA,N,60,0,0,1,0,1,0,0,0,0,-,-,34.102718353271484,-117.27877807617188,SAN BERNARDINO,SAN BERNARDINO,-117.2787628173828,34.10271072387695
8614458,2018,2018-05-08,3608,2018-04-06,1147,4759,3608,5,5,5,3608,0,0,0,NA,0,901,BROOKSIDE AV,EUREKA ST,0,NA,Y,A,-,N,NA,NA,NA,NA,NA,NA,NA,NA,NA,Y,3,0,2,2,A,-,09,21801,A,N,D,C,A,A,H,-,A,A,0,NA,NA,NA,NA,Y,NA,A,07,0,1,1,0,0,0,0,0,0,-,-,NA,NA,SAN BERNARDINO,REDLANDS,-117.1855697631836,34.05548858642578
8614623,2018,2018-04-30,3611,2018-01-08,0714,1677,3611,1,5,5,3611,0,0,0,NA,0,003,FOOTHILL BL,13TH AV,0,NA,Y,B,C,N,NA,NA,NA,NA,NA,NA,NA,NA,NA,Y,4,0,2,2,A,-,09,21802,A,N,D,C,A,B,H,-,A,D,0,NA,NA,NA,NA,Y,NA,A,01,0,0,2,0,0,0,0,0,0,-,-,NA,NA,SAN BERNARDINO,UPLAND,-117.63352966308594,34.10723876953125
8614631,2018,2018-05-01,3611,2018-01-05,0655,3002,3611,5,5,5,3611,0,0,0,NA,0,001,FOOTHILL BL,SAN ANTONIO AV,788,E,N,A,-,N,NA,NA,NA,NA,NA,NA,NA,NA,NA,Y,4,0,1,2,A,-,09,21802,B,N,D,C,A,A,H,-,A,D,0,NA,NA,NA,NA,Y,NA,A,01,0,0,1,0,0,0,0,0,0,-,-,NA,NA,SAN BERNARDINO,UPLAND,-117.65819549560548,34.106990814208984
8615983,2018,2018-06-28,3604,2018-03-29,1935,1154,NA,4,5,6,3604,0,0,0,NA,0,NA,FOOTHILL BL,OLEANDER AV,0,NA,Y,A,-,N,NA,NA,NA,NA,NA,NA,NA,NA,NA,Y,4,0,1,2,A,-,09,21802,NA,N,D,C,A,A,H,-,C,A,0,NA,NA,NA,NA,Y,NA,A,01,0,0,1,0,0,0,0,0,0,-,-,NA,NA,SAN BERNARDINO,FONTANA,-117.44886779785156,34.1065788269043
8616135,2018,2018-05-16,3600,2018-04-17,1508,E2055,HE417,2,5,5,3619,0,0,0,NA,0,HE4,DANBURY AV,FAIRBURN ST,26,N,N,A,-,N,NA,NA,NA,NA,NA,NA,NA,NA,NA,Y,4,0,1,2,A,-,09,21802,A,N,D,C,A,A,H,-,A,A,0,NA,NA,NA,NA,Y,NA,A,07,0,0,1,0,0,0,0,0,0,-,-,NA,NA,SAN BERNARDINO,HESPERIA,-117.29703521728516,34.384765625
8618455,2018,2018-05-29,3608,2018-05-06,1941,3821,NA,7,5,5,3608,0,0,0,NA,0,NA,REDLANDS BL,IOWA ST,510,E,N,A,-,N,NA,NA,NA,NA,NA,NA,NA,NA,NA,Y,4,0,1,2,A,-,08,22107,NA,N,C,C,A,A,H,-,D,D,0,NA,NA,NA,NA,Y,NA,A,01,0,0,1,0,0,0,0,0,0,-,-,NA,NA,SAN BERNARDINO,REDLANDS,-117.21150207519533,34.06290817260742
8618574,2018,2018-07-31,3604,2018-04-13,1517,473,NA,5,5,6,3604,0,0,0,NA,0,NA,FOOTHILL BL,ALDER AV,35,W,N,A,G,N,NA,NA,NA,NA,NA,NA,NA,NA,NA,N,4,0,1,2,A,-,03,22350,NA,F,C,C,A,A,H,-,A,A,0,NA,NA,NA,NA,Y,NA,A,07,0,0,1,0,0,0,0,0,0,-,-,NA,NA,SAN BERNARDINO,FONTANA,-117.41847229003906,34.106689453125
8619383,2018,2018-07-03,3611,2018-03-26,1939,2297,3611,1,5,5,3611,0,0,0,NA,0,004,2ND AV,ARROW HWY,0,NA,Y,A,-,N,NA,NA,NA,NA,NA,NA,NA,NA,NA,Y,4,0,1,2,A,-,01,23152,A,N,D,C,A,A,H,-,C,A,0,NA,NA,NA,NA,Y,Y,A,01,0,0,1,0,0,0,0,0,0,-,-,NA,NA,SAN BERNARDINO,UPLAND,-117.64840698242188,34.0997314453125
8619593,2018,2018-05-30,3604,2018-05-13,1806,1163,NA,7,5,6,3604,0,0,0,NA,0,NA,DATE ST,ATHOL ST,200,S,N,A,-,N,NA,NA,NA,NA,NA,NA,NA,NA,NA,N,4,0,1,2,A,-,01,23152,F,F,G,B,E,A,H,-,A,D,0,Y,NA,NA,NA,Y,NA,A,01,0,0,1,0,1,0,0,0,0,-,-,NA,NA,SAN BERNARDINO,FONTANA,-117.44662475585938,34.08797073364258
8620573,2018,2018-05-24,3609,2018-05-12,2142,0456,158,6,5,5,3609,0,0,0,NA,0,003,CACTUS AV,RIALTO AV,1009,S,N,A,-,N,NA,NA,NA,NA,NA,NA,NA,NA,NA,Y,2,0,1,1,A,-,03,22350,NA,N,H,A,A,A,H,-,C,D,0,NA,NA,Y,NA,Y,NA,C,02,1,0,0,0,0,0,0,0,1,-,-,34.09659957885742,-117.38339996337892,SAN BERNARDINO,RIALTO,-117.38346099853516,34.09952926635742
8620581,2018,2018-05-24,3609,2018-05-15,0954,4247,159,2,5,5,3609,0,0,0,NA,0,003,CACTUS AV,JAMES ST,30,S,N,A,-,N,NA,NA,NA,NA,NA,NA,NA,NA,NA,N,4,0,1,1,A,-,08,22107,NA,N,E,A,A,A,H,-,A,D,0,NA,NA,Y,NA,Y,NA,C,02,0,0,1,0,0,0,0,0,1,-,-,34.08769989013672,-117.3834991455078,SAN BERNARDINO,RIALTO,-117.38340759277344,34.0881462097168