CASE_ID,ACCIDENT_YEAR,PROC_DATE,JURIS,COLLISION_DATE,COLLISION_TIME,OFFICER_ID,REPORTING_DISTRICT,DAY_OF_WEEK,CHP_SHIFT,POPULATION,CNTY_CITY_LOC,SPECIAL_COND,BEAT_TYPE,CHP_BEAT_TYPE,CITY_DIVISION_LAPD,CHP_BEAT_CLASS,BEAT_NUMBER,PRIMARY_RD,SECONDARY_RD,DISTANCE,DIRECTION,INTERSECTION,WEATHER_1,WEATHER_2,STATE_HWY_IND,CALTRANS_COUNTY,CALTRANS_DISTRICT,STATE_ROUTE,ROUTE_SUFFIX,POSTMILE_PREFIX,POSTMILE,LOCATION_TYPE,RAMP_INTERSECTION,SIDE_OF_HWY,TOW_AWAY,COLLISION_SEVERITY,NUMBER_KILLED,NUMBER_INJURED,PARTY_COUNT,PRIMARY_COLL_FACTOR,PCF_CODE_OF_VIOL,PCF_VIOL_CATEGORY,PCF_VIOLATION,PCF_VIOL_SUBSECTION,HIT_AND_RUN,TYPE_OF_COLLISION,MVIW,PED_ACTION,ROAD_SURFACE,ROAD_COND_1,ROAD_COND_2,LIGHTING,CONTROL_DEVICE,CHP_ROAD_TYPE,PEDESTRIAN_ACCIDENT,BICYCLE_ACCIDENT,MOTORCYCLE_ACCIDENT,TRUCK_ACCIDENT,NOT_PRIVATE_PROPERTY,ALCOHOL_INVOLVED,STWD_VEHTYPE_AT_FAULT,CHP_VEHTYPE_AT_FAULT,COUNT_SEVERE_INJ,COUNT_VISIBLE_INJ,COUNT_COMPLAINT_PAIN,COUNT_PED_KILLED,COUNT_PED_INJURED,COUNT_BICYCLIST_KILLED,COUNT_BICYCLIST_INJURED,COUNT_MC_KILLED,COUNT_MC_INJURED,PRIMARY_RAMP,SECONDARY_RAMP,LATITUDE,LONGITUDE,COUNTY,CITY,POINT_X,POINT_Y
8944913,2019,2019-10-02,3600,2019-08-24,2357,G4524,AP018,6,5,5,3621,0,0,0,NA,0,AP4,REDWING RD,LONE EAGLE RD,5,E,N,A,-,N,NA,NA,NA,NA,NA,NA,NA,NA,NA,N,3,0,2,1,A,-,03,22350,NA,N,F,J,A,A,H,-,D,A,0,NA,NA,NA,NA,Y,Y,M,96,0,2,0,0,0,0,0,0,0,-,-,NA,NA,SAN BERNARDINO,APPLE VALLEY,-117.20626068115234,34.481719970703125
8946841,2019,2019-10-08,3600,2019-09-09,1523,D4301,HE208,1,5,5,3619,0,0,0,NA,0,HE2,MOJAVE ST,PEACH AV,0,NA,Y,A,-,N,NA,NA,NA,NA,NA,NA,NA,NA,NA,Y,4,0,1,2,A,-,09,21802,A,N,D,C,A,A,H,-,A,A,0,NA,NA,NA,NA,Y,NA,D,22,0,0,1,0,0,0,0,0,0,-,-,NA,NA,SAN BERNARDINO,HESPERIA,-117.26349639892578,34.43838882446289
8947064,2019,2019-10-03,3600,2019-09-10,1559,G8023,HE108,2,5,5,3619,0,0,0,NA,0,HE1,3RD AV,BIRCH ST,90,S,N,A,-,N,NA,NA,NA,NA,NA,NA,NA,NA,NA,Y,4,0,1,3,A,-,07,21658,A,N,A,E,A,A,H,-,A,A,0,NA,NA,NA,NA,Y,NA,A,01,0,0,1,0,0,0,0,0,0,-,-,NA,NA,SAN BERNARDINO,HESPERIA,-117.30353546142578,34.46143341064453
8947537,2019,2019-10-09,3605,2019-09-18,1342,356,NA,3,5,4,3605,0,0,0,NA,0,NA,RAMONA AV,HOWARD ST,15,S,N,A,-,N,NA,NA,NA,NA,NA,NA,NA,NA,NA,Y,4,0,2,2,A,-,03,22350,NA,N,C,C,A,A,H,-,A,D,0,NA,NA,NA,NA,Y,Y,A,01,0,0,2,0,0,0,0,0,0,-,-,NA,NA,SAN BERNARDINO,MONTCLAIR,-117.70684051513672,34.052120208740234
8948566,2019,2019-09-27,3600,2019-07-29,1219,H8264,AD311,1,5,3,3613,0,0,0,NA,0,AD2,BELLFLOWER RD,VILLA ST,0,NA,-,A,-,N,NA,NA,NA,NA,NA,NA,NA,NA,NA,Y,4,0,1,2,A,-,08,22107,NA,N,G,C,A,-,H,-,A,-,0,NA,NA,NA,NA,Y,NA,-,NA,0,0,1,0,0,0,0,0,0,-,-,NA,NA,SAN BERNARDINO,ADELANTO,-117.41700744628906,34.517601013183594
8951458,2019,2019-10-23,3609,2019-10-02,1503,8510,RI098,3,5,5,3609,0,0,0,NA,0,002,BASELINE RD,RIVERSIDE AV,118,W,N,A,-,N,NA,NA,NA,NA,NA,NA,NA,NA,NA,Y,3,0,1,2,A,-,12,21453,A,N,D,C,A,A,H,-,A,A,0,NA,NA,NA,NA,Y,NA,-,NA,0,1,0,0,0,0,0,0,0,-,-,34.12139892578125,-117.37090301513672,SAN BERNARDINO,RIALTO,-117.37081146240234,34.1213493347168
8954124,2019,2019-11-07,3600,2019-09-20,2124,G5365,HI005,5,5,4,3618,0,0,0,NA,0,001,BASELINE ST,ROGERS LN,0,NA,Y,A,-,N,NA,NA,NA,NA,NA,NA,NA,NA,NA,N,4,0,1,2,A,-,11,21954,A,N,G,B,D,A,H,-,C,D,0,Y,NA,NA,NA,Y,NA,N,60,0,0,1,0,1,0,0,0,0,-,-,34.121280670166016,-117.23975372314452,SAN BERNARDINO,HIGHLAND,-117.24160766601563,34.12131118774414
8954254,2019,2019-10-16,3604,2019-08-17,1732,802,NA,6,5,6,3604,0,0,0,NA,0,003,VALLEY BL,INLAND EMPIRE CENTER,0,NA,Y,A,-,N,NA,NA,NA,NA,NA,NA,NA,NA,NA,Y,3,0,4,2,A,-,12,21453,A,N,D,C,A,A,H,-,A,A,0,NA,NA,NA,NA,Y,Y,-,-,0,1,3,0,0,0,0,0,0,-,-,NA,NA,SAN BERNARDINO,FONTANA,NA,NA
8955501,2019,2019-10-22,3610,2019-09-13,0625,51172,NA,5,5,6,3610,0,0,0,NA,0,DAVID,E 5TH ST,S LANKERSHIM AV,75,W,N,A,-,N,NA,NA,NA,NA,NA,NA,NA,NA,NA,Y,4,0,1,1,A,-,08,22107,NA,N,E,I,A,A,A,-,A,D,0,NA,NA,NA,NA,Y,NA,D,22,0,0,1,0,0,0,0,0,0,-,-,34.10845184326172,-117.23490142822266,SAN BERNARDINO,SAN BERNARDINO,-117.23516845703124,34.10845947265625
8955827,2019,2020-02-25,3610,2019-09-15,1502,50911,NA,7,5,6,3610,0,0,0,NA,0,ADAM,N PALM AV,RT 215,0,NA,Y,B,-,Y,SBD,8,215,-,-,13.974,R,4,N,N,4,0,2,2,A,-,09,21801,A,N,D,C,A,A,H,-,A,A,0,NA,NA,NA,NA,Y,NA,A,01,0,0,2,0,0,0,0,0,0,-,-,34.190250396728516,-117.36180114746094,SAN BERNARDINO,SAN BERNARDINO,-117.3595962524414,34.189945220947266
8956841,2019,2019-10-18,3610,2019-09-06,0800,50926,NA,5,5,6,3610,0,0,0,NA,0,POLICE,N MTN VIEW AVE,W 40TH ST,0,NA,Y,A,-,N,NA,NA,NA,NA,NA,NA,NA,NA,NA,N,4,0,1,2,A,-,12,21453,A,N,D,C,A,A,H,-,A,A,0,NA,NA,NA,NA,Y,NA,A,07,0,0,1,0,0,0,0,0,0,-,-,34.164920806884766,-117.28727722167967,SAN BERNARDINO,SAN BERNARDINO,-117.28729248046876,34.16490936279297
8956845,2019,2019-10-18,3610,2019-09-06,0624,51125,NA,5,5,6,3610,0,0,0,NA,0,POLICE,NORTH WATERMAN AV,E 36TH ST,0,NA,Y,A,-,N,NA,NA,NA,NA,NA,NA,NA,NA,NA,Y,2,0,1,2,A,-,09,21804,A,N,D,C,A,A,H,-,B,A,0,NA,NA,Y,NA,Y,NA,A,01,1,0,0,0,0,0,0,0,1,-,-,34.16490173339844,-117.27867889404295,SAN BERNARDINO,SAN BERNARDINO,-117.27867126464844,34.15663146972656
8956910,2019,2019-10-23,3600,2019-08-24,1411,D3381,VC066,6,5,5,3612,0,0,0,NA,0,VC4,AMARGOSA RD,PACOIMA RD,0,NA,Y,A,-,N,NA,NA,NA,NA,NA,NA,NA,NA,NA,Y,3,0,1,2,A,-,09,21804,A,N,D,C,A,A,H,-,A,A,0,NA,NA,NA,NA,Y,NA,A,01,0,1,0,0,0,0,0,0,0,-,-,NA,NA,SAN BERNARDINO,VICTORVILLE,NA,NA
8958797,2019,2019-10-31,3600,2019-10-09,1427,G5408,AP003,3,5,5,3621,0,0,0,NA,0,AP1,RANCHERIAS RD,CARLISLE RD,419,S,N,A,-,N,NA,NA,NA,NA,NA,NA,NA,NA,NA,N,4,0,1,2,A,-,03,22350,NA,N,C,C,A,A,H,-,A,D,0,NA,NA,NA,NA,Y,NA,A,01,0,0,1,0,0,0,0,0,0,-,-,NA,NA,SAN BERNARDINO,APPLE VALLEY,-117.22567749023438,34.5384521484375
8962026,2019,2019-10-23,3604,2019-09-24,0723,641,NA,2,5,6,3604,0,0,0,NA,0,NA,DUNCAN CANYON RD,SERRANO AV,0,NA,Y,A,-,N,NA,NA,NA,NA,NA,NA,NA,NA,NA,N,4,0,2,2,A,-,09,21802,A,N,D,C,A,A,H,-,A,A,0,NA,NA,NA,NA,Y,NA,A,07,0,0,2,0,0,0,0,0,0,-,-,NA,NA,SAN BERNARDINO,FONTANA,-117.47525024414063,34.16497039794922
8962558,2019,2019-10-24,3610,2019-09-08,2500,51080,0,7,5,6,3610,0,0,0,NA,0,BAKER,W 30TH ST,I ST,27,E,N,A,-,N,NA,NA,NA,NA,NA,NA,NA,NA,NA,Y,3,0,2,2,A,-,08,22107,NA,N,D,C,A,A,H,-,A,D,0,NA,NA,NA,NA,Y,NA,A,01,0,1,1,0,0,0,0,0,0,-,-,34.14683151245117,-117.30316162109376,SAN BERNARDINO,SAN BERNARDINO,-117.30307769775392,34.1468391418457
8962969,2019,2019-10-29,3610,2019-09-07,2138,50341,NA,6,5,6,3610,0,0,0,NA,0,BAKER,N E ST,MARSHALL BL,200,N,N,A,-,N,NA,NA,NA,NA,NA,NA,NA,NA,NA,N,3,0,1,2,A,-,11,21955,NA,M,G,B,D,A,H,-,-,A,0,Y,NA,NA,NA,Y,NA,N,60,0,1,0,0,1,0,0,0,0,-,-,34.15303039550781,-117.29402923583984,SAN BERNARDINO,SAN BERNARDINO,-117.29408264160156,34.150028228759766
8963180,2019,2019-11-19,3603,2019-09-08,0549,4546,CPD,7,5,4,3603,0,0,0,NA,0,003,AGUA MANSA RD,RIVERSIDE AV,500,E,N,A,-,N,NA,NA,NA,NA,NA,NA,NA,NA,NA,Y,3,0,1,2,A,-,00,22352,B,N,C,E,A,A,H,-,C,A,0,NA,NA,NA,NA,Y,Y,A,01,0,1,0,0,0,0,0,0,0,-,-,NA,NA,SAN BERNARDINO,COLTON,-117.36590576171876,34.0391845703125
8964175,2019,2019-10-31,3605,2019-08-23,2357,406,NA,5,5,4,3605,0,0,0,NA,0,NA,CENTRAL AV,RT 10,0,NA,Y,A,-,Y,NA,NA,NA,NA,NA,NA,NA,NA,NA,Y,2,0,2,2,D,-,00,NA,NA,N,D,C,A,A,H,-,C,A,0,NA,NA,Y,NA,Y,Y,-,-,1,1,0,0,0,0,0,0,1,-,-,NA,NA,SAN BERNARDINO,MONTCLAIR,-117.6897430419922,34.08557891845703
8967763,2019,2019-11-08,3600,2019-10-18,1745,F6913,RC034,5,5,6,3616,0,0,0,NA,0,005,HAVEN AV,7TH ST,50,S,N,A,-,N,NA,NA,NA,NA,NA,NA,NA,NA,NA,Y,4,0,1,2,A,-,03,22350,NA,N,C,C,A,A,H,-,A,A,0,NA,NA,NA,NA,Y,NA,A,01,0,0,1,0,0,0,0,0,0,-,-,NA,NA,SAN BERNARDINO,RANCHO CUCAMONGA,-117.57585906982422,34.08835220336914
8968570,2019,2019-11-14,3600,2019-10-10,1738,F7786,RC030,4,5,6,3616,0,0,0,NA,0,005,HERMOSA AV,FOOTHILL BL,100,S,N,A,-,N,NA,NA,NA,NA,NA,NA,NA,NA,NA,Y,4,0,1,2,A,-,08,22107,NA,N,D,C,A,A,H,-,B,D,0,NA,NA,NA,NA,Y,NA,A,01,0,0,1,0,0,0,0,0,0,-,-,NA,NA,SAN BERNARDINO,RANCHO CUCAMONGA,-117.58467864990234,34.10643768310547
8969336,2019,2019-12-31,3604,2019-10-15,0727,D171,F17G2,2,5,6,3604,0,0,0,NA,0,NA,MILLER AV,HEMLOCK AV,0,NA,Y,A,-,N,NA,NA,NA,NA,NA,NA,NA,NA,NA,N,3,0,1,2,A,-,03,22350,NA,N,H,G,A,A,H,-,A,A,0,NA,Y,NA,NA,Y,NA,A,01,0,1,0,0,0,0,1,0,0,-,-,NA,NA,SAN BERNARDINO,FONTANA,-117.47547912597656,34.11415100097656
8973199,2019,2020-01-10,3602,2019-11-02,0715,1256,NA,6,5,5,3602,0,0,0,NA,0,003,PIPELINE AV,GRAND AV,0,NA,Y,A,-,N,NA,NA,NA,NA,NA,NA,NA,NA,NA,Y,3,0,2,2,C,-,18,NA,NA,N,D,C,A,A,H,-,A,A,0,NA,NA,NA,NA,Y,NA,-,-,0,1,1,0,0,0,0,0,0,-,-,NA,NA,SAN BERNARDINO,CHINO,-117.71524810791016,33.99721908569336
8973318,2019,2019-11-08,3600,2019-08-24,1909,F8556,RC,6,5,6,3616,0,0,0,NA,0,RC020,MILLIKEN AV,BASELINE RD,0,NA,Y,A,-,N,NA,NA,NA,NA,NA,NA,NA,NA,NA,N,4,0,1,2,A,-,12,21453,A,N,B,C,A,A,H,-,A,A,0,NA,NA,NA,NA,Y,NA,A,01,0,0,1,0,0,0,0,0,0,-,-,NA,NA,SAN BERNARDINO,RANCHO CUCAMONGA,-117.55864715576172,34.121559143066406
8973349,2019,2019-11-06,3600,2019-07-04,0733,D3983,RC069,4,5,6,3616,0,0,0,NA,0,RC3,CRESTLINE PL,ARCADIA WY,37,N,N,A,-,N,NA,NA,NA,NA,NA,NA,NA,NA,NA,Y,3,0,1,1,A,-,01,23152,A,N,E,I,A,A,H,-,B,D,0,NA,NA,NA,NA,Y,Y,A,01,0,1,0,0,0,0,0,0,0,-,-,NA,NA,SAN BERNARDINO,RANCHO CUCAMONGA,-117.49461364746094,34.15254592895508
8974972,2019,2019-11-18,3611,2019-09-10,1943,3193,3611,2,5,5,3611,0,0,0,NA,0,002,7TH ST,BENSON AV,0,NA,Y,A,-,N,NA,NA,NA,NA,NA,NA,NA,NA,NA,N,4,0,1,2,A,-,09,21801,A,N,D,C,A,A,H,-,C,A,0,NA,NA,NA,NA,Y,NA,A,07,0,0,1,0,0,0,0,0,0,-,-,NA,NA,SAN BERNARDINO,UPLAND,-117.68087005615234,34.088741302490234
8975023,2019,2019-11-18,3611,2019-05-03,1150,2990,3611,5,5,5,3611,0,0,0,NA,0,002,SAN ANTONIO AV,ARROW HWY,0,NA,Y,A,-,N,NA,NA,NA,NA,NA,NA,NA,NA,NA,Y,4,0,1,4,A,-,12,21453,A,N,D,C,A,A,H,-,A,A,0,NA,NA,NA,NA,Y,NA,A,07,0,0,1,0,0,0,0,0,0,-,-,NA,NA,SAN BERNARDINO,UPLAND,-117.66078186035156,34.099700927734375
8975558,2019,2019-11-25,3602,2019-10-06,0500,3837,NA,7,5,5,3602,0,0,0,NA,0,NA,MONTE VISTA AV,TAFT ST,71,N,N,A,-,N,NA,NA,NA,NA,NA,NA,NA,NA,NA,Y,3,0,1,2,A,-,08,22107,NA,N,D,C,A,A,H,-,C,-,0,NA,NA,NA,NA,Y,NA,A,01,0,1,0,0,0,0,0,0,0,-,-,NA,NA,SAN BERNARDINO,CHINO,-117.69823455810548,34.04005432128906
8975578,2019,2019-11-25,3602,2019-10-19,1316,3800,NA,6,5,5,3602,0,0,0,NA,0,003,CHINO HILLS PKWY,LA PALMA DR,32,E,N,A,-,N,NA,NA,NA,NA,NA,NA,NA,NA,NA,Y,3,0,3,2,A,-,09,21804,A,N,C,C,A,A,H,-,A,D,0,NA,NA,NA,NA,Y,NA,A,01,0,1,2,0,0,0,0,0,0,-,-,NA,NA,SAN BERNARDINO,CHINO,-117.69151306152344,33.98276901245117
8975594,2019,2019-11-25,3602,2019-10-21,0917,3299,NA,1,5,5,3602,0,0,0,NA,0,001,RAMONA AV,WILSON ST,190,S,N,A,-,N,NA,NA,NA,NA,NA,NA,NA,NA,NA,Y,3,0,1,1,A,-,08,22107,NA,N,E,I,A,A,H,-,A,D,0,NA,NA,Y,NA,Y,NA,C,02,0,1,0,0,0,0,0,0,1,-,-,NA,NA,SAN BERNARDINO,CHINO,-117.70677185058594,34.021297454833984
8975670,2019,2019-11-22,3602,2019-09-14,1727,3639,NA,6,5,5,3602,0,0,0,NA,0,003,EDISON AV,MONTE VISTA AV,0,NA,Y,A,-,N,NA,NA,NA,NA,NA,NA,NA,NA,NA,Y,2,0,1,2,A,-,03,22350,A,N,A,C,A,A,H,-,A,A,0,NA,NA,NA,NA,Y,NA,A,01,1,0,0,0,0,0,0,0,0,-,-,NA,NA,SAN BERNARDINO,CHINO,-117.6977996826172,33.997249603271484
8978754,2019,2019-12-04,3600,2019-09-10,0753,G6918,VC070,2,5,5,3612,0,0,0,NA,0,VC5,COBALT RD,LUNA RD,0,NA,Y,A,-,N,NA,NA,NA,NA,NA,NA,NA,NA,NA,Y,3,0,2,2,A,-,12,22450,A,N,D,C,A,A,H,-,A,A,0,NA,NA,NA,NA,Y,NA,A,01,0,1,1,0,0,0,0,0,0,-,-,NA,NA,SAN BERNARDINO,VICTORVILLE,-117.37306213378906,34.492149353027344
8981114,2019,2020-01-14,3600,2019-11-15,0138,H5846,VC020,5,5,5,3612,0,0,0,NA,0,VC1,VICTOR ST,LOVES LN,93,W,N,A,-,N,NA,NA,NA,NA,NA,NA,NA,NA,NA,Y,3,0,2,1,A,-,01,23152,A,N,E,I,A,A,H,-,C,D,0,NA,NA,NA,NA,Y,Y,-,NA,0,2,0,0,0,0,0,0,0,-,-,NA,NA,SAN BERNARDINO,VICTORVILLE,-117.30791473388672,34.52327346801758
8982353,2019,2019-12-20,3610,2019-10-23,0957,50356,NA,3,5,6,3610,0,0,0,NA,0,NA,NORTH SIERRA WY,W BASELINE ST,0,NA,Y,A,-,N,NA,NA,NA,NA,NA,NA,NA,NA,NA,Y,4,0,2,2,A,-,12,21453,A,F,D,C,A,A,H,-,A,A,0,NA,NA,NA,NA,Y,NA,A,01,0,0,2,0,0,0,0,0,0,-,-,NA,NA,SAN BERNARDINO,SAN BERNARDINO,-117.28514862060548,34.121341705322266
8983454,2019,2020-01-27,3600,2019-10-20,1406,D4301,HE313,7,5,5,3619,0,0,0,NA,0,HE5,WALNUT ST,1ST AV,25,E,N,A,-,N,NA,NA,NA,NA,NA,NA,NA,NA,NA,Y,4,0,1,2,A,-,03,22350,NA,N,C,C,A,A,H,-,A,D,0,NA,NA,NA,NA,Y,NA,A,01,0,0,1,0,0,0,0,0,0,-,-,NA,NA,SAN BERNARDINO,HESPERIA,-117.30368041992188,34.4207763671875
8984533,2018,2019-12-07,3607,2018-06-09,0926,80418,49,6,5,6,3607,0,0,0,NA,0,032,4TH ST,RT 10,0,NA,Y,A,-,Y,NA,NA,NA,NA,NA,NA,NA,NA,NA,Y,4,0,4,2,A,-,03,22350,NA,N,C,C,A,A,H,-,A,A,0,NA,NA,NA,NA,Y,NA,A,07,0,0,4,0,0,0,0,0,0,-,EO,NA,NA,SAN BERNARDINO,ONTARIO,-117.62358856201172,34.07762908935547
8984537,2018,2020-05-29,3607,2018-06-09,1458,80527,10,6,5,6,3607,0,0,0,NA,0,021,EUCLID AV,6TH ST,30,N,N,A,-,Y,SBD,8,83,-,-,10.98,H,-,N,Y,4,0,2,3,A,-,03,22350,NA,N,C,C,A,A,H,-,A,A,0,NA,NA,NA,NA,Y,NA,A,01,0,0,2,0,0,0,0,0,0,-,-,NA,NA,SAN BERNARDINO,ONTARIO,-117.65093231201172,34.08542251586914
8984575,2018,2019-12-07,3607,2018-10-31,2206,80547,104,3,5,6,3607,0,0,0,NA,0,022,EUCLID AV,D ST,0,NA,Y,A,-,N,NA,NA,NA,NA,NA,NA,NA,NA,NA,N,3,0,3,3,A,-,01,23153,A,N,D,C,A,A,H,-,C,A,0,NA,NA,NA,NA,Y,NA,A,01,0,3,0,0,0,0,0,0,0,-,-,NA,NA,SAN BERNARDINO,ONTARIO,-117.65120697021484,34.06698989868164
8984634,2018,2019-12-07,3607,2018-10-25,0530,20000,25,4,5,6,3607,0,0,0,NA,0,021,EUCLID AV,5TH ST,200,N,N,A,-,N,NA,NA,NA,NA,NA,NA,NA,NA,NA,N,4,0,1,2,A,-,03,22350,NA,M,C,C,A,A,H,-,C,D,0,NA,NA,NA,NA,Y,NA,-,99,0,0,1,0,0,0,0,0,0,-,-,NA,NA,SAN BERNARDINO,ONTARIO,-117.65125274658205,34.08209991455078
8984814,2019,2019-12-31,3610,2019-09-08,1252,50789,NA,7,5,6,3610,0,0,0,NA,0,POLICE,W 9TH ST,N MT VIEW AV,0,NA,Y,A,-,N,NA,NA,NA,NA,NA,NA,NA,NA,NA,Y,3,0,3,3,A,-,12,21453,A,N,D,C,A,A,H,-,A,A,0,NA,NA,NA,NA,Y,NA,A,07,0,1,2,0,0,0,0,0,0,-,-,34.115779876708984,-117.28740692138672,SAN BERNARDINO,SAN BERNARDINO,-117.2873992919922,34.115779876708984
8986935,2019,2021-04-06,3607,2019-01-17,0335,80510,NA,4,5,6,3607,0,0,0,NA,0,NA,EUCLID AV,WALNUT ST,0,NA,Y,B,C,Y,SBD,8,83,-,-,6.913,I,5,S,Y,3,0,1,2,A,-,12,21453,A,N,D,C,A,B,H,-,C,A,0,NA,NA,NA,Y,Y,NA,G,25,0,1,0,0,0,0,0,0,0,-,-,NA,NA,SAN BERNARDINO,ONTARIO,-117.65100860595705,34.02657699584961
8988293,2019,2020-02-07,3600,2019-11-02,1537,B3951,HI002,6,5,4,3618,0,0,0,NA,0,HI3,WEBSTER ST,KANE CT,0,NA,-,A,-,N,NA,NA,NA,NA,NA,NA,NA,NA,NA,N,4,0,1,2,A,-,09,21801,A,N,D,C,A,A,H,-,A,D,0,NA,NA,NA,NA,Y,NA,-,NA,0,0,1,0,0,0,0,0,0,-,-,34.115909576416016,-117.18698120117188,SAN BERNARDINO,HIGHLAND,-117.18691253662108,34.11566925048828
8988360,2019,2020-01-30,3607,2019-09-16,1842,80545,3,1,5,6,3607,0,0,0,NA,0,031,8TH ST,VINEYARD AV,0,NA,Y,A,-,N,NA,NA,NA,NA,NA,NA,NA,NA,NA,Y,3,0,1,2,A,-,12,21453,A,N,D,C,A,A,H,-,B,A,0,NA,NA,NA,NA,Y,NA,D,22,0,1,0,0,0,0,0,0,0,-,-,NA,NA,SAN BERNARDINO,ONTARIO,-117.6111297607422,34.092079162597656
8991009,2019,2020-01-17,3608,2019-11-06,1001,4523,3608,3,5,5,3608,0,0,0,NA,0,NA,HIGHLAND AV,MONTEREY ST,0,NA,Y,A,-,N,NA,NA,NA,NA,NA,NA,NA,NA,NA,Y,3,0,1,2,A,-,09,21804,A,N,D,C,A,A,H,-,A,A,0,NA,NA,NA,NA,Y,NA,A,01,0,1,0,0,0,0,0,0,0,-,-,NA,NA,SAN BERNARDINO,REDLANDS,-117.18256378173828,34.03532028198242
8992081,2019,2021-04-06,3607,2019-02-16,1105,80410,22,6,5,6,3607,0,0,0,NA,0,011,EUCLID AV,H ST,0,NA,Y,B,-,Y,SBD,8,83,-,-,10.089,I,5,S,NA,3,0,1,2,A,-,09,21802,A,N,H,A,A,A,H,-,A,D,0,NA,NA,Y,NA,Y,NA,D,22,0,1,0,0,0,0,0,0,1,-,-,NA,NA,SAN BERNARDINO,ONTARIO,-117.65122985839844,34.0724983215332
8992084,2019,2019-12-31,3607,2019-04-01,1920,80249,78,1,5,6,3607,0,0,0,NA,0,041,INLAND EMPIRE BL,FERRARI LN,5,W,N,A,-,N,NA,NA,NA,NA,NA,NA,NA,NA,NA,Y,4,0,1,2,A,-,08,22107,NA,N,D,C,A,A,H,-,C,A,0,NA,NA,NA,NA,Y,NA,D,22,0,0,1,0,0,0,0,0,0,-,-,NA,NA,SAN BERNARDINO,ONTARIO,-117.56128692626952,34.07072830200195
8992109,2019,2021-04-06,3607,2019-02-20,1844,80533,400,3,5,6,3607,0,0,0,NA,0,062,EUCLID AV,RIVERSIDE DR,0,NA,Y,C,-,Y,SBD,8,83,-,-,6.413,I,5,N,Y,4,0,1,2,A,-,11,21456,B,N,D,C,A,B,H,-,C,A,0,NA,NA,NA,NA,Y,NA,A,07,0,0,1,0,0,0,0,0,0,-,-,NA,NA,SAN BERNARDINO,ONTARIO,-117.6506805419922,34.01934051513672
8992155,2019,2019-12-31,3607,2019-04-16,0959,80496,86,2,5,6,3607,0,0,0,NA,0,011,D ST,MOUNTAIN AV,0,NA,Y,A,-,N,NA,NA,NA,NA,NA,NA,NA,NA,NA,NA,3,0,1,4,A,-,12,21457,A,N,D,C,A,A,H,-,A,A,0,NA,NA,NA,NA,Y,NA,A,01,0,1,0,0,0,0,0,0,0,-,-,NA,NA,SAN BERNARDINO,ONTARIO,-117.67005920410156,34.06694030761719
8992869,2019,2019-12-03,3600,2019-09-23,1536,F8945,VC070,1,5,5,3612,0,0,0,NA,0,VC5,PALMDALE RD,AMETHYST RD,260,E,N,A,-,N,NA,NA,NA,NA,NA,NA,NA,NA,NA,N,3,0,2,2,A,-,03,22350,A,N,C,C,A,A,H,-,A,D,0,NA,NA,NA,NA,Y,NA,A,01,0,2,0,0,0,0,0,0,0,-,-,NA,NA,SAN BERNARDINO,VICTORVILLE,-117.3634033203125,34.50673294067383
8993150,2019,2019-12-16,3607,2019-03-14,1304,80313,209,4,5,6,3607,0,0,0,NA,0,071,GROVE AV,BELMONT ST,0,NA,Y,A,-,N,NA,NA,NA,NA,NA,NA,NA,NA,NA,NA,4,0,1,3,A,-,08,22100,A,N,H,A,A,A,H,-,A,A,0,NA,NA,NA,Y,Y,NA,F,26,0,0,1,0,0,0,0,0,0,-,-,NA,NA,SAN BERNARDINO,ONTARIO,-117.62863159179688,34.05183029174805
8994580,2019,2020-01-13,3607,2019-08-14,0530,80543,171,3,5,6,3607,0,0,0,NA,0,042,AIRPORT DR,DUPONT AV,0,NA,Y,A,-,N,NA,NA,NA,NA,NA,NA,NA,NA,NA,N,4,0,1,2,A,-,09,21802,A,N,D,C,A,A,H,-,C,D,0,NA,NA,NA,NA,Y,NA,A,01,0,0,1,0,0,0,0,0,0,-,-,NA,NA,SAN BERNARDINO,ONTARIO,-117.56226348876952,34.0620002746582
8994635,2019,2019-12-21,3607,2019-08-12,1207,80313,163,1,5,6,3607,0,0,0,NA,0,061,CAMPUS AV,CALIFORNIA ST,0,NA,Y,A,-,N,NA,NA,NA,NA,NA,NA,NA,NA,NA,N,4,0,1,2,A,-,08,22100,A,N,D,C,A,A,H,-,A,A,0,NA,NA,NA,Y,Y,NA,G,25,0,0,1,0,0,0,0,0,0,-,-,NA,NA,SAN BERNARDINO,ONTARIO,-117.64129638671876,34.05575180053711
8994783,2019,2019-12-21,3607,2019-08-21,1352,14780,216,3,5,6,3607,0,0,0,NA,0,042,PHILADELPHIA ST,ROCHESTER AV,0,NA,Y,A,-,N,NA,NA,NA,NA,NA,NA,NA,NA,NA,N,4,0,2,2,A,-,09,21801,A,N,D,C,A,A,H,-,A,D,0,NA,NA,NA,NA,Y,NA,D,22,0,0,2,0,0,0,0,0,0,-,-,NA,NA,SAN BERNARDINO,ONTARIO,-117.55110168457033,34.03342056274414
8996064,2019,2020-01-08,3600,2019-11-22,1654,G3926,HE306,5,5,5,3619,0,0,0,NA,0,HE3,MAIN ST,TOPAZ AV,698,W,N,A,-,N,NA,NA,NA,NA,NA,NA,NA,NA,NA,N,3,0,1,2,A,-,03,22350,NA,N,C,C,A,A,H,-,C,A,0,NA,NA,NA,NA,Y,NA,A,01,0,1,0,0,0,0,0,0,0,-,-,NA,NA,SAN BERNARDINO,HESPERIA,-117.35769653320313,34.42672348022461
8996709,2019,2019-12-24,3603,2019-10-03,1401,4251,CPD,4,5,4,3603,0,0,0,NA,0,002,WESTERN AV,ILLINOIS AV,0,NA,Y,A,-,N,NA,NA,NA,NA,NA,NA,NA,NA,NA,Y,4,0,1,3,A,-,09,21802,A,N,D,C,A,A,H,-,A,A,0,NA,NA,NA,NA,Y,NA,A,01,0,0,1,0,0,0,0,0,0,-,-,34.07706069946289,-117.30706024169922,SAN BERNARDINO,COLTON,-117.30706024169922,34.07704162597656