CASE_ID,ACCIDENT_YEAR,PROC_DATE,JURIS,COLLISION_DATE,COLLISION_TIME,OFFICER_ID,REPORTING_DISTRICT,DAY_OF_WEEK,CHP_SHIFT,POPULATION,CNTY_CITY_LOC,SPECIAL_COND,BEAT_TYPE,CHP_BEAT_TYPE,CITY_DIVISION_LAPD,CHP_BEAT_CLASS,BEAT_NUMBER,PRIMARY_RD,SECONDARY_RD,DISTANCE,DIRECTION,INTERSECTION,WEATHER_1,WEATHER_2,STATE_HWY_IND,CALTRANS_COUNTY,CALTRANS_DISTRICT,STATE_ROUTE,ROUTE_SUFFIX,POSTMILE_PREFIX,POSTMILE,LOCATION_TYPE,RAMP_INTERSECTION,SIDE_OF_HWY,TOW_AWAY,COLLISION_SEVERITY,NUMBER_KILLED,NUMBER_INJURED,PARTY_COUNT,PRIMARY_COLL_FACTOR,PCF_CODE_OF_VIOL,PCF_VIOL_CATEGORY,PCF_VIOLATION,PCF_VIOL_SUBSECTION,HIT_AND_RUN,TYPE_OF_COLLISION,MVIW,PED_ACTION,ROAD_SURFACE,ROAD_COND_1,ROAD_COND_2,LIGHTING,CONTROL_DEVICE,CHP_ROAD_TYPE,PEDESTRIAN_ACCIDENT,BICYCLE_ACCIDENT,MOTORCYCLE_ACCIDENT,TRUCK_ACCIDENT,NOT_PRIVATE_PROPERTY,ALCOHOL_INVOLVED,STWD_VEHTYPE_AT_FAULT,CHP_VEHTYPE_AT_FAULT,COUNT_SEVERE_INJ,COUNT_VISIBLE_INJ,COUNT_COMPLAINT_PAIN,COUNT_PED_KILLED,COUNT_PED_INJURED,COUNT_BICYCLIST_KILLED,COUNT_BICYCLIST_INJURED,COUNT_MC_KILLED,COUNT_MC_INJURED,PRIMARY_RAMP,SECONDARY_RAMP,LATITUDE,LONGITUDE,COUNTY,CITY,POINT_X,POINT_Y
90565203,2017,2017-10-09,9860,2017-09-23,1830,019706,NA,6,2,9,3600,0,3,5,NA,2,001,CAJON BLVD.,CAJON BLVD. (RTE 66),112,E,N,A,-,N,NA,NA,NA,NA,NA,NA,NA,NA,NA,Y,3,0,1,1,A,-,01,23152,A,N,E,I,A,A,H,-,A,D,0,NA,NA,Y,NA,Y,Y,C,02,0,1,0,0,0,0,0,0,1,-,-,34.22109,-117.40335,SAN BERNARDINO,UNINCORPORATED,-117.47922641,34.31302438
90565325,2017,2017-10-09,9860,2017-10-01,1800,021169,NA,7,2,9,3600,0,3,5,NA,2,004,CEDAR AVENUE (10000 BLOCK),BLOOMINGTON AVE,185,S,N,A,-,N,NA,NA,NA,NA,NA,NA,NA,NA,NA,N,4,0,1,2,A,-,03,22350,NA,N,C,C,A,A,H,-,A,A,0,NA,NA,NA,NA,Y,NA,A,01,0,0,1,0,0,0,0,0,0,-,-,34.07135,-117.39621,SAN BERNARDINO,UNINCORPORATED,-117.39624612,34.07150127
90565349,2017,2017-10-09,9860,2017-10-07,0656,019429,NA,6,1,9,3600,0,1,1,NA,2,151,I-15 S/B,MATTHEWS RANCH RD,2640,N,N,A,-,Y,NA,NA,15,NA,NA,NA,NA,NA,S,Y,4,0,1,2,A,-,03,22350,NA,N,C,C,A,A,H,-,A,D,0,NA,NA,NA,NA,Y,NA,A,01,0,0,1,0,0,0,0,0,0,-,-,34.24984,-117.44316,SAN BERNARDINO,UNINCORPORATED,-117.44319843,34.24975562
90565913,2017,2017-10-09,9835,2017-09-03,2245,21186,NA,7,3,9,3600,0,2,4,NA,1,017,IRWIN RD,BISHOP RD,208,N,N,A,-,N,NA,NA,NA,NA,NA,NA,NA,NA,NA,Y,1,1,0,1,A,-,08,22107,NA,N,E,I,A,A,H,-,D,D,0,NA,NA,NA,NA,Y,NA,A,01,0,0,0,0,0,0,0,0,0,-,-,34.95679,-117.01902,SAN BERNARDINO,UNINCORPORATED,-117.01909674,34.95673782
90566250,2017,2017-10-19,9870,2017-10-04,0855,013751,NA,3,1,9,3600,0,3,5,NA,2,003,SUNNY VISTA ROAD,ALTA LOMA DRIVE,140,N,N,A,-,N,NA,NA,NA,NA,NA,NA,NA,NA,NA,Y,4,0,1,2,A,-,08,22107,NA,N,B,E,A,A,H,-,A,D,0,NA,NA,NA,NA,Y,NA,A,01,0,0,1,0,0,0,0,0,0,-,-,34.12106,-116.33495,SAN BERNARDINO,UNINCORPORATED,-116.33544,34.12047
9056737,2020,2020-03-18,3609,2020-02-19,1913,3198,RI124,3,5,5,3609,0,0,0,NA,0,001,LILAC AV,VAN KOEVERING ST,260,S,N,A,-,N,NA,NA,NA,NA,NA,NA,NA,NA,NA,N,3,0,1,2,A,-,11,21954,A,N,G,B,D,A,H,-,C,D,0,Y,NA,NA,NA,Y,Y,A,01,0,1,0,0,1,0,0,0,0,-,-,34.111820220947266,-117.37918853759766,SAN BERNARDINO,RIALTO,-117.37913513183594,34.11186599731445
90568377,2017,2017-10-11,9855,2017-10-10,1020,012923,NA,2,1,9,3600,0,3,5,NA,2,001,REDWOOD AVENUE,OWEN STREET,475,S,N,A,-,N,NA,NA,NA,NA,NA,NA,NA,NA,NA,N,3,0,1,2,A,-,09,21801,A,N,D,C,A,A,H,-,A,D,0,NA,NA,NA,NA,Y,NA,A,01,0,1,0,0,0,0,0,0,0,-,-,34.10156,-117.48449,SAN BERNARDINO,UNINCORPORATED,-117.48444169,34.1012123
90513391,2017,2017-07-31,9860,2017-07-26,1345,014777,NA,3,1,9,3600,0,1,1,NA,2,151,I-15 S/B,KENWOOD AVENUE,726,N,N,A,-,Y,NA,NA,15,NA,NA,NA,NA,NA,S,Y,3,0,1,1,A,-,08,22107,NA,N,E,I,A,A,H,-,A,D,0,NA,NA,NA,NA,Y,NA,A,01,0,1,0,0,0,0,0,0,0,-,-,34.2379,-117.42723,SAN BERNARDINO,UNINCORPORATED,-117.42716257,34.23798985
90569717,2017,2017-10-13,9870,2017-10-04,1700,021782,NA,3,2,9,3600,0,3,5,NA,2,003,QUAIL SPRINGS ROAD,LOBO PASS ROAD,203,E,N,A,-,N,NA,NA,NA,NA,NA,NA,NA,NA,NA,Y,3,0,2,1,A,-,00,23153,G,N,E,I,A,A,H,-,A,D,0,NA,NA,NA,NA,Y,Y,A,01,0,2,0,0,0,0,0,0,0,-,-,34.09316,-116.28878,SAN BERNARDINO,UNINCORPORATED,-116.28917107,34.09304947
90514425,2017,2017-08-01,9855,2017-07-13,0155,016215,NA,4,3,5,3602,0,1,3,NA,2,071,SR-71 N/B (CHINO FWY),CHINO AVE.,2290,S,N,A,-,Y,NA,NA,71,NA,NA,NA,NA,NA,N,Y,2,0,1,2,A,-,01,23152,A,N,C,C,A,A,H,-,C,D,0,NA,NA,NA,Y,Y,Y,A,01,1,0,0,0,0,0,0,0,0,-,-,34.00638,-117.72843,SAN BERNARDINO,CHINO,-117.728463,34.00634672
90572276,2017,2017-10-18,9865,2017-10-07,1040,018392,NA,6,1,9,3600,0,1,3,NA,1,030,SR-18,KEYSTONE RD.,528,S,N,A,-,Y,NA,NA,18,NA,NA,NA,NA,NA,NA,Y,3,0,1,1,A,-,08,22107,NA,N,E,I,A,A,H,-,A,D,0,NA,NA,NA,NA,Y,NA,A,01,0,1,0,0,0,0,0,0,0,-,-,34.24032,-116.96871,SAN BERNARDINO,UNINCORPORATED,-116.96871499,34.24035356
90573658,2017,2017-10-18,9855,2017-10-13,0951,016829,NA,5,1,6,3607,0,1,1,NA,2,101,I-10 W/B (SAN BERNARDINO FWY),MILLIKEN AVE.,200,W,N,A,-,Y,NA,NA,10,NA,NA,NA,NA,NA,W,N,3,0,1,2,A,-,03,22350,NA,N,C,C,A,A,H,-,A,D,0,NA,NA,NA,NA,Y,NA,A,01,0,1,0,0,0,0,0,0,0,-,-,34.06707,-117.55945,SAN BERNARDINO,ONTARIO,-117.55944648,34.06757511
90515052,2017,2017-08-02,9855,2017-07-21,0845,019121,NA,5,1,5,3602,0,1,3,NA,2,603,SR-60 (POMONA FREEWAY) W/B,BENSON AVENUE,100,E,N,A,-,Y,NA,NA,60,NA,NA,NA,NA,NA,W,Y,4,0,2,4,A,-,03,22350,NA,N,C,C,A,A,H,-,A,D,0,NA,NA,NA,NA,Y,NA,A,01,0,0,2,0,0,0,0,0,0,-,-,34.03039,-117.68019,SAN BERNARDINO,CHINO,-117.68018996,34.03045155
90574089,2017,2017-10-19,9835,2017-10-13,1315,21160,NA,5,1,9,3600,0,2,4,NA,1,018,FORT IRWIN ROAD,MADRAGADOR ROAD,413,S,N,A,-,N,NA,NA,NA,NA,NA,NA,NA,NA,NA,Y,2,0,1,1,A,-,08,22107,NA,N,F,A,A,A,H,-,A,D,0,NA,NA,Y,NA,Y,NA,C,02,1,0,0,0,0,0,0,0,1,-,-,35.0312,-116.5257,SAN BERNARDINO,UNINCORPORATED,-116.88157532,35.05374139
90574320,2017,2017-10-19,9855,2017-10-14,1815,020533,NA,6,2,6,3607,0,1,1,NA,2,152,I-15 S/B (ONTARIO FWY),PHILADELPHIA ST.,420,N,N,A,-,Y,NA,NA,15,NA,NA,NA,NA,NA,S,Y,3,0,1,3,A,-,03,22350,NA,N,C,C,A,A,H,-,C,D,0,NA,NA,NA,NA,Y,NA,A,01,0,1,0,0,0,0,0,0,0,-,-,34.03467,-117.5505,SAN BERNARDINO,ONTARIO,-117.5504531,34.03466984
9057433,2020,2021-08-10,3611,2020-01-16,1825,3088,3611,4,5,5,3611,0,0,0,NA,0,004,FOOTHILL BL,5TH AV,115,E,N,A,-,N,NA,NA,NA,NA,NA,NA,NA,NA,NA,N,4,0,1,2,A,-,03,22350,NA,N,C,C,A,A,H,-,C,A,0,NA,NA,NA,NA,Y,NA,D,22,0,0,1,0,0,0,0,0,0,-,-,NA,NA,SAN BERNARDINO,UPLAND,-117.64353942871094,34.10702896118164
90575167,2017,2017-10-20,9855,2017-10-16,1953,017323,NA,1,2,9,3600,0,3,5,NA,2,001,ARROW RTE.,ILEX ST.,211,E,N,A,-,N,NA,NA,NA,NA,NA,NA,NA,NA,NA,Y,3,0,2,2,A,-,03,22350,NA,N,C,C,A,A,H,-,D,D,0,NA,NA,NA,NA,Y,NA,A,01,0,2,0,0,0,0,0,0,0,-,-,34.09913,-117.51268,SAN BERNARDINO,UNINCORPORATED,-117.51417,34.09909
9057518,2020,2021-08-03,3611,2020-01-30,1637,2297,3611,4,5,5,3611,0,0,0,NA,0,002,MOUNTAIN AV,7TH ST,0,NA,Y,A,-,N,NA,NA,NA,NA,NA,NA,NA,NA,NA,Y,4,0,3,2,A,-,09,21801,A,N,D,C,A,A,H,-,A,A,0,NA,NA,NA,NA,Y,NA,A,01,0,0,3,0,0,0,0,0,0,-,-,NA,NA,SAN BERNARDINO,UPLAND,-117.67012786865234,34.08877182006836
9057522,2020,2020-07-24,3610,2020-04-06,2157,NA,NA,1,5,6,3610,0,0,0,NA,0,BAKER,W COLLEGE AV,W KENDALL DR,890,S,N,C,-,N,NA,NA,NA,NA,NA,NA,NA,NA,NA,Y,3,0,1,1,A,-,00,22107,I,N,D,I,A,B,H,-,C,D,0,NA,NA,NA,NA,Y,NA,D,22,0,1,0,0,0,0,0,0,0,-,-,34.1732292175293,-117.33267211914063,SAN BERNARDINO,SAN BERNARDINO,NA,NA
9057646,2020,2020-07-08,3604,2020-03-01,1821,1098,NA,7,5,6,3604,0,0,0,NA,0,NA,VALLEY AV,ELM AV,430,E,N,C,-,N,NA,NA,NA,NA,NA,NA,NA,NA,NA,Y,4,0,1,2,A,-,03,22350,NA,N,C,E,A,B,H,-,C,D,0,NA,NA,NA,Y,Y,Y,A,01,0,0,1,0,0,0,0,0,0,-,-,NA,NA,SAN BERNARDINO,FONTANA,-117.4654541015625,34.07025146484375
90577011,2017,2017-10-24,9860,2017-10-18,1605,017919,NA,3,2,4,3603,0,1,1,NA,2,214,I-215 S/B,WASHINGTON ST,2610,S,N,A,-,Y,NA,NA,215,NA,NA,NA,NA,NA,S,N,4,0,1,2,A,-,03,22350,NA,N,C,C,A,A,H,-,A,D,0,NA,NA,NA,Y,Y,NA,G,25,0,0,1,0,0,0,0,0,0,-,-,34.04295,-117.31435,SAN BERNARDINO,COLTON,-117.31436915,34.04297722
90579688,2017,2017-10-26,9855,2017-10-23,0900,012923,NA,1,1,6,3607,0,1,3,NA,2,601,SR-60 E/B TO MILLIKEN AVE,MILLIKEN AVE.,45,W,N,A,-,Y,NA,NA,60,NA,NA,NA,R,NA,E,N,4,0,2,2,A,-,03,22350,NA,N,C,C,A,A,H,-,A,A,0,NA,NA,NA,NA,Y,NA,A,01,0,0,2,0,0,0,0,0,0,-,-,34.026,-117.565,SAN BERNARDINO,ONTARIO,-117.565,34.026
90579713,2017,2017-10-26,9860,2017-10-19,1825,020595,NA,4,2,6,3610,0,1,1,NA,2,103,I-10 E/B,HUNTS LANE,100,W,N,A,-,Y,NA,NA,10,NA,NA,NA,NA,NA,E,Y,4,0,1,2,A,-,03,22350,NA,N,C,C,A,A,H,-,B,D,0,NA,NA,Y,NA,Y,NA,C,02,0,0,1,0,0,0,0,0,1,-,-,34.06352,-117.28796,SAN BERNARDINO,SAN BERNARDINO,-117.2879553,34.0634503
90515564,2017,2017-08-03,9835,2017-07-24,0524,021522,NA,1,3,9,3600,0,1,3,NA,1,020,SR-127,BAKER BLVD,1584,N,N,A,-,Y,NA,NA,127,NA,NA,NA,NA,NA,NA,N,3,0,1,1,A,-,08,22107,NA,N,F,A,A,A,H,-,B,D,0,NA,NA,NA,NA,Y,NA,A,07,0,1,0,0,0,0,0,0,0,-,-,35.26999,-116.07514,SAN BERNARDINO,UNINCORPORATED,-116.07503192,35.26999
9058109,2020,2020-07-29,3609,2020-01-02,2238,7565,RI109,4,5,5,3609,0,0,0,NA,0,002,BASELINE RD,LILAC AV,227,E,N,A,-,N,NA,NA,NA,NA,NA,NA,NA,NA,NA,N,3,0,1,2,A,-,09,21804,A,N,B,C,A,A,H,-,C,D,0,NA,NA,NA,NA,Y,NA,D,22,0,1,0,0,0,0,0,0,0,-,-,34.12126922607422,-117.37835693359376,SAN BERNARDINO,RIALTO,-117.37841033935548,34.12141036987305
90582110,2017,2017-10-30,9835,2017-10-22,2159,21256,NA,7,2,3,3601,0,3,5,NA,2,032,JASPER RD,BIRCH RD,818,W,N,A,-,N,NA,NA,NA,NA,NA,NA,NA,NA,NA,Y,4,0,1,1,A,-,01,23152,A,N,E,I,A,A,H,-,D,D,0,NA,NA,NA,NA,Y,Y,A,07,0,0,1,0,0,0,0,0,0,-,-,34.52489,-117.63287,SAN BERNARDINO,BARSTOW,-117.10899719,34.88038483
90582224,2017,2017-12-25,9865,2017-10-22,1720,021720,NA,7,2,9,3600,0,3,5,NA,2,003,SHAY RD,BARRANCA BLVD,51,W,N,A,-,N,NA,NA,NA,NA,NA,NA,NA,NA,NA,Y,3,0,1,1,A,-,03,22350,NA,N,E,J,A,A,H,-,A,D,0,NA,NA,NA,NA,Y,Y,A,01,0,1,0,0,0,0,0,0,0,-,-,34.26473,-116.81927,SAN BERNARDINO,UNINCORPORATED,-116.81912111,34.26476311
90517975,2017,2017-08-07,9855,2017-07-28,1500,020367,NA,5,2,6,3607,0,1,1,NA,2,101,I-10 E/B (SAN BERNARDINO FWY),I-15,1000,E,N,A,-,Y,NA,NA,10,NA,NA,NA,NA,NA,E,Y,4,0,1,3,A,-,03,22350,NA,N,C,C,A,A,H,-,A,D,0,NA,NA,NA,NA,Y,NA,A,01,0,0,1,0,0,0,0,0,0,-,-,34.06732,-117.53859,SAN BERNARDINO,ONTARIO,-117.53859023,34.06729954
90518855,2017,2017-08-08,9835,2017-07-20,1323,020883,NA,4,1,3,3601,0,1,1,NA,2,076,I-15 N/B,HALLORAN SUMMIT RD,2112,N,N,A,-,Y,NA,NA,NA,NA,NA,NA,NA,NA,NA,Y,4,0,2,2,A,-,03,22350,NA,N,C,C,A,A,H,-,A,D,0,NA,NA,NA,NA,Y,NA,A,07,0,0,2,0,0,0,0,0,0,-,-,35.40488,-115.78475,SAN BERNARDINO,BARSTOW,-115.78482368,35.40488506
90547873,2017,2017-09-14,9860,2017-09-07,0701,012988,NA,4,1,9,3600,0,1,1,NA,2,152,I-15 SOUTHBOUND,SR-138,1056,S,N,A,-,Y,NA,NA,15,NA,NA,NA,NA,NA,S,Y,3,0,2,4,A,-,04,21703,NA,M,C,C,A,A,H,-,A,D,0,NA,NA,NA,NA,Y,NA,A,01,0,1,1,0,0,0,0,0,0,-,-,34.309309999999996,-117.47203,SAN BERNARDINO,UNINCORPORATED,-117.47204971,34.30928585
9054907,2020,2020-03-05,3602,2020-01-24,1718,3368,137,5,5,5,3602,0,0,0,NA,0,003,BOULDER ST,MONTE VISTA AV,570,W,N,A,-,N,NA,NA,NA,NA,NA,NA,NA,NA,NA,Y,3,0,1,2,A,-,06,21755,A,N,B,C,A,A,H,-,C,D,0,NA,NA,NA,Y,Y,NA,A,01,0,1,0,0,0,0,0,0,0,-,-,NA,NA,SAN BERNARDINO,CHINO,-117.69959259033205,33.98788833618164
90549432,2017,2017-09-18,9860,2017-09-15,1240,021587,NA,5,1,9,3600,0,1,1,NA,2,152,I-15 S/B,SR-138,3168,N,N,A,-,Y,NA,NA,15,NA,NA,NA,NA,NA,S,N,4,0,2,2,A,-,01,23152,A,N,C,C,A,A,H,-,A,D,0,NA,NA,NA,NA,Y,Y,A,01,0,0,2,0,0,0,0,0,0,-,-,34.31884,-117.481,SAN BERNARDINO,UNINCORPORATED,-117.48092977,34.31887353
90586376,2017,2017-11-02,9860,2017-10-25,1645,016658,NA,3,2,6,3610,0,1,1,NA,2,104,I-10 E/B,TIPPECANOE AVE. U/C,2640,W,N,A,-,Y,NA,NA,10,NA,NA,NA,NA,NA,E,Y,4,0,1,2,A,-,03,22350,NA,N,C,C,A,A,H,-,A,D,0,NA,NA,NA,NA,Y,NA,A,01,0,0,1,0,0,0,0,0,0,-,-,34.06379,-117.27189,SAN BERNARDINO,SAN BERNARDINO,-117.2718926,34.06367749
9058872,2019,2020-03-12,3611,2019-12-27,1345,3313,3611,5,5,5,3611,0,0,0,NA,0,002,ARROW HWY,MOUNTAIN AV,30,W,N,A,-,N,NA,NA,NA,NA,NA,NA,NA,NA,NA,Y,4,0,1,2,A,-,08,22107,NA,N,B,C,A,A,H,-,A,A,0,NA,NA,NA,NA,Y,NA,A,08,0,0,1,0,0,0,0,0,0,-,-,NA,NA,SAN BERNARDINO,UPLAND,-117.67034912109376,34.09967041015625
90555083,2017,2017-09-25,9855,2017-09-13,1255,016889,NA,3,1,9,3600,0,1,1,NA,2,101,I-10 E/B (SAN BERNARDINO FWY),CHERRY AVE.,3325,W,N,A,-,Y,NA,NA,10,NA,NA,NA,NA,NA,E,Y,4,0,1,2,C,-,18,NA,NA,N,D,C,A,A,H,-,A,D,0,NA,NA,NA,Y,Y,NA,-,-,0,0,1,0,0,0,0,0,0,-,-,34.06549,-117.49897,SAN BERNARDINO,UNINCORPORATED,-117.49897116,34.06554211
90593039,2017,2017-11-13,9855,2017-10-28,1440,020006,NA,6,2,6,3607,0,1,1,NA,2,103,I-10 W/B (SAN BERNARDINO FWY),MOUNTAIN AVE.,1000,W,N,A,-,Y,NA,NA,10,NA,NA,NA,NA,NA,W,Y,3,0,1,3,A,-,01,23152,A,M,B,C,A,A,H,-,A,D,0,NA,NA,NA,NA,Y,Y,A,01,0,1,0,0,0,0,0,0,0,-,-,34.08737,-117.67465,SAN BERNARDINO,ONTARIO,-117.67464942,34.08738613
90593237,2017,2017-11-13,9860,2017-11-10,1900,020626,NA,5,2,6,3610,0,1,3,NA,2,259,SR-259 S/B,BASELINE ST.,540,N,N,A,-,Y,NA,NA,NA,NA,NA,NA,NA,NA,NA,Y,2,0,2,1,A,-,01,23152,F,N,E,I,A,A,H,-,C,D,0,NA,NA,NA,NA,Y,NA,A,01,1,1,0,0,0,0,0,0,0,-,-,34.12309,-117.30284,SAN BERNARDINO,SAN BERNARDINO,NA,NA
90562774,2017,2018-07-12,9860,2017-10-02,0740,016651,NA,1,1,6,3610,0,1,1,NA,2,214,I-215 S/B,MILL ST,200,N,N,A,-,Y,NA,NA,215,NA,NA,NA,NA,NA,S,Y,4,0,1,6,A,-,03,22350,NA,N,C,C,A,A,H,-,A,D,0,NA,NA,NA,NA,Y,NA,A,01,0,0,1,0,0,0,0,0,0,-,-,34.09286,-117.30199,SAN BERNARDINO,SAN BERNARDINO,-117.30199224,34.09285997
90565112,2017,2017-10-06,9860,2017-09-29,1518,021620,NA,5,2,9,3600,0,1,1,NA,2,151,I-15 N/B,MATHEWS RANCH RD,1056,N,N,A,-,Y,NA,NA,15,NA,NA,NA,NA,NA,N,Y,4,0,1,3,A,-,08,22107,NA,F,C,C,A,A,H,-,A,D,0,NA,NA,Y,NA,Y,NA,-,99,0,0,1,0,0,0,0,0,1,-,-,34.24871,-117.44042,SAN BERNARDINO,UNINCORPORATED,-117.44036039,34.24883535
90527332,2017,2017-08-21,9835,2017-07-07,1410,021205,NA,5,2,9,3600,0,1,3,NA,1,013,SR-58 E/B,US-395,7392,W,N,A,-,Y,NA,NA,58,NA,NA,NA,NA,NA,E,Y,1,2,2,3,A,-,03,22350,NA,N,C,C,A,A,H,-,A,D,0,NA,NA,NA,Y,Y,NA,G,25,0,1,1,0,0,0,0,0,0,-,-,34.99357,-117.56642,SAN BERNARDINO,UNINCORPORATED,-117.56641944,34.99358162
90569664,2017,2017-10-13,9860,2017-10-06,2220,021149,NA,5,3,6,3610,0,1,1,NA,2,216,I-215 S/B,16TH ST.,180,N,N,A,-,Y,NA,NA,215,NA,NA,NA,NA,NA,S,Y,4,0,2,2,A,-,08,22107,NA,N,C,E,A,A,H,-,C,D,0,NA,NA,NA,NA,Y,NA,A,01,0,0,2,0,0,0,0,0,0,-,-,34.12893,-117.30381,SAN BERNARDINO,SAN BERNARDINO,-117.3038434,34.12891152
90595984,2017,2017-11-16,9855,2017-07-17,0325,020664,NA,1,3,6,3604,0,1,1,NA,2,201,SR-210 E/B (FOOTHILL FWY),SIERRA AVE.,237,W,N,A,-,Y,NA,NA,210,NA,NA,NA,NA,NA,E,Y,1,1,0,1,A,-,08,22107,NA,N,E,I,A,A,H,-,C,D,0,NA,NA,NA,NA,Y,Y,A,01,0,0,0,0,0,0,0,0,0,-,-,34.13609,-117.43717,SAN BERNARDINO,FONTANA,-117.43716893,34.13625041
90596038,2017,2017-11-16,9855,2017-11-07,2120,018335,NA,2,2,9,3600,0,3,5,NA,2,001,VALLEY BOULEVARD (14900 BLOCK),LIVE OAK AVENUE,25,E,N,A,-,N,NA,NA,NA,NA,NA,NA,NA,NA,NA,N,4,0,1,2,A,-,03,22350,NA,N,C,C,A,A,H,-,C,A,0,NA,NA,Y,NA,Y,NA,A,01,0,0,1,0,0,0,0,0,1,-,-,34.07039,-117.47972,SAN BERNARDINO,UNINCORPORATED,-117.47986768,34.07021
90529908,2017,2017-08-24,9835,2017-08-22,1248,016227,NA,2,1,9,3600,0,1,1,NA,2,073,I-15 S/B,AFTON RD.,13728,S,N,A,-,Y,NA,NA,15,NA,NA,NA,NA,NA,S,Y,3,0,2,1,A,-,08,22107,NA,N,E,I,A,A,H,-,A,D,0,NA,NA,NA,NA,Y,NA,A,01,0,1,1,0,0,0,0,0,0,-,-,35.04674,-116.44977,SAN BERNARDINO,UNINCORPORATED,-116.44975161,35.04671187
90533716,2017,2017-08-25,9855,2017-08-16,1540,016829,NA,3,2,6,3607,0,1,1,NA,2,101,I-10 E/B (SAN BERNARDINO FWY),ETIWANDA AVE.,100,W,N,A,-,Y,NA,NA,10,NA,NA,NA,NA,NA,E,N,4,0,1,3,A,-,03,22350,NA,N,C,C,A,A,H,-,A,D,0,NA,NA,NA,NA,Y,NA,A,01,0,0,1,0,0,0,0,0,0,-,-,34.06756,-117.52498,SAN BERNARDINO,ONTARIO,-117.52497639,34.06739581
90596890,2017,2017-11-17,9865,2017-11-15,0730,013542,NA,3,1,9,3600,0,1,3,NA,1,039,SR-38,US FOREST SERVICE ROAD 2N04,1056,E,N,B,-,Y,NA,NA,38,NA,NA,NA,NA,NA,NA,Y,4,0,1,1,A,-,08,22107,NA,N,E,I,A,A,H,-,A,D,0,NA,NA,NA,NA,Y,NA,D,22,0,0,1,0,0,0,0,0,0,-,-,34.22212,-116.75985,SAN BERNARDINO,UNINCORPORATED,-116.75989936,34.22206224
90597410,2017,2017-11-20,9860,2017-11-13,0054,021138,NA,1,3,6,3610,0,1,1,NA,2,202,SR-210 E/B TO DEL ROSA AVE,DEL ROSA AVE,30,W,N,A,-,Y,NA,NA,210,NA,NA,NA,R,NA,E,N,4,0,1,2,A,-,03,22350,NA,F,C,C,A,A,H,-,C,D,0,NA,NA,NA,NA,Y,NA,A,07,0,0,1,0,0,0,0,0,0,-,-,34.14212,-117.25268,SAN BERNARDINO,SAN BERNARDINO,-117.25268,34.14212
9053488,2020,2020-05-20,3603,2020-02-18,1110,4012,CPD,2,5,4,3603,0,0,0,NA,0,003,ROSEDALE AV,LA LOMA AV,0,NA,Y,A,-,N,NA,NA,NA,NA,NA,NA,NA,NA,NA,N,4,0,1,2,A,-,08,22107,NA,N,B,C,A,A,H,-,A,A,0,NA,NA,NA,NA,Y,NA,A,01,0,0,1,0,0,0,0,0,0,-,-,34.02748107910156,-117.33737182617188,SAN BERNARDINO,COLTON,-117.33738708496094,34.02743911743164
90598834,2017,2017-11-20,9860,2017-11-10,0910,018858,NA,5,1,6,3604,0,1,1,NA,2,201,SR-210 W/B FROM SIERRA AVE,SIERRA AVE,50,E,N,B,-,Y,NA,NA,210,NA,NA,NA,R,NA,W,Y,3,0,1,1,A,-,08,22107,NA,N,F,A,A,A,H,-,A,D,0,NA,NA,Y,NA,Y,NA,C,02,0,1,0,0,0,0,0,0,1,-,-,34.13655,-117.43576,SAN BERNARDINO,FONTANA,-117.43576,34.13655
90599854,2017,2019-05-01,9835,2017-09-08,1823,019989,NA,5,2,9,3600,0,1,1,NA,2,077,I-15 N/B,NIPTON ROAD,6283,S,N,B,C,Y,NA,NA,NA,NA,NA,NA,NA,NA,NA,Y,1,1,4,3,A,-,03,22350,NA,N,A,C,A,B,H,-,A,D,0,NA,NA,NA,NA,Y,NA,A,01,3,0,1,0,0,0,0,0,0,-,-,35.2745,-115.2756,SAN BERNARDINO,UNINCORPORATED,-115.46469027,35.46239878
90600816,2017,2017-11-22,9860,2017-11-14,1725,016658,NA,2,2,5,3608,0,1,1,NA,2,105,I-10 E/B,UNIVERSITY ST. U/C,1056,W,N,A,-,Y,NA,NA,10,NA,NA,NA,NA,NA,E,Y,4,0,1,2,A,-,03,22350,NA,N,C,C,A,A,H,-,D,D,0,NA,NA,NA,NA,Y,NA,A,01,0,0,1,0,0,0,0,0,0,-,-,34.05863,-117.17111,SAN BERNARDINO,REDLANDS,-117.17116567,34.05851713
90601833,2017,2017-11-27,9860,2017-11-14,0350,020282,NA,2,3,9,3600,0,1,1,NA,2,152,I-15 S/B,SR-138,6336,N,N,A,-,Y,NA,NA,15,NA,NA,NA,NA,NA,S,Y,4,0,1,3,A,-,03,22350,NA,N,C,C,A,A,H,-,C,D,0,NA,NA,NA,NA,Y,NA,D,22,0,0,1,0,0,0,0,0,0,-,-,34.32868,-117.48236,SAN BERNARDINO,UNINCORPORATED,-117.48242008,34.32867704
90601841,2017,2017-11-27,9860,2017-11-17,1625,016646,NA,5,2,4,3603,0,1,1,NA,2,214,I-215 N/B,WASHINGTON STREET,200,N,N,A,-,Y,NA,NA,215,NA,NA,NA,NA,NA,N,Y,3,0,2,2,A,-,03,22350,NA,N,C,C,A,A,H,-,A,A,0,NA,NA,NA,NA,Y,NA,A,01,0,2,0,0,0,0,0,0,0,-,-,34.04857,-117.30586,SAN BERNARDINO,COLTON,-117.30592668,34.04866474
90536920,2017,2017-08-30,9855,2017-08-24,2230,018000,NA,4,3,6,3607,0,1,3,NA,2,601,SR-60 E/B (POMONA FWY),MILLIKEN AVE.,360,W,N,A,-,Y,NA,NA,60,NA,NA,NA,NA,NA,E,Y,4,0,2,2,A,-,03,22350,NA,N,C,C,A,A,H,-,C,D,0,NA,NA,NA,NA,Y,NA,D,22,0,0,2,0,0,0,0,0,0,-,-,34.02418,-117.55966,SAN BERNARDINO,ONTARIO,-117.55962716,34.02430076