CASE_ID,ACCIDENT_YEAR,PROC_DATE,JURIS,COLLISION_DATE,COLLISION_TIME,OFFICER_ID,REPORTING_DISTRICT,DAY_OF_WEEK,CHP_SHIFT,POPULATION,CNTY_CITY_LOC,SPECIAL_COND,BEAT_TYPE,CHP_BEAT_TYPE,CITY_DIVISION_LAPD,CHP_BEAT_CLASS,BEAT_NUMBER,PRIMARY_RD,SECONDARY_RD,DISTANCE,DIRECTION,INTERSECTION,WEATHER_1,WEATHER_2,STATE_HWY_IND,CALTRANS_COUNTY,CALTRANS_DISTRICT,STATE_ROUTE,ROUTE_SUFFIX,POSTMILE_PREFIX,POSTMILE,LOCATION_TYPE,RAMP_INTERSECTION,SIDE_OF_HWY,TOW_AWAY,COLLISION_SEVERITY,NUMBER_KILLED,NUMBER_INJURED,PARTY_COUNT,PRIMARY_COLL_FACTOR,PCF_CODE_OF_VIOL,PCF_VIOL_CATEGORY,PCF_VIOLATION,PCF_VIOL_SUBSECTION,HIT_AND_RUN,TYPE_OF_COLLISION,MVIW,PED_ACTION,ROAD_SURFACE,ROAD_COND_1,ROAD_COND_2,LIGHTING,CONTROL_DEVICE,CHP_ROAD_TYPE,PEDESTRIAN_ACCIDENT,BICYCLE_ACCIDENT,MOTORCYCLE_ACCIDENT,TRUCK_ACCIDENT,NOT_PRIVATE_PROPERTY,ALCOHOL_INVOLVED,STWD_VEHTYPE_AT_FAULT,CHP_VEHTYPE_AT_FAULT,COUNT_SEVERE_INJ,COUNT_VISIBLE_INJ,COUNT_COMPLAINT_PAIN,COUNT_PED_KILLED,COUNT_PED_INJURED,COUNT_BICYCLIST_KILLED,COUNT_BICYCLIST_INJURED,COUNT_MC_KILLED,COUNT_MC_INJURED,PRIMARY_RAMP,SECONDARY_RAMP,LATITUDE,LONGITUDE,COUNTY,CITY,POINT_X,POINT_Y
91011062,2019,2019-06-17,9850,2019-06-08,1100,014858,NA,6,1,9,3600,0,1,3,NA,2,040,SR-18,RABBIT SPRINGS ROAD,524,E,N,A,-,Y,NA,NA,18,NA,NA,NA,NA,NA,NA,Y,3,0,1,2,A,-,09,21801,A,N,D,C,A,A,H,-,A,D,0,NA,NA,NA,NA,Y,NA,D,22,0,1,0,0,0,0,0,0,0,-,-,34.44997024536133,-117.00415802001952,SAN BERNARDINO,UNINCORPORATED,-117.0041732788086,34.44991683959961
91011808,2019,2019-06-17,9860,2019-06-10,0110,021587,NA,1,3,5,3609,0,1,1,NA,2,201,SR-210 E/B,AYALA DR,320,E,N,A,-,Y,NA,NA,210,NA,NA,NA,NA,NA,E,Y,4,0,1,2,A,-,03,22350,NA,N,C,C,A,A,H,-,D,D,0,NA,NA,NA,NA,Y,Y,A,01,0,0,1,0,0,0,0,0,0,-,-,34.13568115234375,-117.39102935791016,SAN BERNARDINO,RIALTO,-117.39102935791016,34.135738372802734
9101183,2020,2020-06-30,3607,2020-03-13,2050,20270,45,5,5,6,3607,0,0,0,NA,0,021,4TH ST,SAN ANTONIO AV,200,W,N,B,-,N,NA,NA,NA,NA,NA,NA,NA,NA,NA,NA,4,0,2,2,A,-,06,21750,A,M,B,C,A,B,H,-,C,A,0,NA,NA,NA,NA,Y,NA,D,22,0,0,2,0,0,0,0,0,0,-,-,NA,NA,SAN BERNARDINO,ONTARIO,-117.66133880615234,34.07789611816406
91012396,2019,2019-06-18,9855,2019-06-10,0205,020161,NA,1,3,6,3616,0,1,1,NA,2,201,SR-210 W/B (FOOTHILL FWY),ETIWANDA AVE.,500,E,N,A,-,Y,NA,NA,210,NA,NA,NA,NA,NA,W,Y,3,0,1,2,A,-,01,23152,A,N,C,C,A,A,H,-,C,D,0,NA,NA,NA,NA,Y,Y,A,01,0,1,0,0,0,0,0,0,0,-,-,34.13655090332031,-117.52101135253906,SAN BERNARDINO,RANCHO CUCAMONGA,-117.52101135253906,34.13650131225586
91012440,2019,2019-06-18,9855,2019-06-12,1730,017506,NA,3,2,5,3611,0,1,1,NA,2,203,SR-210 E/B (FOOTHILL FWY),MOUNTAIN AVE.,1500,W,N,A,-,Y,NA,NA,210,NA,NA,NA,NA,NA,E,Y,4,0,1,3,A,-,03,22350,NA,N,C,C,A,A,H,-,A,D,0,NA,NA,NA,NA,Y,NA,A,01,0,0,1,0,0,0,0,0,0,-,-,34.13434982299805,-117.67514801025392,SAN BERNARDINO,UPLAND,-117.67512512207033,34.134239196777344
9101399,2020,2020-10-31,3600,2020-05-05,1112,E6889,HE309,2,5,5,3619,0,0,0,NA,0,HE5,MAIN ST,MAPLE AV,46200,W,N,A,-,N,NA,NA,NA,NA,NA,NA,NA,NA,NA,Y,3,0,1,2,A,-,10,21950,A,F,G,B,B,A,H,-,A,A,0,Y,NA,NA,NA,Y,NA,A,01,0,1,0,0,1,0,0,0,0,-,-,NA,NA,SAN BERNARDINO,HESPERIA,-117.38027191162108,34.426448822021484
91014956,2019,2019-06-21,9860,2019-06-12,1252,015495,NA,3,1,9,3600,0,3,5,NA,2,002,CAJON BLVD,KENDALL DR,0,NA,Y,A,-,N,NA,NA,NA,NA,NA,NA,NA,NA,NA,Y,4,0,1,2,A,-,12,22450,A,N,D,C,A,A,H,-,A,A,0,NA,NA,NA,Y,Y,NA,A,01,0,0,1,0,0,0,0,0,0,-,-,34.20750045776367,-117.3857879638672,SAN BERNARDINO,UNINCORPORATED,-117.38587951660156,34.20764923095703
91016173,2019,2019-06-24,9835,2019-06-20,2218,022143,NA,4,3,9,3600,0,3,5,NA,2,032,NATIONAL TRAILS HIGHWAY,OAK GROVE RD,47,E,N,A,G,N,NA,NA,NA,NA,NA,NA,NA,NA,NA,Y,1,1,1,1,A,-,01,23152,A,N,E,I,A,A,H,-,D,D,0,NA,NA,NA,NA,Y,Y,A,01,0,1,0,0,0,0,0,0,0,-,-,34.837398529052734,-117.16600036621094,SAN BERNARDINO,UNINCORPORATED,-117.1675262451172,34.83644485473633
91017173,2019,2019-06-25,9860,2019-06-13,0838,016800,NA,4,1,4,3603,0,1,1,NA,2,214,I-215 S/B,BARTON RD,1700,S,N,A,-,Y,NA,NA,215,NA,NA,NA,NA,NA,S,Y,3,0,3,2,A,-,03,22350,NA,N,C,C,A,A,D,E,A,D,0,NA,NA,NA,NA,Y,NA,A,01,0,3,0,0,0,0,0,0,0,-,-,34.03034973144531,-117.32895660400392,SAN BERNARDINO,COLTON,-117.32901763916016,34.03041458129883
91019132,2019,2019-10-01,9855,2019-03-11,1255,013860,NA,1,1,9,3600,0,1,3,NA,1,011,MERRILL AVE (15000 BLOCK),HEMLOCK AVE.,268,W,N,A,-,N,NA,NA,NA,NA,NA,NA,NA,NA,NA,N,1,1,0,2,A,-,08,22107,NA,N,D,G,A,A,H,-,A,D,0,NA,Y,NA,NA,Y,NA,L,04,0,0,0,0,0,1,0,0,0,-,-,34.09189987182617,-117.47640228271484,SAN BERNARDINO,UNINCORPORATED,-117.47639465332033,34.092010498046875
91021310,2019,2019-07-01,9860,2019-06-20,1443,016646,NA,4,2,9,3600,0,3,5,NA,2,002,5TH STREET,COOLEY AVENUE,131,W,N,A,-,N,NA,NA,NA,NA,NA,NA,NA,NA,NA,Y,2,0,1,2,A,-,09,21801,A,N,D,C,A,A,H,-,A,D,0,NA,NA,NA,NA,Y,NA,A,07,1,0,0,0,0,0,0,0,0,-,-,34.108360290527344,-117.27594757080078,SAN BERNARDINO,UNINCORPORATED,-117.27581787109376,34.108341217041016
91021552,2019,2019-07-01,9855,2019-06-26,0615,020664,NA,3,1,6,3607,0,1,1,NA,2,103,I-10 E/B (SAN BERNARDINO FWY),6TH ST,50,W,N,B,-,Y,NA,NA,10,NA,NA,NA,NA,NA,E,Y,2,0,1,2,A,-,07,21658,A,F,E,A,A,A,H,-,A,D,0,NA,NA,Y,NA,Y,NA,-,99,1,0,0,0,0,0,0,0,1,-,-,34.08544158935547,-117.63706207275392,SAN BERNARDINO,ONTARIO,-117.6370849609375,34.08538055419922
91022460,2019,2019-07-02,9860,2019-06-26,0717,019251,NA,3,1,6,3610,0,1,1,NA,2,214,I-215 S/B,INLAND CENTER DR,2112,N,N,A,-,Y,NA,NA,215,NA,NA,NA,NA,NA,S,Y,4,0,1,4,A,-,03,22350,NA,N,C,C,A,A,H,-,A,C,0,NA,NA,NA,NA,Y,NA,A,01,0,0,1,0,0,0,0,0,0,-,-,34.091041564941406,-117.30188751220705,SAN BERNARDINO,SAN BERNARDINO,-117.30200958251952,34.091041564941406
91022664,2019,2019-07-02,9850,2019-06-17,1725,018211,NA,1,2,9,3600,0,2,4,NA,2,057,SHEEP CREEK RD,AMADOR RD,5,N,N,A,-,N,NA,NA,NA,NA,NA,NA,NA,NA,NA,Y,4,0,1,1,A,-,08,22107,NA,N,E,I,A,A,H,-,A,D,0,NA,NA,NA,NA,Y,NA,A,07,0,0,1,0,0,0,0,0,0,-,-,34.45362854003906,-117.57270050048828,SAN BERNARDINO,UNINCORPORATED,-117.57274627685548,34.45361328125
91022750,2019,2019-07-02,9855,2019-06-28,0025,018000,NA,5,3,6,3607,0,1,1,NA,2,101,I-10 E/B FROM HAVEN AVE S/B,HAVEN AVE.,1,W,N,A,-,Y,NA,NA,10,NA,NA,NA,R,NA,E,Y,4,0,1,1,A,-,01,23152,A,N,E,I,A,A,H,-,C,D,0,NA,NA,NA,NA,Y,Y,A,01,0,0,1,0,0,0,0,0,0,-,-,34.066551208496094,-117.57604217529295,SAN BERNARDINO,ONTARIO,-117.57604217529295,34.066551208496094
91024505,2019,2019-07-04,9850,2019-06-28,1333,021643,NA,5,1,9,3600,0,3,5,NA,2,005,YUCCA TERRACE DRIVE,ASTER ROAD,185,E,N,A,-,N,NA,NA,NA,NA,NA,NA,NA,NA,NA,N,2,0,1,1,A,-,03,38305,NA,N,E,I,A,A,A,-,A,D,0,NA,NA,Y,NA,Y,NA,C,02,1,0,0,0,0,0,0,0,1,-,-,34.43397903442383,-117.43393707275392,SAN BERNARDINO,UNINCORPORATED,-117.43402099609376,34.433982849121094
91024869,2019,2019-07-05,9860,2019-06-28,1500,019599,NA,5,2,3,3615,0,1,1,NA,2,104,I-10 E/B,MT. VIEW AVE.,2112,W,N,A,-,Y,NA,NA,10,NA,NA,NA,NA,NA,E,N,4,0,4,2,A,-,03,22350,NA,N,C,C,A,A,H,-,A,D,0,NA,NA,NA,NA,Y,NA,D,22,0,0,4,0,0,0,0,0,0,-,-,34.06616973876953,-117.2530517578125,SAN BERNARDINO,LOMA LINDA,-117.25305938720705,34.06619644165039
91025190,2019,2019-07-05,9835,2019-05-03,1214,019992,NA,5,1,9,3600,0,1,1,NA,2,073,I-15 S/B,FIELD ROAD,8342,S,N,A,-,Y,NA,NA,15,NA,NA,NA,NA,NA,S,Y,1,1,2,1,A,-,08,22107,NA,N,E,I,A,A,H,-,A,D,0,NA,NA,NA,NA,Y,NA,A,07,2,0,0,0,0,0,0,0,0,-,-,35.00231170654297,-116.55622863769533,SAN BERNARDINO,UNINCORPORATED,-116.55620574951172,35.002254486083984
91025979,2019,2019-07-08,9834,2019-07-06,1525,019419,NA,6,2,2,3606,0,1,1,NA,2,046,I-40 E/B,FOX WASH OVERFLOW,328,W,N,A,-,Y,NA,NA,40,NA,NA,NA,NA,NA,E,Y,3,0,1,1,A,-,08,22107,NA,N,E,I,A,A,H,-,A,D,0,NA,NA,NA,NA,Y,NA,A,01,0,1,0,0,0,0,0,0,0,-,-,34.863338470458984,-114.64069366455078,SAN BERNARDINO,NEEDLES,-114.64066314697266,34.863380432128906
91026913,2019,2019-07-09,9855,2019-07-01,1225,016268,NA,1,1,9,3600,0,3,5,NA,2,001,BEECH AVE.,RANDALL AVE,0,NA,Y,A,-,N,NA,NA,NA,NA,NA,NA,NA,NA,NA,N,3,0,1,2,D,-,00,NA,NA,N,D,C,A,A,H,-,A,A,0,NA,NA,NA,NA,Y,NA,-,-,0,1,0,0,0,0,0,0,0,-,-,34.0847282409668,-117.4711685180664,SAN BERNARDINO,UNINCORPORATED,-117.47119903564452,34.084739685058594
91028590,2019,2019-07-10,9835,2019-06-25,1445,020109,NA,2,2,9,3600,0,1,1,NA,2,045,I-40 E/B,CRUCERO RD,5280,W,N,A,-,Y,NA,NA,40,NA,NA,NA,NA,NA,E,Y,1,1,0,1,A,-,08,22107,NA,N,E,I,A,A,H,-,A,D,0,NA,NA,NA,NA,Y,NA,A,01,0,0,0,0,0,0,0,0,0,-,-,34.724708557128906,-116.17971801757813,SAN BERNARDINO,UNINCORPORATED,-116.1797103881836,34.724544525146484
91030113,2019,2019-07-12,9860,2019-07-08,1345,019725,NA,1,1,9,3600,0,1,1,NA,2,152,I-15 S/B,OAK HILL RD,8976,S,N,A,-,Y,NA,NA,15,NA,NA,NA,NA,NA,S,Y,4,0,1,2,A,-,08,22107,NA,N,B,C,A,A,H,-,A,D,0,NA,NA,NA,Y,Y,NA,A,08,0,0,1,0,0,0,0,0,0,-,-,34.344970703125,-117.45413208007813,SAN BERNARDINO,UNINCORPORATED,-117.45404815673828,34.34464645385742
91030151,2019,2019-07-12,9860,2019-07-10,1825,021363,NA,3,2,9,3600,0,3,5,NA,2,004,LOCUST AVE.,HAWTHORNE AVE,0,NA,Y,A,-,N,NA,NA,NA,NA,NA,NA,NA,NA,NA,N,4,0,1,2,A,-,09,21802,A,N,D,C,A,A,H,-,A,A,0,NA,NA,NA,NA,Y,NA,A,01,0,0,1,0,0,0,0,0,0,-,-,34.0813102722168,-117.40959167480467,SAN BERNARDINO,UNINCORPORATED,-117.40956115722656,34.08129119873047
91030553,2019,2019-07-15,9855,2019-07-07,2135,020913,NA,7,2,6,3616,0,1,1,NA,2,153,I-15 S/B (ONTARIO FWY),VICTORIA STREET,275,N,N,A,-,Y,NA,NA,15,NA,NA,NA,NA,NA,S,Y,4,0,5,2,A,-,03,22350,NA,N,C,C,A,A,H,-,D,D,0,NA,NA,NA,NA,Y,NA,A,01,0,0,5,0,0,0,0,0,0,-,-,34.12849044799805,-117.50578308105467,SAN BERNARDINO,RANCHO CUCAMONGA,-117.50577545166016,34.128482818603516
91031495,2019,2020-03-02,9860,2019-07-14,2145,021229,NA,7,2,6,3610,0,1,1,NA,2,214,I-215 N/B,AUTO CENTER RD,20,N,N,A,-,Y,NA,NA,215,NA,NA,NA,NA,NA,N,Y,4,0,1,3,A,-,01,23152,A,N,B,C,A,A,H,-,C,D,0,NA,NA,NA,NA,Y,Y,A,07,0,0,1,0,0,0,0,0,0,-,-,34.078399658203125,-117.29638671875,SAN BERNARDINO,SAN BERNARDINO,-117.29644012451172,34.078365325927734
91036100,2019,2019-07-23,9855,2019-07-15,1718,019732,NA,1,2,5,3602,0,1,3,NA,2,071,SR-71 S/B (CHINO FWY),RAMONA AVE.,1300,S,N,A,-,Y,NA,NA,NA,NA,NA,NA,NA,NA,NA,Y,4,0,1,2,A,-,03,22350,NA,N,C,C,A,A,H,-,A,D,0,NA,NA,NA,NA,Y,NA,A,01,0,0,1,0,0,0,0,0,0,-,-,33.97848892211914,-117.70262908935548,SAN BERNARDINO,CHINO,NA,NA
91036286,2019,2019-07-23,9850,2019-07-12,1732,021366,NA,5,2,9,3600,0,3,5,NA,2,005,BLUE WATER RD,RIVERS EDGE RD,0,NA,Y,A,-,N,NA,NA,NA,NA,NA,NA,NA,NA,NA,N,3,0,2,1,A,-,03,22350,NA,N,F,A,A,A,H,-,A,D,0,NA,NA,Y,NA,Y,NA,C,06,0,2,0,0,0,0,0,0,2,-,-,34.73966979980469,-117.34441375732422,SAN BERNARDINO,UNINCORPORATED,-117.34442901611328,34.73973083496094
91036356,2019,2019-07-24,9850,2019-07-13,1630,022028,NA,6,2,9,3600,0,2,4,NA,2,057,SHEEP CREEK ROAD,MOJAVE DR,1500,N,N,A,-,N,NA,NA,NA,NA,NA,NA,NA,NA,NA,Y,3,0,1,1,A,-,01,23152,A,N,E,I,A,A,H,-,A,D,0,NA,NA,NA,NA,Y,Y,A,01,0,1,0,0,0,0,0,0,0,-,-,34.53179931640625,-117.57289886474608,SAN BERNARDINO,UNINCORPORATED,-117.57292175292967,34.532188415527344
91036496,2019,2020-06-05,9850,2019-07-02,0810,017377,NA,2,1,9,3600,0,2,4,NA,2,066,PHELAN ROAD,MIDDLETON ROAD,77,E,N,A,-,N,NA,NA,NA,NA,NA,NA,NA,NA,NA,N,1,1,0,1,A,-,01,23152,A,N,E,I,A,A,H,-,A,D,0,NA,NA,NA,NA,Y,Y,A,01,0,0,0,0,0,0,0,0,0,-,-,34.42662811279297,-117.4944305419922,SAN BERNARDINO,UNINCORPORATED,-117.49448394775392,34.426578521728516
91037104,2019,2019-07-24,9855,2019-07-18,1901,018989,NA,4,2,5,3602,0,1,3,NA,2,603,SR-60 E/B (POMONA FWY),PIPELINE AVE.,550,E,N,A,-,Y,NA,NA,60,NA,NA,NA,NA,NA,E,Y,4,0,1,2,A,-,03,22350,NA,N,C,C,A,A,H,-,A,D,0,NA,NA,NA,NA,Y,NA,A,01,0,0,1,0,0,0,0,0,0,-,-,34.02799987792969,-117.71790313720705,SAN BERNARDINO,CHINO,-117.71793365478516,34.02809143066406
91037652,2019,2019-07-25,9860,2019-07-13,0036,020572,NA,6,3,9,3600,0,3,5,NA,2,002,CONEJO DR,PACIFIC ST.,0,NA,Y,A,-,N,NA,NA,NA,NA,NA,NA,NA,NA,NA,N,4,0,1,2,A,-,09,21802,A,N,D,C,A,A,H,-,C,A,0,NA,NA,NA,NA,Y,NA,A,07,0,0,1,0,0,0,0,0,0,-,-,34.128360748291016,-117.25894165039063,SAN BERNARDINO,UNINCORPORATED,-117.25895690917967,34.12860107421875
91038111,2019,2019-07-25,9860,2019-07-22,0600,014829,NA,1,1,9,3600,0,1,1,NA,2,152,I-15 S/B,SR-138,10,N,N,A,-,Y,NA,NA,NA,NA,NA,NA,NA,NA,NA,N,4,0,1,2,A,-,07,21658,A,N,B,C,A,A,H,-,A,D,0,NA,NA,NA,Y,Y,NA,A,01,0,0,1,0,0,0,0,0,0,-,-,34.31486892700195,-117.47527313232422,SAN BERNARDINO,UNINCORPORATED,NA,NA
91039240,2019,2019-07-26,9835,2019-07-12,0057,022143,NA,5,3,9,3600,0,1,1,NA,2,074,I-15 N/B,ZYZZX RD,1056,S,N,A,-,Y,NA,NA,15,NA,NA,NA,NA,NA,N,Y,2,0,1,1,A,-,08,22107,NA,N,F,A,A,A,H,-,D,D,0,NA,NA,NA,NA,Y,NA,A,07,1,0,0,0,0,0,0,0,0,-,-,35.19459915161133,-116.14800262451172,SAN BERNARDINO,UNINCORPORATED,-116.14801025390624,35.1947021484375
91040057,2019,2019-07-29,9850,2019-07-20,1826,022015,NA,6,2,9,3600,0,3,5,NA,2,005,CAUGHLIN RD,MONO RD,0,NA,Y,A,-,N,NA,NA,NA,NA,NA,NA,NA,NA,NA,Y,3,0,1,2,A,-,12,22450,A,F,D,C,A,A,H,-,A,A,0,NA,NA,NA,NA,Y,NA,A,01,0,1,0,0,0,0,0,0,0,-,-,34.45014953613281,-117.48641967773438,SAN BERNARDINO,UNINCORPORATED,-117.48645782470705,34.451969146728516
91040375,2019,2019-07-29,9835,2019-07-23,0005,022192,NA,2,3,9,3600,0,1,2,NA,1,014,US-395 N/B,SR-58,100320,N,N,A,-,Y,NA,NA,395,NA,NA,NA,NA,NA,N,Y,4,0,1,1,A,-,01,23152,A,N,F,A,A,A,H,-,D,D,0,NA,NA,NA,NA,Y,Y,A,01,0,0,1,0,0,0,0,0,0,-,-,35.26580047607422,-117.61370086669922,SAN BERNARDINO,UNINCORPORATED,-117.6137237548828,35.26579666137695
91040464,2019,2019-07-29,9855,2019-07-20,1105,016889,NA,6,1,6,3604,0,1,1,NA,2,153,I-15 S/B (ONTARIO FWY),DUNCAN CANYON RD.,1600,N,N,A,-,Y,NA,NA,15,NA,NA,NA,NA,NA,S,Y,3,0,3,2,A,-,03,22350,NA,F,C,C,A,A,H,-,A,D,0,NA,NA,NA,NA,Y,NA,D,22,0,1,2,0,0,0,0,0,0,-,-,34.16764831542969,-117.45831298828124,SAN BERNARDINO,FONTANA,-117.45836639404295,34.167720794677734
91041545,2019,2019-07-30,9855,2019-07-24,0735,016268,NA,3,1,6,3604,0,1,1,NA,2,153,I-15 S/B (ONTARIO FWY),SR-210,200,N,N,A,-,Y,NA,NA,15,NA,NA,NA,NA,NA,S,Y,4,0,1,2,A,-,03,22350,NA,N,C,C,A,A,H,-,A,D,0,NA,NA,NA,NA,Y,NA,A,01,0,0,1,0,0,0,0,0,0,-,-,34.138118743896484,-117.4939422607422,SAN BERNARDINO,FONTANA,-117.49401092529295,34.138206481933594
91041782,2019,2019-07-30,9860,2019-07-21,1835,020051,NA,7,2,9,3600,0,3,5,NA,2,002,STATE ST,ADAMS ST,0,NA,Y,A,-,N,NA,NA,NA,NA,NA,NA,NA,NA,NA,N,4,0,1,2,A,-,09,21800,A,N,D,C,A,A,H,-,A,A,0,NA,NA,NA,NA,Y,NA,D,22,0,0,1,0,0,0,0,0,0,-,-,34.13787841796875,-117.3354721069336,SAN BERNARDINO,UNINCORPORATED,-117.3354721069336,34.137840270996094
91044431,2019,2019-08-02,9860,2019-07-22,1345,021371,NA,1,1,5,3608,0,1,1,NA,2,106,I-10 E/B,YUCAIPA BLVD,2640,W,N,A,-,Y,NA,NA,10,NA,NA,NA,NA,NA,E,Y,3,0,1,2,A,-,03,22350,NA,N,C,C,A,A,H,-,A,D,0,NA,NA,NA,NA,Y,NA,A,01,0,1,0,0,0,0,0,0,0,-,-,34.02793884277344,-117.12721252441406,SAN BERNARDINO,REDLANDS,-117.12714385986328,34.02818298339844
91044595,2019,2019-08-05,9850,2019-07-26,0005,021991,NA,5,3,9,3600,0,3,5,NA,2,005,DUNCAN ROAD,RIGGINS ROAD,0,NA,Y,A,-,N,NA,NA,NA,NA,NA,NA,NA,NA,NA,Y,2,0,1,2,A,-,05,21650,NA,N,D,C,A,A,H,-,D,D,0,NA,NA,Y,NA,Y,NA,C,02,1,0,0,0,0,0,0,0,1,-,-,34.46992111206055,-117.56842041015624,SAN BERNARDINO,UNINCORPORATED,-117.56836700439452,34.46989059448242
91045055,2019,2019-08-05,9870,2019-07-27,1507,021288,NA,6,2,9,3600,0,1,3,NA,2,021,SR-247 (OLD WOMAN SPRINGS ROAD),VALLEY VIEW ROAD,550,N,N,A,-,Y,NA,NA,247,NA,NA,NA,NA,NA,NA,Y,3,0,1,1,A,-,06,21751,NA,N,F,A,A,A,H,-,A,D,0,NA,NA,Y,NA,Y,NA,C,02,0,1,0,0,0,0,0,0,1,-,-,34.305721282958984,-116.46900939941406,SAN BERNARDINO,UNINCORPORATED,-116.46902465820313,34.30570983886719
91047026,2019,2019-08-07,9855,2019-07-31,1255,015626,NA,3,1,6,3607,0,1,3,NA,2,601,SR-60 W/B (POMONA FWY),GROVE AVE.,1651,E,N,A,-,Y,NA,NA,60,NA,NA,NA,NA,NA,W,Y,4,0,1,3,A,-,03,22350,NA,N,C,C,A,A,H,-,A,D,0,NA,NA,NA,Y,Y,NA,F,26,0,0,1,0,0,0,0,0,0,-,-,34.030601501464844,-117.62283325195313,SAN BERNARDINO,ONTARIO,-117.62283325195313,34.03059387207031
91047101,2019,2019-08-07,9855,2019-08-03,2235,018989,NA,6,3,9,3600,0,3,5,NA,2,001,HEMLOCK AVE.,ARROW RTE.,0,NA,Y,A,-,N,NA,NA,NA,NA,NA,NA,NA,NA,NA,Y,4,0,2,2,A,-,09,21802,A,N,D,C,A,A,H,-,C,A,0,NA,NA,NA,NA,Y,NA,A,01,0,0,2,0,0,0,0,0,0,-,-,34.099300384521484,-117.47570037841795,SAN BERNARDINO,UNINCORPORATED,-117.47573089599608,34.099281311035156
91049469,2019,2019-08-12,9860,2019-07-31,0602,016800,NA,3,1,9,3600,0,3,5,NA,2,002,CAJON BLVD,KENDALL DR,280,S,N,A,-,N,NA,NA,NA,NA,NA,NA,NA,NA,NA,Y,2,0,1,1,A,-,08,22107,NA,N,E,I,A,A,H,-,A,D,0,NA,NA,NA,NA,Y,NA,A,01,1,0,0,0,0,0,0,0,0,-,-,34.20669174194336,-117.38539886474608,SAN BERNARDINO,UNINCORPORATED,-117.38544464111328,34.20697784423828
91049527,2019,2019-08-12,9860,2019-08-01,1730,016821,NA,4,2,9,3600,0,1,1,NA,2,151,I-15 S/B,CLEGHORN CREEK BRIDGE,1584,N,N,A,-,Y,NA,NA,15,NA,NA,NA,NA,NA,S,Y,4,0,2,2,A,-,03,22350,NA,N,C,C,A,A,H,-,A,D,0,NA,NA,NA,NA,Y,NA,A,01,0,0,2,0,0,0,0,0,0,-,-,34.28504180908203,-117.45201873779295,SAN BERNARDINO,UNINCORPORATED,-117.45214080810548,34.28505325317383
9105013,2020,2020-06-16,3607,2020-02-27,1203,80510,234,4,5,6,3607,0,0,0,NA,0,062,CAMPUS AV,CEDAR ST,0,NA,Y,-,-,N,NA,NA,NA,NA,NA,NA,NA,NA,NA,NA,3,0,3,2,A,-,09,21802,A,N,D,C,A,A,H,-,A,D,0,NA,NA,NA,NA,Y,NA,A,01,0,1,2,0,0,0,0,0,0,-,-,NA,NA,SAN BERNARDINO,ONTARIO,-117.64156341552734,34.037479400634766
91050163,2019,2019-08-12,9865,2019-08-04,1935,018749,NA,7,2,6,3610,0,1,3,NA,1,022,SR-18,RUNNING SPRINGS SCHOOL ROAD,400,W,N,A,-,Y,NA,NA,NA,NA,NA,NA,NA,NA,NA,Y,3,0,3,2,A,-,01,23152,A,N,A,C,A,A,H,-,A,D,0,NA,NA,NA,NA,Y,Y,D,22,0,2,1,0,0,0,0,0,0,-,-,34.20330047607422,-117.09483337402344,SAN BERNARDINO,SAN BERNARDINO,-117.09481048583984,34.203304290771484
91050221,2019,2019-08-12,9850,2019-08-04,1434,021643,NA,7,2,9,3600,0,3,5,NA,2,002,SR-173,ARROWHEAD LAKE ROAD,5597,W,N,A,-,Y,NA,NA,173,NA,NA,NA,NA,NA,NA,N,2,0,1,1,A,-,08,22107,NA,N,F,A,A,A,H,-,A,D,0,NA,NA,Y,NA,Y,NA,C,02,1,0,0,0,0,0,0,0,1,-,-,34.325660705566406,-117.27181243896484,SAN BERNARDINO,UNINCORPORATED,-117.27181243896484,34.32566833496094
9105040,2020,2020-06-18,3607,2020-02-03,0955,80543,171,1,5,6,3607,0,0,0,NA,0,042,AIRPORT DR,MILLIKEN AV,0,NA,Y,A,-,N,NA,NA,NA,NA,NA,NA,NA,NA,NA,Y,4,0,2,2,A,-,12,21453,A,N,D,C,A,A,H,-,A,A,0,NA,NA,NA,NA,Y,NA,A,01,0,0,2,0,0,0,0,0,0,-,-,NA,NA,SAN BERNARDINO,ONTARIO,-117.55825042724608,34.06282043457031