CASE_ID,ACCIDENT_YEAR,PROC_DATE,JURIS,COLLISION_DATE,COLLISION_TIME,OFFICER_ID,REPORTING_DISTRICT,DAY_OF_WEEK,CHP_SHIFT,POPULATION,CNTY_CITY_LOC,SPECIAL_COND,BEAT_TYPE,CHP_BEAT_TYPE,CITY_DIVISION_LAPD,CHP_BEAT_CLASS,BEAT_NUMBER,PRIMARY_RD,SECONDARY_RD,DISTANCE,DIRECTION,INTERSECTION,WEATHER_1,WEATHER_2,STATE_HWY_IND,CALTRANS_COUNTY,CALTRANS_DISTRICT,STATE_ROUTE,ROUTE_SUFFIX,POSTMILE_PREFIX,POSTMILE,LOCATION_TYPE,RAMP_INTERSECTION,SIDE_OF_HWY,TOW_AWAY,COLLISION_SEVERITY,NUMBER_KILLED,NUMBER_INJURED,PARTY_COUNT,PRIMARY_COLL_FACTOR,PCF_CODE_OF_VIOL,PCF_VIOL_CATEGORY,PCF_VIOLATION,PCF_VIOL_SUBSECTION,HIT_AND_RUN,TYPE_OF_COLLISION,MVIW,PED_ACTION,ROAD_SURFACE,ROAD_COND_1,ROAD_COND_2,LIGHTING,CONTROL_DEVICE,CHP_ROAD_TYPE,PEDESTRIAN_ACCIDENT,BICYCLE_ACCIDENT,MOTORCYCLE_ACCIDENT,TRUCK_ACCIDENT,NOT_PRIVATE_PROPERTY,ALCOHOL_INVOLVED,STWD_VEHTYPE_AT_FAULT,CHP_VEHTYPE_AT_FAULT,COUNT_SEVERE_INJ,COUNT_VISIBLE_INJ,COUNT_COMPLAINT_PAIN,COUNT_PED_KILLED,COUNT_PED_INJURED,COUNT_BICYCLIST_KILLED,COUNT_BICYCLIST_INJURED,COUNT_MC_KILLED,COUNT_MC_INJURED,PRIMARY_RAMP,SECONDARY_RAMP,LATITUDE,LONGITUDE,COUNTY,CITY,POINT_X,POINT_Y
91414599,2021,2021-02-24,9860,2021-02-23,1530,019599,NA,2,2,9,3600,0,2,4,NA,2,411,CEDAR AVE.,ORANGE ST.,45,N,N,A,-,N,NA,NA,NA,NA,NA,NA,NA,NA,NA,N,4,0,2,2,A,-,07,21658,A,N,B,C,A,A,H,-,A,D,0,NA,NA,NA,NA,Y,NA,A,01,0,0,2,0,0,0,0,0,0,-,-,34.065181732177734,-117.3964385986328,SAN BERNARDINO,UNINCORPORATED,-117.39643096923828,34.06511306762695
9141675,2020,2020-09-17,3610,2020-07-17,1500,G6918,VC060,5,5,6,3610,0,0,0,NA,0,VC4,BEAR VALLEY RD,BELLFLOWER ST,955,W,N,A,-,N,NA,NA,NA,NA,NA,NA,NA,NA,NA,Y,4,0,3,2,A,-,05,21460,A,N,A,C,A,A,H,-,A,A,0,NA,NA,NA,NA,Y,NA,D,22,0,0,3,0,0,0,0,0,0,-,-,NA,NA,SAN BERNARDINO,SAN BERNARDINO,-117.42027282714844,34.470298767089844
91417095,2021,2021-02-26,9855,2021-02-19,1945,020046,NA,5,2,6,3607,0,1,1,NA,2,103,I-10 E/B (SAN BERNARDINO FWY),ARCHIBALD AVE.,200,W,N,A,-,Y,NA,NA,10,NA,NA,NA,NA,NA,E,N,4,0,2,2,A,-,08,22107,NA,N,C,C,A,A,D,-,C,D,0,NA,NA,NA,NA,Y,NA,A,07,0,0,2,0,0,0,0,0,0,-,-,34.06747817993164,-117.59375,SAN BERNARDINO,ONTARIO,-117.59375,34.067562103271484
91419095,2021,2021-03-02,9835,2021-02-26,2355,017111,NA,5,3,9,3600,0,1,1,NA,2,073,I-15 N/B,CLYDE V. KANE REST AREA,5280,N,N,A,G,Y,NA,NA,15,NA,NA,NA,NA,NA,N,Y,4,0,2,2,A,-,03,22350,NA,N,C,C,A,A,H,-,D,D,0,NA,NA,NA,NA,Y,NA,A,01,0,0,2,0,0,0,0,0,0,-,-,35.04050064086914,-116.4582977294922,SAN BERNARDINO,UNINCORPORATED,-116.4583740234375,35.040611267089844
91420758,2021,2021-03-04,9835,2021-02-25,0845,022571,NA,4,1,9,3600,0,1,3,NA,1,019,SR-247,BRACK RD,15840,S,N,A,-,Y,NA,NA,247,NA,NA,NA,NA,NA,NA,Y,3,0,1,1,A,-,08,22107,NA,N,E,I,A,A,H,-,A,D,0,NA,NA,NA,NA,Y,NA,A,01,0,1,0,0,0,0,0,0,0,-,-,34.661251068115234,-116.9534912109375,SAN BERNARDINO,UNINCORPORATED,-116.95343017578124,34.66129684448242
91422154,2021,2021-03-08,9850,2021-03-01,1750,021878,NA,1,2,9,3600,0,3,5,NA,2,002,SUMMIT VALLEY ROAD,KAPIOLANI ROAD,2501,N,N,A,-,N,NA,NA,NA,NA,NA,NA,NA,NA,NA,Y,3,0,2,2,A,-,03,22350,NA,N,A,C,A,A,H,-,B,D,0,NA,NA,NA,NA,Y,NA,A,01,0,1,1,0,0,0,0,0,0,-,-,34.33235168457031,-117.3982391357422,SAN BERNARDINO,UNINCORPORATED,-117.39797973632813,34.332149505615234
91422177,2021,2021-03-08,9850,2021-02-27,0505,022073,NA,6,3,9,3600,0,1,3,NA,2,044,SR-247,ALLEN WAY,200,E,N,A,-,Y,NA,NA,247,NA,NA,NA,NA,NA,NA,Y,3,0,2,2,A,-,01,23152,A,N,A,C,A,A,H,-,C,D,0,NA,NA,NA,NA,Y,Y,A,07,0,1,1,0,0,0,0,0,0,-,-,34.44395065307617,-116.9406967163086,SAN BERNARDINO,UNINCORPORATED,-116.9406967163086,34.44395065307617
91423555,2021,2021-03-09,9835,2021-02-23,1220,020976,NA,2,1,9,3600,0,1,1,NA,2,077,I-15 N/B,BAILEY RD,0,NA,N,A,-,Y,NA,NA,15,NA,NA,NA,NA,NA,N,Y,2,0,1,1,A,-,08,22107,NA,N,E,I,A,A,H,-,A,D,0,NA,NA,NA,NA,Y,NA,D,22,1,0,0,0,0,0,0,0,0,-,-,35.46453857421875,-115.48236083984376,SAN BERNARDINO,UNINCORPORATED,-115.48238372802734,35.46446990966797
91424881,2021,2021-03-11,9860,2021-02-10,1850,019674,NA,3,2,3,3615,0,1,1,NA,2,104,I-10 W/B,MT VIEW AVE,2640,E,N,B,-,Y,NA,NA,10,NA,NA,NA,NA,NA,W,Y,4,0,1,3,A,-,08,22107,NA,F,E,I,A,A,H,-,D,D,0,NA,NA,NA,Y,Y,Y,A,01,0,0,1,0,0,0,0,0,0,-,-,34.06669998168945,-117.23636627197266,SAN BERNARDINO,LOMA LINDA,-117.23636627197266,34.06672286987305
91426453,2021,2021-03-12,9860,2021-03-05,1455,019467,NA,5,2,9,3600,0,1,3,NA,1,380,SR-38,GARNET ST,2640,E,N,A,-,N,NA,NA,38,NA,NA,NA,NA,NA,NA,N,2,0,1,1,A,-,03,22350,NA,N,E,I,A,A,H,-,A,D,0,NA,Y,NA,NA,Y,NA,L,04,1,0,0,0,0,0,1,0,0,-,-,34.07326126098633,-117.09085845947266,SAN BERNARDINO,UNINCORPORATED,-117.09085845947266,34.07325744628906
91426608,2021,2021-03-15,9860,2021-03-02,0132,022103,NA,2,3,5,3609,0,1,1,NA,2,201,SR-210 E/B,AYALA DR,1584,E,N,A,-,Y,NA,NA,210,NA,NA,NA,NA,NA,E,Y,2,0,3,3,A,-,03,22350,NA,N,D,C,E,A,H,-,C,D,0,Y,NA,NA,NA,Y,Y,A,01,3,0,0,0,1,0,0,0,0,-,-,34.13566970825195,-117.38526916503906,SAN BERNARDINO,RIALTO,-117.38526916503906,34.135684967041016
91427580,2021,2021-03-15,9860,2021-03-04,0515,020135,NA,4,3,6,3610,0,1,1,NA,2,202,SR-210 W/B,DEL ROSA AVE,1850,W,N,A,-,Y,NA,NA,210,NA,NA,NA,NA,NA,W,Y,4,0,1,2,A,-,03,22350,NA,N,C,C,A,A,H,-,D,D,0,NA,NA,NA,NA,Y,NA,A,08,0,0,1,0,0,0,0,0,0,-,-,34.143741607666016,-117.25843048095705,SAN BERNARDINO,SAN BERNARDINO,-117.25843048095705,34.143733978271484
91428543,2021,2021-03-16,9860,2021-03-05,2250,021229,NA,5,3,9,3600,0,1,1,NA,2,151,I-15 N/B,KENWOOD AVE,2112,N,N,A,-,Y,NA,NA,15,NA,NA,NA,NA,NA,N,Y,4,0,3,4,A,-,03,22350,NA,N,C,C,A,A,H,-,D,D,0,NA,NA,NA,NA,Y,NA,A,01,0,0,3,0,0,0,0,0,0,-,-,34.24066925048828,-117.4302215576172,SAN BERNARDINO,UNINCORPORATED,-117.43016815185548,34.24073791503906
91433523,2021,2021-03-23,9850,2021-03-19,2020,022361,NA,5,2,9,3600,0,3,5,NA,2,006,NIELSON ROAD,MONTE VISTA ROAD,535,W,N,A,-,N,NA,NA,NA,NA,NA,NA,NA,NA,NA,N,2,0,1,2,A,-,11,21956,A,F,G,B,E,A,H,-,D,D,0,Y,NA,NA,NA,Y,Y,N,60,1,0,0,0,1,0,0,0,0,-,-,34.41912841796875,-117.56101989746094,SAN BERNARDINO,UNINCORPORATED,-117.56102752685548,34.419105529785156
91434800,2021,2021-03-25,9860,2021-03-13,0345,020135,NA,6,3,3,3690,0,1,1,NA,2,214,I-215 S/B,BARTON RD.,1180,N,N,B,-,Y,NA,NA,215,NA,NA,NA,NA,NA,S,Y,4,0,1,2,A,-,03,22350,NA,N,C,C,A,A,H,-,D,D,0,NA,NA,NA,NA,Y,NA,A,01,0,0,1,0,0,0,0,0,0,-,-,34.03635025024414,-117.32232666015624,SAN BERNARDINO,GRAND TERRACE,-117.32233428955078,34.03635025024414
91434811,2021,2021-03-25,9860,2021-03-15,1720,020282,NA,1,2,6,3610,0,1,1,NA,2,202,SR-210 WB TO WATERMAN AVE,WATERMAN AVE,388,E,N,B,C,Y,NA,NA,210,NA,NA,NA,R,NA,W,Y,4,0,1,2,A,-,03,22350,NA,N,C,C,A,B,H,-,A,A,0,NA,NA,NA,NA,Y,NA,A,07,0,0,1,0,0,0,0,0,0,-,-,34.145790100097656,-117.27725982666016,SAN BERNARDINO,SAN BERNARDINO,-117.27725982666016,34.145790100097656
91436887,2021,2021-03-26,9855,2021-03-19,2138,020664,NA,5,2,5,3611,0,1,1,NA,2,103,I-10 E/B (SAN BERNARDINO FWY),BENSON AVE.,175,W,N,B,-,Y,NA,NA,10,NA,NA,NA,NA,NA,E,Y,3,0,1,1,A,-,08,22107,NA,N,E,I,A,A,D,-,C,D,0,NA,NA,NA,NA,Y,NA,A,01,0,1,0,0,0,0,0,0,0,-,-,34.08723831176758,-117.68157196044922,SAN BERNARDINO,UPLAND,-117.68157196044922,34.087127685546875
91437440,2021,2021-03-29,9860,2021-03-22,1358,021138,NA,1,1,9,3600,0,1,3,NA,1,012,SR-138,RANCHO DEL LA GARTO,160,E,N,A,-,Y,NA,NA,138,NA,NA,NA,NA,NA,NA,Y,3,0,3,2,A,-,08,22107,NA,N,C,C,A,A,H,-,A,D,0,NA,NA,NA,NA,Y,NA,A,01,0,2,1,0,0,0,0,0,0,-,-,34.332069396972656,-117.52001953125,SAN BERNARDINO,UNINCORPORATED,-117.51992797851563,34.33210754394531
91437714,2021,2021-03-29,9860,2021-03-07,2007,022539,NA,7,2,5,3609,0,1,1,NA,2,201,SR-210 E/B,ALDER AVE,2640,W,N,A,-,Y,NA,NA,210,NA,NA,NA,NA,NA,E,Y,2,0,1,1,A,-,08,22107,NA,N,E,I,A,A,H,-,D,D,0,NA,NA,NA,NA,Y,NA,A,01,1,0,0,0,0,0,0,0,0,-,-,34.13618850708008,-117.42713165283205,SAN BERNARDINO,RIALTO,-117.42713165283205,34.13628005981445
9143874,2020,2020-09-21,3610,2020-07-27,1322,51013,NA,1,5,6,3610,0,0,0,NA,0,DAVID,NORTH WATERMAN AV,W ORANGESHOW RD,0,NA,Y,A,-,N,NA,NA,NA,NA,NA,NA,NA,NA,NA,N,4,0,1,2,A,-,03,22350,NA,M,C,C,A,A,H,-,A,A,0,NA,NA,NA,NA,Y,NA,-,NA,0,0,1,0,0,0,0,0,0,-,-,NA,NA,SAN BERNARDINO,SAN BERNARDINO,-117.27879333496094,34.07978057861328
91438772,2021,2021-03-29,9855,2021-03-21,0315,020664,NA,7,3,9,3600,0,1,3,NA,1,011,I-10 W/B TO ETIWANDA AVE.,ETIWANDA AVE.,0,NA,Y,B,-,N,NA,NA,10,NA,NA,NA,R,NA,W,Y,4,0,2,2,A,-,12,21453,A,N,D,C,A,A,H,-,C,A,0,NA,NA,NA,NA,Y,NA,-,-,0,0,2,0,0,0,0,0,0,-,-,34.06890869140625,-117.52398681640624,SAN BERNARDINO,UNINCORPORATED,-117.52398681640624,34.06890869140625
9143880,2020,2020-11-30,3610,2020-07-25,1210,51240,NA,6,5,6,3610,0,0,0,NA,0,BAKER,E ST,W BASELINE ST,0,NA,Y,A,-,N,NA,NA,NA,NA,NA,NA,NA,NA,NA,Y,3,0,3,2,A,-,12,21453,A,N,A,C,A,A,H,-,A,A,0,NA,NA,NA,NA,Y,NA,A,01,0,1,2,0,0,0,0,0,0,-,-,NA,NA,SAN BERNARDINO,SAN BERNARDINO,-117.29415893554688,34.1213493347168
91439330,2021,2021-03-30,9855,2021-03-18,0410,016215,NA,4,3,5,3602,0,1,3,NA,2,603,SR-60 E/B (POMONA FWY),RAMONA AVE.,1862,E,N,A,-,Y,NA,NA,60,NA,NA,NA,NA,NA,E,Y,3,0,2,2,A,-,01,23152,A,N,C,C,A,A,H,-,D,D,0,NA,NA,NA,NA,Y,Y,A,07,0,2,0,0,0,0,0,0,0,-,-,34.03009033203125,-117.70053863525392,SAN BERNARDINO,CHINO,-117.70053863525392,34.03007507324219
91441517,2021,2021-04-02,9860,2021-03-05,0833,016658,NA,5,1,4,3640,0,1,1,NA,2,106,I-10 E/B,YUCAIPA BLVD. O/C,3168,W,N,A,-,Y,NA,NA,NA,NA,NA,NA,NA,NA,NA,Y,3,0,1,3,A,-,08,22107,NA,N,H,A,A,A,H,-,A,D,0,NA,NA,NA,Y,Y,NA,G,25,0,1,0,0,0,0,0,0,0,-,-,34.029239654541016,-117.12964630126952,SAN BERNARDINO,YUCAIPA,-117.12933349609376,34.029048919677734
91441569,2021,2021-04-02,9860,2021-03-22,1714,022539,NA,1,2,3,3615,0,1,1,NA,2,104,I-10 W/B,TIPPECANOE AVE,33,E,N,A,-,Y,NA,NA,10,NA,NA,NA,NA,NA,W,Y,3,0,2,2,A,-,03,22350,NA,N,C,C,A,A,H,-,A,D,0,NA,NA,NA,NA,Y,NA,A,01,0,1,1,0,0,0,0,0,0,-,-,34.06468963623047,-117.26097869873048,SAN BERNARDINO,LOMA LINDA,-117.26097106933594,34.06466293334961
91442160,2021,2021-04-02,9860,2021-03-18,2130,020856,NA,4,2,9,3600,0,3,5,NA,2,002,E STREET,48TH STREET,570,S,N,A,-,N,NA,NA,NA,NA,NA,NA,NA,NA,NA,Y,2,0,1,2,A,-,08,22107,NA,F,A,C,A,A,H,-,D,D,0,NA,NA,NA,NA,Y,NA,D,22,1,0,0,0,0,0,0,0,0,-,-,34.16999816894531,-117.30059051513672,SAN BERNARDINO,UNINCORPORATED,-117.30052185058594,34.170257568359375
91442562,2021,2021-04-05,9860,2021-03-27,1737,019725,NA,6,2,9,3600,0,1,1,NA,2,151,I-15 S/B,CLEGHORN RD,1056,S,N,A,-,Y,NA,NA,15,NA,NA,NA,NA,NA,S,N,4,0,2,3,A,-,03,22350,NA,N,C,C,A,A,H,-,A,D,0,NA,NA,NA,NA,Y,NA,D,22,0,0,2,0,0,0,0,0,0,-,-,34.296939849853516,-117.45623779296876,SAN BERNARDINO,UNINCORPORATED,-117.4563217163086,34.296875
91443750,2021,2021-04-06,9855,2021-03-21,0128,021233,NA,7,3,9,3600,0,3,5,NA,2,004,VERNON AVENUE (10800 BLOCK),MISSION BLVD.,450,N,N,A,-,N,NA,NA,NA,NA,NA,NA,NA,NA,NA,Y,4,0,1,3,A,-,08,22107,NA,N,C,C,A,A,H,-,C,D,0,NA,NA,NA,NA,Y,NA,A,01,0,0,1,0,0,0,0,0,0,-,-,34.0572395324707,-117.68520355224608,SAN BERNARDINO,UNINCORPORATED,-117.68512725830078,34.057071685791016
91444840,2021,2021-04-07,9855,2021-03-26,2350,018000,NA,5,3,5,3630,0,1,3,NA,2,071,SR-71 S/B (CHINO FWY),SOQUEL CANYON PKWY.,3657,N,N,A,-,Y,NA,NA,71,NA,NA,NA,NA,NA,S,Y,3,0,1,1,A,-,08,22107,NA,N,E,I,A,A,H,-,C,D,0,NA,NA,NA,NA,Y,NA,A,01,0,1,0,0,0,0,0,0,0,-,-,33.97554016113281,-117.69760894775392,SAN BERNARDINO,CHINO HILLS,-117.69754028320313,33.97562789916992
9144490,2020,2020-10-15,3600,2020-08-18,1105,C8664,AP021,2,5,5,3621,0,0,0,NA,0,AP3,BEAR VALLEY RD,ALGONQUIN RD,270,E,N,A,-,N,NA,NA,NA,NA,NA,NA,NA,NA,NA,N,3,0,1,2,A,-,03,22350,NA,N,B,C,A,A,H,-,A,D,0,NA,NA,NA,Y,Y,NA,G,27,0,1,0,0,0,0,0,0,0,-,-,NA,NA,SAN BERNARDINO,APPLE VALLEY,-117.19427490234376,34.47148513793945
91445271,2021,2021-04-07,9855,2021-03-29,1411,018212,NA,1,2,6,3607,0,1,1,NA,2,152,I-15 S/B (ONTARIO FWY),I-10,500,S,N,A,-,Y,NA,NA,15,NA,NA,NA,NA,NA,S,Y,4,0,1,2,A,-,03,22350,NA,N,C,C,A,A,H,-,A,D,0,NA,NA,NA,NA,Y,NA,A,01,0,0,1,0,0,0,0,0,0,-,-,34.065399169921875,-117.54498291015624,SAN BERNARDINO,ONTARIO,-117.54505920410156,34.06540298461914
91445415,2021,2021-04-07,9835,2021-03-26,1830,021765,NA,5,2,9,3600,0,3,5,NA,2,034,YERMO RD,HARVARD RD,5280,W,N,A,-,N,NA,NA,NA,NA,NA,NA,NA,NA,NA,Y,3,0,1,3,A,-,03,22350,NA,N,C,C,A,A,H,-,A,D,0,NA,NA,NA,NA,Y,NA,A,01,0,1,0,0,0,0,0,0,0,-,-,34.95466995239258,-116.65911102294922,SAN BERNARDINO,UNINCORPORATED,-116.66024780273438,34.953704833984375
91445445,2021,2021-04-07,9860,2021-03-30,1650,019725,NA,2,2,9,3600,0,3,5,NA,2,001,GLEN HELEN PKY,SYCAMORE CREEK DR.,5280,N,N,A,-,N,NA,NA,NA,NA,NA,NA,NA,NA,NA,N,4,0,1,1,A,-,08,22107,NA,N,E,I,A,A,H,-,A,D,0,NA,NA,NA,NA,Y,NA,A,01,0,0,1,0,0,0,0,0,0,-,-,34.1993408203125,-117.41928863525392,SAN BERNARDINO,UNINCORPORATED,-117.41900634765624,34.19881820678711
91447036,2021,2021-04-09,9855,2021-03-31,2028,018212,NA,3,2,6,3607,0,1,3,NA,2,601,SR-60 E/B (POMONA FWY),CAMPUS AVE.,528,E,N,A,-,Y,NA,NA,60,NA,NA,NA,NA,NA,E,Y,4,0,1,2,A,-,07,21658,A,N,B,C,A,A,D,-,D,D,0,NA,NA,NA,Y,Y,NA,G,25,0,0,1,0,0,0,0,0,0,-,-,34.030269622802734,-117.63909912109376,SAN BERNARDINO,ONTARIO,-117.63909912109376,34.03036117553711
91447204,2021,2021-04-09,9850,2021-04-05,1340,017377,NA,1,1,9,3600,0,3,5,NA,2,005,OASIS ROAD,LINDERO ROAD,30,S,N,A,-,N,NA,NA,NA,NA,NA,NA,NA,NA,NA,Y,4,0,1,1,A,-,08,22107,NA,N,E,I,A,A,H,-,A,D,0,NA,NA,NA,NA,Y,NA,D,22,0,0,1,0,0,0,0,0,0,-,-,34.47328186035156,-117.64320373535156,SAN BERNARDINO,UNINCORPORATED,-117.64324951171876,34.4733772277832
91447614,2021,2021-04-12,9855,2021-03-31,0200,021855,NA,3,3,6,3616,0,1,1,NA,2,203,SR-210 W/B (FOOTHILL FWY),HAVEN AVE.,1800,W,N,A,-,Y,NA,NA,210,NA,NA,NA,NA,NA,W,Y,2,0,1,2,A,-,03,22350,NA,N,C,C,A,A,H,-,C,D,0,NA,NA,NA,NA,Y,NA,A,01,1,0,0,0,0,0,0,0,0,-,-,34.135738372802734,-117.58203887939452,SAN BERNARDINO,RANCHO CUCAMONGA,-117.58204650878906,34.13578796386719
91450219,2021,2021-04-14,9865,2021-04-08,1120,016179,NA,4,1,9,3600,0,1,3,NA,2,032,SR-18 (BIG BEAR BLVD),HILLEN DALE DR,50,S,N,A,-,Y,NA,NA,18,NA,NA,NA,NA,NA,NA,Y,4,0,4,3,A,-,03,22350,NA,N,C,C,A,A,H,-,A,D,0,NA,NA,NA,NA,Y,NA,A,07,0,0,4,0,0,0,0,0,0,-,-,34.26042175292969,-116.86254119873048,SAN BERNARDINO,UNINCORPORATED,-116.86254119873048,34.26046371459961
9145023,2020,2020-10-24,3600,2020-08-04,1433,H8299,VC070,2,5,5,3612,0,0,0,NA,0,VC5,PALMDALE RD,CANTINA DR,0,NA,Y,A,-,N,NA,NA,NA,NA,NA,NA,NA,NA,NA,Y,4,0,3,2,A,-,12,21453,A,N,D,C,A,A,H,-,A,A,0,NA,NA,NA,NA,Y,NA,D,22,0,0,3,0,0,0,0,0,0,-,-,NA,NA,SAN BERNARDINO,VICTORVILLE,-117.39508819580078,34.506690979003906
91450287,2021,2021-04-14,9855,2021-04-04,2210,020690,NA,7,3,9,3600,0,3,5,NA,2,004,RAMONA AVE.,FRANCIS AVE.,185,S,N,A,-,N,NA,NA,NA,NA,NA,NA,NA,NA,NA,Y,4,0,2,3,A,-,01,23152,A,N,B,C,A,A,H,-,C,A,0,NA,NA,NA,NA,Y,Y,A,07,0,0,2,0,0,0,0,0,0,-,-,34.040000915527344,-117.70693206787108,SAN BERNARDINO,UNINCORPORATED,-117.70693969726563,34.04021453857422
91450348,2021,2022-03-21,9860,2021-03-31,1835,019725,NA,3,2,9,3600,0,1,1,NA,2,151,I-15 S/B,CLEGHORN RD,60,S,N,A,-,Y,NA,NA,15,NA,NA,NA,NA,NA,S,Y,2,0,3,2,A,-,01,23152,A,N,C,C,A,A,H,-,B,D,0,NA,NA,NA,NA,Y,Y,A,01,1,0,2,0,0,0,0,0,0,-,-,34.29890823364258,-117.4572982788086,SAN BERNARDINO,UNINCORPORATED,-117.45768737792967,34.298606872558594
91450584,2021,2021-04-14,9834,2021-04-06,0820,020342,NA,2,1,9,3600,0,1,2,NA,1,091,US-95,SR-62,47520,N,N,A,-,Y,NA,NA,95,NA,NA,NA,NA,NA,NA,Y,2,0,3,1,A,-,05,21460,A,N,E,I,A,A,H,-,A,D,0,NA,NA,NA,NA,Y,NA,A,07,1,2,0,0,0,0,0,0,0,-,-,34.2959098815918,-114.65177917480467,SAN BERNARDINO,UNINCORPORATED,-114.65184783935548,34.29590606689453
91451350,2021,2021-04-15,9855,2021-04-06,1058,013860,NA,2,1,9,3600,0,2,4,NA,1,012,ARROW RTE.,BEECH AVE.,0,NA,Y,A,-,N,NA,NA,NA,NA,NA,NA,NA,NA,NA,Y,4,0,1,2,A,-,12,22450,A,N,D,C,A,A,H,-,A,A,0,NA,NA,NA,NA,Y,NA,A,01,0,0,1,0,0,0,0,0,0,-,-,34.09928894042969,-117.47129058837892,SAN BERNARDINO,UNINCORPORATED,-117.47122192382813,34.099281311035156
91452131,2021,2021-04-16,9835,2021-04-09,1308,021482,NA,5,1,3,3601,0,1,1,NA,2,071,I-15 N/B,E MAIN ST,240,S,N,A,-,Y,NA,NA,15,NA,NA,NA,NA,NA,N,Y,3,0,2,2,A,-,08,22107,NA,N,D,D,A,A,H,-,A,D,0,NA,NA,NA,NA,Y,NA,A,07,0,1,1,0,0,0,0,0,0,-,-,34.89142990112305,-117.00076293945313,SAN BERNARDINO,BARSTOW,-117.00079345703124,34.8914794921875
91452336,2021,2021-04-16,9835,2021-01-22,1300,021765,NA,5,1,9,3600,0,1,1,NA,2,047,I-40 W/B,CRUCERO RD,26400,E,N,A,-,Y,NA,NA,40,NA,NA,NA,NA,NA,W,Y,1,1,0,2,A,-,03,22350,NA,N,C,C,A,A,A,-,A,D,0,NA,NA,NA,Y,Y,NA,D,22,0,0,0,0,0,0,0,0,0,-,-,34.725711822509766,-116.07553863525392,SAN BERNARDINO,UNINCORPORATED,-116.07550811767578,34.72578430175781
91452338,2021,2021-04-16,9865,2021-04-12,0657,017808,NA,1,1,9,3600,0,1,3,NA,1,010,SR-18 S/B,UPPER OLD WATERMAN CANYON,25,N,N,E,-,Y,NA,NA,18,NA,NA,NA,NA,NA,S,Y,3,0,1,1,A,-,03,22350,NA,N,E,I,A,A,H,-,A,D,0,NA,NA,Y,NA,Y,NA,C,02,0,1,0,0,0,0,0,0,1,-,-,34.217430114746094,-117.29058074951172,SAN BERNARDINO,UNINCORPORATED,-117.29058074951172,34.21739959716797
91452368,2021,2021-04-16,9860,2021-04-07,1852,022103,NA,3,2,6,3610,0,1,1,NA,2,216,I-215 S/B,9TH ST,50,N,N,A,-,Y,NA,NA,215,NA,NA,NA,NA,NA,S,Y,3,0,2,2,A,-,07,21658,A,N,E,C,A,A,H,-,A,D,0,NA,NA,NA,NA,Y,NA,A,01,0,2,0,0,0,0,0,0,0,-,-,34.11603927612305,-117.30258941650392,SAN BERNARDINO,SAN BERNARDINO,-117.30297088623048,34.11603927612305
91454015,2021,2021-04-20,9860,2021-04-09,1605,020533,NA,5,2,6,3610,0,1,1,NA,2,214,I-215 S/B,INLAND CENTER DR,150,S,N,A,-,Y,NA,NA,215,NA,NA,NA,NA,NA,S,Y,4,0,1,3,A,-,03,22350,NA,N,C,C,A,A,H,-,A,D,0,NA,NA,NA,Y,Y,NA,A,01,0,0,1,0,0,0,0,0,0,-,-,34.08467102050781,-117.3008270263672,SAN BERNARDINO,SAN BERNARDINO,-117.30081939697266,34.08467483520508
91454034,2021,2021-04-20,9865,2021-04-12,1420,019929,NA,1,2,9,3600,0,1,3,NA,1,034,SR-18,3N03,2112,S,N,A,-,Y,NA,NA,18,NA,NA,NA,NA,NA,NA,Y,2,0,1,2,A,-,06,21750,A,N,F,A,A,A,H,-,A,D,0,NA,NA,Y,NA,Y,NA,C,02,1,0,0,0,0,0,0,0,1,-,-,34.31523132324219,-116.81044006347656,SAN BERNARDINO,UNINCORPORATED,-116.8105926513672,34.315059661865234
9145559,2020,2021-02-24,3600,2020-12-23,1532,H8241,VC054,3,5,5,3612,0,0,0,NA,0,VC5,ROY ROGERS DR,CIVIC DR,610,W,N,A,-,N,NA,NA,NA,NA,NA,NA,NA,NA,NA,Y,4,0,2,2,A,-,09,21804,A,M,D,C,A,A,H,-,A,A,0,NA,NA,NA,NA,Y,NA,A,07,0,0,2,0,0,0,0,0,0,-,-,NA,NA,SAN BERNARDINO,VICTORVILLE,-117.32582092285156,34.52149200439453
9145560,2020,2021-02-26,3600,2020-12-30,1258,G5366,VC059,3,5,5,3612,0,0,0,NA,0,VC4,LA MESA RD,PACOIMA RD,0,NA,Y,A,-,N,NA,NA,NA,NA,NA,NA,NA,NA,NA,Y,4,0,1,2,A,-,12,21453,A,N,D,-,A,A,H,-,A,A,0,NA,NA,NA,NA,Y,NA,-,-,0,0,1,0,0,0,0,0,0,-,-,NA,NA,SAN BERNARDINO,VICTORVILLE,-117.3555908203125,34.48493957519531