CASE_ID,ACCIDENT_YEAR,PROC_DATE,JURIS,COLLISION_DATE,COLLISION_TIME,OFFICER_ID,REPORTING_DISTRICT,DAY_OF_WEEK,CHP_SHIFT,POPULATION,CNTY_CITY_LOC,SPECIAL_COND,BEAT_TYPE,CHP_BEAT_TYPE,CITY_DIVISION_LAPD,CHP_BEAT_CLASS,BEAT_NUMBER,PRIMARY_RD,SECONDARY_RD,DISTANCE,DIRECTION,INTERSECTION,WEATHER_1,WEATHER_2,STATE_HWY_IND,CALTRANS_COUNTY,CALTRANS_DISTRICT,STATE_ROUTE,ROUTE_SUFFIX,POSTMILE_PREFIX,POSTMILE,LOCATION_TYPE,RAMP_INTERSECTION,SIDE_OF_HWY,TOW_AWAY,COLLISION_SEVERITY,NUMBER_KILLED,NUMBER_INJURED,PARTY_COUNT,PRIMARY_COLL_FACTOR,PCF_CODE_OF_VIOL,PCF_VIOL_CATEGORY,PCF_VIOLATION,PCF_VIOL_SUBSECTION,HIT_AND_RUN,TYPE_OF_COLLISION,MVIW,PED_ACTION,ROAD_SURFACE,ROAD_COND_1,ROAD_COND_2,LIGHTING,CONTROL_DEVICE,CHP_ROAD_TYPE,PEDESTRIAN_ACCIDENT,BICYCLE_ACCIDENT,MOTORCYCLE_ACCIDENT,TRUCK_ACCIDENT,NOT_PRIVATE_PROPERTY,ALCOHOL_INVOLVED,STWD_VEHTYPE_AT_FAULT,CHP_VEHTYPE_AT_FAULT,COUNT_SEVERE_INJ,COUNT_VISIBLE_INJ,COUNT_COMPLAINT_PAIN,COUNT_PED_KILLED,COUNT_PED_INJURED,COUNT_BICYCLIST_KILLED,COUNT_BICYCLIST_INJURED,COUNT_MC_KILLED,COUNT_MC_INJURED,PRIMARY_RAMP,SECONDARY_RAMP,LATITUDE,LONGITUDE,COUNTY,CITY,POINT_X,POINT_Y
92275855,2023,2025-05-16,9860,2023-12-24,135,022582,NA,7,3,9,3600,0,2,4,NA,2,411,CEDAR AVENUE S/B,9TH STREET,30,S,N,B,-,N,NA,NA,NA,NA,NA,NA,NA,NA,NA,N,1,1,0,2,A,-,11,21954,A,F,G,B,D,A,H,-,C,D,0,Y,NA,NA,NA,Y,NA,N,60,0,0,0,1,0,0,0,0,0,-,-,34.04235076904297,-117.39649200439452,SAN BERNARDINO,UNINCORPORATED,-117.39644622802734,34.04237747192383
92277166,2023,2024-01-02,9850,2023-12-24,1300,022591,NA,7,1,5,3619,0,1,1,NA,2,081,I-15 S/B,MAIN ST,3150,S,N,A,-,Y,SBD,NA,15,NA,NA,33.38,H,NA,L,N,4,0,1,3,A,-,03,22350,NA,N,C,C,A,A,D,-,A,D,0,NA,NA,NA,NA,Y,NA,A,07,0,0,1,0,0,0,0,0,0,-,-,34.41917037963867,-117.38639831542967,SAN BERNARDINO,HESPERIA,-117.38644409179688,34.419193267822266
92278101,2023,2024-01-03,9855,2023-12-23,2020,023010,NA,6,2,6,3616,0,1,1,NA,2,203,SR-210 E/B (FOOTHILL FWY),CARNELIAN ST.,1900,W,N,A,-,Y,SBD,NA,210,NA,NA,4.229,H,NA,R,Y,4,0,2,2,A,-,08,22107,NA,N,C,C,A,A,H,-,D,D,0,NA,NA,NA,NA,Y,NA,A,01,0,0,2,0,0,0,0,0,0,-,-,34.134708404541016,-117.62270355224608,SAN BERNARDINO,RANCHO CUCAMONGA,-117.62270355224608,34.13478088378906
92279064,2024,2024-01-04,9865,2024-01-02,1735,021392,NA,2,2,9,3600,0,1,3,NA,1,022,SR-18 N/B,MILEPOST MARKER 37.03,90,N,N,A,-,Y,SBD,NA,18,NA,NA,37.089,H,NA,R,Y,3,0,2,2,A,-,05,21460,A,N,B,C,A,A,H,-,D,D,0,NA,NA,NA,NA,Y,NA,A,01,0,2,0,0,0,0,0,0,0,-,-,34.222930908203125,-117.04296875,SAN BERNARDINO,UNINCORPORATED,-117.04298400878906,34.22294998168945
92279125,2024,2024-01-04,9835,2024-01-03,925,022612,NA,3,1,9,3600,0,1,1,NA,2,077,INTERSTATE 15 SOUTHBOUND,NIPTON RD,1584,N,N,C,-,Y,SBD,NA,15,NA,NA,177.252,H,NA,L,Y,3,0,2,1,A,-,08,22107,NA,N,F,A,A,B,A,H,A,D,0,NA,NA,NA,NA,Y,NA,D,22,0,2,0,0,0,0,0,0,0,-,-,35.48427963256836,-115.44426727294922,SAN BERNARDINO,UNINCORPORATED,-115.44418334960938,35.484256744384766
92279288,2023,2024-01-04,9850,2023-12-28,1355,020817,NA,4,1,5,3612,0,1,1,NA,2,082,I-15 S/B,BEAR VALLEY RD O/C,485,S,N,A,-,Y,SBD,NA,15,NA,NA,37.486,H,NA,L,N,3,0,1,1,A,-,03,22350,NA,N,E,I,A,A,C,-,A,D,0,NA,NA,Y,NA,Y,NA,C,02,0,1,0,0,0,0,0,0,1,-,-,34.46913146972656,-117.3472900390625,SAN BERNARDINO,VICTORVILLE,-117.34735870361328,34.46916580200195
9228036,2021,2021-03-25,3611,2021-01-21,1326,3143,3611,4,5,5,3611,0,0,0,NA,0,004,1ST AV,OLIVE ST,340,N,N,A,-,N,NA,NA,NA,NA,NA,NA,NA,NA,NA,NA,3,0,1,2,A,-,21,22106,NA,N,G,B,E,A,H,-,A,D,0,Y,NA,NA,NA,Y,NA,A,01,0,1,0,0,1,0,0,0,0,-,-,NA,NA,SAN BERNARDINO,UPLAND,-117.64973449707033,34.09157943725586
92281734,2024,2024-01-08,9834,2024-01-03,1215,013633,NA,3,1,9,3600,0,1,1,NA,2,044,INTERSTATE 40 (EASTBOUND),WATER ROAD,24816,E,N,B,C,Y,SBD,NA,40,NA,R,124.72,H,NA,R,Y,4,0,1,2,A,-,03,22350,NA,N,B,C,A,B,H,-,A,D,0,NA,NA,NA,NA,Y,NA,D,22,0,0,1,0,0,0,0,0,0,-,-,34.85493850708008,-114.88948822021484,SAN BERNARDINO,UNINCORPORATED,-114.88948822021484,34.85493850708008
92282079,2023,2024-01-08,9855,2023-12-29,2257,022865,NA,5,3,6,3616,0,1,1,NA,2,201,SR-210 E/B (FOOTHILL FWY),DAY CREEK BLVD,528,E,N,A,-,Y,SBD,NA,210,NA,NA,9.207,H,NA,R,Y,4,0,1,2,A,-,03,22350,NA,N,C,C,A,A,H,-,C,D,0,NA,NA,NA,Y,Y,NA,A,01,0,0,1,0,0,0,0,0,0,-,-,34.1363410949707,-117.5359115600586,SAN BERNARDINO,RANCHO CUCAMONGA,-117.5359115600586,34.136375427246094
92282200,2024,2024-01-08,9855,2024-01-01,948,014637,NA,1,1,6,3607,0,1,1,NA,2,152,I-15 N/B (ONTARIO FWY),JURUPA ST,1500,N,N,A,-,Y,SBD,NA,15,NA,NA,1.61,H,NA,R,Y,4,0,1,2,A,-,07,21658,A,N,C,C,A,A,H,-,A,D,0,NA,NA,NA,NA,Y,NA,A,01,0,0,1,0,0,0,0,0,0,-,-,34.05622863769531,-117.54627990722656,SAN BERNARDINO,ONTARIO,-117.5461654663086,34.056190490722656
92283072,2024,2024-01-09,9835,2024-01-05,1820,022379,NA,5,2,9,3600,0,3,5,NA,2,032,NB HINKLEY RD,SHAVES AVE,1584,S,N,A,-,N,NA,NA,NA,NA,NA,NA,NA,NA,NA,Y,3,0,1,1,A,-,08,22107,NA,N,E,J,A,A,H,-,D,D,0,NA,NA,NA,NA,Y,NA,A,01,0,1,0,0,0,0,0,0,0,-,-,34.873779296875,-117.1888427734375,SAN BERNARDINO,UNINCORPORATED,-117.1889190673828,34.87395095825195
92283596,2023,2024-01-10,9855,2023-12-26,1210,021873,NA,2,1,4,3605,0,1,1,NA,2,103,I-10 E/B (SAN BERNARDINO FWY),MONTE VISTA AVE.,2000,E,N,A,-,Y,SBD,NA,10,NA,NA,0.324,H,NA,R,Y,3,0,1,4,A,-,08,22107,NA,N,E,I,A,A,D,-,A,D,0,NA,NA,NA,Y,Y,NA,A,07,0,1,0,0,0,0,0,0,0,-,-,34.081729888916016,-117.70462036132813,SAN BERNARDINO,MONTCLAIR,-117.70462036132813,34.08173751831055
92284293,2023,2024-01-10,9855,2023-12-22,1750,017351,NA,5,2,6,3607,0,1,1,NA,2,152,I-15 S/B (ONTARIO FWY),4TH STREET,10,N,N,B,-,Y,SBD,NA,15,NA,NA,3.087,H,NA,L,N,3,0,1,2,A,-,03,22350,NA,N,C,C,A,B,H,-,D,D,0,NA,NA,NA,NA,Y,NA,A,01,0,1,0,0,0,0,0,0,0,-,-,34.077518463134766,-117.54493713378906,SAN BERNARDINO,ONTARIO,-117.54498291015624,34.077518463134766
9228467,2020,2021-02-26,3600,2020-12-14,0652,F7786,RC010,1,5,6,3616,0,0,0,NA,0,003,VINTAGE DR,ASCOT PL,0,NA,Y,A,-,N,NA,NA,NA,NA,NA,NA,NA,NA,NA,Y,4,0,1,2,A,-,12,22450,A,N,D,C,A,A,H,-,A,A,0,NA,NA,NA,NA,Y,NA,A,07,0,0,1,0,0,0,0,0,0,-,-,NA,NA,SAN BERNARDINO,RANCHO CUCAMONGA,-117.53424835205078,34.14051818847656
92284768,2024,2024-01-11,9860,2024-01-04,1350,019495,NA,4,1,9,3600,0,3,5,NA,2,004,EL RIVINO RD,KININGHAM DR,94,E,N,A,-,N,NA,NA,NA,NA,NA,NA,NA,NA,NA,N,3,0,1,2,A,-,08,22107,NA,N,B,C,A,A,H,-,A,D,0,NA,NA,NA,NA,Y,NA,A,01,0,1,0,0,0,0,0,0,0,-,-,34.03384017944336,-117.37486267089844,SAN BERNARDINO,UNINCORPORATED,-117.37490081787108,34.03386306762695
92284804,2023,2024-01-11,9860,2023-12-27,1805,022617,NA,3,2,9,3600,0,1,1,NA,2,152,I-15 S/B,SR-138,250,S,N,A,-,Y,SBD,NA,15,NA,R,21.323,H,NA,L,N,4,0,1,2,A,-,03,22350,NA,F,C,C,A,A,H,-,D,D,0,NA,NA,NA,NA,Y,NA,D,22,0,0,1,0,0,0,0,0,0,-,-,34.31122970581055,-117.47451782226563,SAN BERNARDINO,UNINCORPORATED,-117.47445678710938,34.311279296875
92284871,2024,2024-01-11,9855,2024-01-04,1605,022450,NA,4,2,6,3616,0,1,1,NA,2,152,I-15 S/B (ONTARIO FWY),4TH STREET,2400,N,N,A,-,Y,SBD,NA,15,NA,NA,3.546,H,NA,L,N,4,0,1,2,A,-,03,22350,NA,N,C,C,A,A,H,-,A,D,0,NA,NA,NA,NA,Y,NA,A,01,0,0,1,0,0,0,0,0,0,-,-,34.084129333496094,-117.54489135742188,SAN BERNARDINO,RANCHO CUCAMONGA,-117.54493713378906,34.084129333496094
92287750,2024,2024-01-16,9865,2024-01-11,700,017407,NA,4,1,9,3600,0,1,3,NA,2,045,STATE ROUTE 38,VALLEY OF THE FALLS DRIVE,5808,E,N,B,-,Y,SBD,NA,38,NA,NA,16.164,H,NA,R,Y,3,0,1,1,A,-,03,22350,NA,N,E,I,A,C,H,-,A,D,0,NA,NA,NA,NA,Y,NA,D,22,0,1,0,0,0,0,0,0,0,-,-,34.10607147216797,-116.9729232788086,SAN BERNARDINO,UNINCORPORATED,-116.97279357910156,34.106117248535156
92288391,2023,2024-01-16,9855,2023-12-06,2015,023582,NA,3,2,6,3607,0,1,1,NA,2,152,I-15 S/B (ONTARIO FWY),JURUPA AVE.,2640,N,N,A,-,Y,SBD,NA,15,NA,NA,1.404,H,NA,L,N,4,0,2,2,A,-,08,22107,NA,N,C,C,A,A,H,-,A,D,0,NA,NA,NA,NA,Y,NA,A,01,0,0,2,0,0,0,0,0,0,-,-,34.05345153808594,-117.54792785644533,SAN BERNARDINO,ONTARIO,-117.54790496826172,34.05344009399414
92289568,2024,2024-01-17,9835,2024-01-08,1623,022794,NA,1,2,9,3600,0,1,1,NA,2,075,NB I-15,HALLORAN SPRINGS ROAD,21437,N,N,A,-,Y,SBD,NA,15,NA,NA,153.673,H,NA,R,Y,3,0,1,3,A,-,07,21658,A,N,E,8,A,A,H,-,A,D,0,NA,NA,NA,Y,Y,NA,I,10,0,1,0,0,0,0,0,0,0,-,-,35.394500732421875,-115.82341766357422,SAN BERNARDINO,UNINCORPORATED,-115.82345581054688,35.394596099853516
92290225,2024,2024-01-18,9855,2024-01-10,705,018313,NA,3,1,6,3607,0,1,3,NA,2,601,SR-60 W/B (POMONA FWY),VINEYARD AVE,1500,E,N,A,-,Y,SBD,NA,60,NA,R,7.323,H,NA,L,N,4,0,1,4,A,-,03,22350,NA,N,C,C,A,A,H,-,A,D,0,NA,NA,NA,NA,Y,NA,A,01,0,0,1,0,0,0,0,0,0,-,-,34.03070831298828,-117.60310363769533,SAN BERNARDINO,ONTARIO,-117.60309600830078,34.03068161010742
9229211,2021,2021-03-30,3604,2021-02-01,1715,1086,NA,1,5,6,3604,0,0,0,NA,0,003,CATAWBA AV,SAN BERNARDINO AV,0,NA,Y,A,-,N,NA,NA,NA,NA,NA,NA,NA,NA,NA,Y,3,0,1,2,A,-,12,22450,A,N,D,C,A,A,H,-,B,A,0,NA,NA,NA,NA,Y,NA,-,-,0,1,0,0,0,0,0,0,0,-,-,NA,NA,SAN BERNARDINO,FONTANA,-117.45809173583984,34.077510833740234
92296061,2024,2024-01-24,9860,2024-01-22,705,019419,NA,1,1,6,3610,0,1,1,NA,2,202,SR-210 W/B,DEL ROSA AVE,104,W,N,B,C,Y,SBD,NA,210,NA,R,25.703,H,NA,L,N,4,0,1,2,A,-,07,21658,A,N,D,C,A,B,H,-,B,D,0,NA,NA,NA,NA,Y,NA,A,01,0,0,1,0,0,0,0,0,0,-,-,34.142791748046875,-117.25289916992188,SAN BERNARDINO,SAN BERNARDINO,-117.25289154052734,34.14280700683594
92296887,2024,2024-01-25,9860,2024-01-16,50,022439,NA,2,3,6,3610,0,1,1,NA,2,216,I-215 N/B,PALM AVE,1200,S,N,A,-,Y,SBD,NA,215,NA,NA,13.875,H,NA,R,Y,3,0,2,2,A,-,01,23152,A,N,C,2,A,A,H,-,D,D,0,NA,NA,NA,NA,Y,Y,A,01,0,2,0,0,0,0,0,0,0,-,-,34.18904113769531,-117.3582763671875,SAN BERNARDINO,SAN BERNARDINO,-117.35826873779295,34.189048767089844
92297117,2024,2024-01-25,9850,2024-01-22,957,021162,NA,1,1,9,3600,0,1,1,NA,2,083,I-15 S/B,BELL MOUNTAIN ROAD,600,S,N,B,-,Y,SBD,NA,15,NA,NA,47.587,H,NA,L,N,3,0,1,1,A,-,08,22107,NA,N,F,A,A,B,H,-,A,D,0,NA,NA,NA,NA,Y,NA,A,07,0,1,0,0,0,0,0,0,0,-,-,34.592559814453125,-117.25855255126952,SAN BERNARDINO,UNINCORPORATED,-117.258544921875,34.59255599975586
92297726,2024,2024-01-26,9835,2024-01-17,615,022078,NA,3,1,9,3600,0,1,2,NA,1,014,US-395,CUDDEBACK RD,1897,N,N,A,-,N,NA,NA,NA,NA,NA,NA,NA,NA,NA,Y,4,0,2,3,A,-,05,21460,A,N,A,C,A,A,H,-,D,D,0,NA,NA,NA,Y,Y,NA,A,01,0,0,2,0,0,0,0,0,0,-,-,35.2586784362793,-117.61277770996094,SAN BERNARDINO,UNINCORPORATED,-117.6127471923828,35.25868606567383
9230021,2021,2021-03-19,3603,2021-01-26,0701,4012,CPD,2,5,4,3603,0,0,0,NA,0,002,VALLEY BL,9TH ST,0,NA,Y,A,-,N,NA,NA,NA,NA,NA,NA,NA,NA,NA,N,4,0,1,2,A,-,08,22107,NA,N,D,C,A,A,H,-,A,A,0,NA,NA,NA,NA,Y,NA,A,01,0,0,1,0,0,0,0,0,0,-,-,34.06663131713867,-117.32276916503906,SAN BERNARDINO,COLTON,-117.3227767944336,34.066646575927734
92300532,2024,2024-01-30,9855,2024-01-03,730,015461,NA,3,1,6,3616,0,1,1,NA,2,201,SR-210 E/B (FOOTHILL FWY),DAY CREEK BOULEVARD,432,E,N,C,-,Y,SBD,NA,210,NA,NA,9.254,H,NA,R,Y,4,0,2,2,A,-,03,22350,NA,N,E,I,A,B,H,-,A,D,0,NA,NA,NA,NA,Y,NA,A,01,0,0,2,0,0,0,0,0,0,-,-,34.136260986328125,-117.53510284423828,SAN BERNARDINO,RANCHO CUCAMONGA,-117.53509521484376,34.1363639831543
92300650,2024,2024-02-20,9835,2024-01-29,820,017111,NA,1,1,9,3600,0,3,5,NA,2,034,CHLORIDE RD,SPYROCK AVE,1109,W,N,A,-,N,NA,NA,NA,NA,NA,NA,NA,NA,NA,Y,1,1,1,1,A,-,08,22107,NA,N,E,I,A,A,H,-,A,A,0,NA,NA,NA,NA,Y,NA,A,01,0,0,1,0,0,0,0,0,0,-,-,34.850738525390625,-116.76228332519533,SAN BERNARDINO,UNINCORPORATED,-116.76309204101563,34.85072326660156
92300900,2024,2024-01-30,9850,2024-01-21,1305,017377,NA,7,1,9,3600,0,2,4,NA,2,066,PHELAN ROAD,SUNNY VISTA ROAD,455,W,N,A,-,N,NA,NA,NA,NA,NA,NA,NA,NA,NA,Y,2,0,1,2,A,-,12,22451,B,N,H,F,A,A,H,-,A,A,0,NA,NA,NA,NA,Y,NA,A,07,1,0,0,0,0,0,0,0,0,-,-,34.42646026611328,-117.46572113037108,SAN BERNARDINO,UNINCORPORATED,-117.46580505371094,34.42647933959961
92301258,2023,2024-01-30,9835,2023-05-30,2148,020389,NA,2,2,3,3601,0,1,1,NA,2,041,I-40 WESTBOUND TO EAST MAIN STREET,CAL AVENUE,1690,E,N,A,-,Y,SBD,NA,40,NA,S,0.647,H,NA,L,N,1,1,0,2,A,-,11,21954,A,N,G,B,D,A,H,-,C,D,0,Y,NA,NA,NA,Y,Y,N,60,0,0,0,1,0,0,0,0,0,-,-,34.887718200683594,-116.99421691894533,SAN BERNARDINO,BARSTOW,-116.99424743652344,34.887699127197266
92301277,2024,2024-01-30,9834,2024-01-26,1205,018163,NA,5,1,9,3600,0,1,1,NA,2,048,I-40 WESTBOUND,40 SBD 149.27,20,W,N,A,-,Y,SBD,NA,40,NA,NA,149.275,H,NA,L,Y,4,0,1,2,A,-,03,22350,NA,N,C,C,A,A,H,-,A,D,0,NA,NA,NA,NA,Y,NA,D,22,0,0,1,0,0,0,0,0,0,-,-,34.7500114440918,-114.5634536743164,SAN BERNARDINO,UNINCORPORATED,-114.56340026855467,34.750038146972656
92303146,2023,2024-03-08,9860,2023-01-18,420,021342,NA,3,3,9,3600,0,1,3,NA,1,010,STATE ROUTE 138,CLEGHORN ROAD,1148,W,N,A,-,Y,SBD,NA,138,NA,R,19.175,H,NA,R,Y,1,1,0,1,A,-,08,22107,NA,N,F,A,A,C,H,-,D,D,0,NA,NA,NA,NA,Y,NA,D,22,0,0,0,0,0,0,0,0,0,-,-,34.32527160644531,-117.42668914794922,SAN BERNARDINO,UNINCORPORATED,-117.42668914794922,34.32518005371094
92303215,2023,2024-02-01,9860,2023-11-12,1640,022641,NA,7,2,6,3610,0,1,1,NA,2,216,I-215 NORTHBOUND,MASSACHUSETTS AVE,75,S,N,A,-,Y,SBD,NA,215,NA,NA,9.012,H,NA,R,Y,3,0,1,2,A,-,03,22350,NA,N,C,C,A,A,H,-,A,D,0,NA,NA,Y,NA,Y,NA,C,02,0,1,0,0,0,0,0,0,1,-,-,34.13296890258789,-117.30809783935548,SAN BERNARDINO,SAN BERNARDINO,-117.30809783935548,34.132972717285156
9230360,2021,2021-03-26,3604,2021-02-13,2127,769,NA,6,5,6,3604,0,0,0,NA,0,003,SAN BERNARDINO AV,CATAWBA AV,0,NA,Y,A,-,N,NA,NA,NA,NA,NA,NA,NA,NA,NA,Y,4,0,1,2,A,-,12,22450,A,N,D,D,A,A,H,-,C,A,0,NA,NA,NA,NA,Y,NA,A,07,0,0,1,0,0,0,0,0,0,-,-,NA,NA,SAN BERNARDINO,FONTANA,-117.45809173583984,34.077510833740234
9230497,2021,2021-04-06,3600,2021-02-08,1326,I15491,HE108,1,5,5,3619,0,0,0,NA,0,HE1,7TH AV,MANZANITA ST,19,S,N,A,-,N,NA,NA,NA,NA,NA,NA,NA,NA,NA,Y,4,0,1,3,A,-,03,22350,NA,M,C,C,A,A,H,-,A,A,0,NA,NA,NA,NA,Y,NA,-,NA,0,0,1,0,0,0,0,0,0,-,-,NA,NA,SAN BERNARDINO,HESPERIA,-117.31230926513672,34.46525955200195
92304980,2024,2024-02-05,9830,2024-01-24,234,022202,NA,3,3,9,3600,0,1,3,NA,1,061,SR-178,TRONA RD,8290,W,N,A,-,Y,SBD,NA,178,NA,NA,5.822,H,NA,R,Y,2,0,1,1,A,-,01,23152,A,N,E,I,A,A,H,-,D,D,0,NA,NA,NA,NA,Y,Y,A,01,1,0,0,0,0,0,0,0,0,-,-,35.64392852783203,-117.53742218017578,SAN BERNARDINO,UNINCORPORATED,-117.53742980957033,35.643985748291016
9230505,2021,2021-03-25,3605,2021-02-16,1245,446,NA,2,5,4,3605,0,0,0,NA,0,NA,ARROW HWY,MILLS AV,39,E,N,A,-,N,NA,NA,NA,NA,NA,NA,NA,NA,NA,N,4,0,1,2,A,-,03,22350,NA,N,C,C,A,A,H,-,A,A,0,NA,NA,NA,NA,Y,NA,A,01,0,0,1,0,0,0,0,0,0,-,-,NA,NA,SAN BERNARDINO,MONTCLAIR,-117.70679473876952,34.09261703491211
92305086,2023,2024-02-05,9860,2023-11-16,1850,022931,NA,4,2,9,3600,0,1,1,NA,2,151,I-15 S/B,CLEGHORN RD,7022,S,N,A,-,Y,SBD,NA,15,NA,R,18.689,H,NA,L,N,4,0,1,3,A,-,08,22107,NA,N,C,C,A,A,H,-,D,D,0,NA,NA,NA,NA,Y,NA,A,01,0,0,1,0,0,0,0,0,0,-,-,34.280879974365234,-117.45246887207033,SAN BERNARDINO,UNINCORPORATED,-117.4524383544922,34.2808837890625
92305324,2024,2024-02-05,9855,2024-01-23,1808,016215,NA,2,2,5,3602,0,1,3,NA,2,603,SR-60 W/B (POMONA FWY),RESERVOIR STREET,4378,E,N,A,-,Y,SBD,NA,60,NA,R,0.747,H,NA,L,N,3,0,1,2,A,-,07,21658,A,N,B,C,A,A,H,-,C,D,0,NA,NA,NA,Y,Y,NA,G,25,0,1,0,0,0,0,0,0,0,-,-,34.028541564941406,-117.71739959716795,SAN BERNARDINO,CHINO,-117.71737670898438,34.028507232666016
92306571,2024,2024-02-06,9860,2024-02-05,815,016590,NA,1,1,6,3610,0,1,1,NA,2,201,SR-210 W/B,THE MUSCOY RXR O/C,100,E,N,B,C,Y,SBD,NA,210,NA,NA,20.213,H,NA,L,Y,4,0,1,1,A,-,03,22350,NA,N,E,I,A,B,H,-,A,D,0,NA,NA,NA,NA,Y,NA,A,01,0,0,1,0,0,0,0,0,0,-,-,34.1349983215332,-117.34417724609376,SAN BERNARDINO,SAN BERNARDINO,-117.34417724609376,34.13500213623047
92308733,2024,2024-02-08,9860,2024-02-07,1742,020282,NA,3,2,4,3603,0,1,1,NA,2,214,I-215 S/B,WASHINGTON ST,1584,S,N,B,-,Y,SBD,NA,215,NA,NA,2.421,H,NA,L,N,4,0,2,2,A,-,03,22350,NA,N,C,C,A,B,H,-,C,D,0,NA,NA,NA,NA,Y,NA,A,01,0,0,2,0,0,0,0,0,0,-,-,34.045169830322266,-117.3112335205078,SAN BERNARDINO,COLTON,-117.31124114990234,34.0451774597168
9231010,2021,2021-03-19,3600,2021-01-15,1401,D3311,YC404,5,5,4,3640,0,0,0,NA,0,YC3,AVENUE E,12TH ST,560,W,N,A,-,N,NA,NA,NA,NA,NA,NA,NA,NA,NA,Y,3,0,1,1,A,-,03,22350,NA,N,E,I,A,A,H,-,A,D,0,NA,NA,NA,NA,Y,NA,A,07,0,1,0,0,0,0,0,0,0,-,-,NA,NA,SAN BERNARDINO,YUCAIPA,-117.08856964111328,34.02661895751953
92310213,2024,2024-02-09,9855,2024-02-02,139,022510,NA,5,3,6,3616,0,1,1,NA,2,153,I-15 N/B (ONTARIO FWY),SR-210 (FOOTHILL FWY),1584,S,N,B,-,Y,SBD,NA,15,NA,NA,7.896,H,NA,R,Y,3,0,1,3,A,-,01,23152,A,N,C,2,A,B,H,-,C,D,0,NA,NA,NA,Y,Y,Y,A,07,0,1,0,0,0,0,0,0,0,-,-,34.13274002075195,-117.4999771118164,SAN BERNARDINO,RANCHO CUCAMONGA,-117.4999771118164,34.13273620605469
92310874,2024,2024-02-12,9860,2024-02-02,245,022944,NA,5,3,9,3600,0,2,4,NA,2,411,CEDAR AVENUE,VALLEY BLVD.,20,S,N,B,-,N,NA,NA,NA,NA,NA,NA,NA,NA,NA,N,4,0,1,1,A,-,08,22107,NA,N,E,J,A,A,H,-,C,A,0,NA,NA,NA,NA,Y,NA,A,01,0,0,1,0,0,0,0,0,0,-,-,34.070308685302734,-117.3959732055664,SAN BERNARDINO,UNINCORPORATED,-117.39610290527344,34.07042694091797
92311725,2024,2024-02-12,9850,2024-02-02,1740,022591,NA,5,2,9,3600,0,1,3,NA,2,046,SR-247 S/B,RABBIT SPRINGS RD,0,NA,Y,A,-,N,NA,NA,NA,NA,NA,NA,NA,NA,NA,Y,4,0,1,2,A,-,09,21804,A,N,D,C,A,A,H,-,D,D,0,NA,NA,NA,NA,Y,NA,A,01,0,0,1,0,0,0,0,0,0,-,-,34.45840835571289,-116.9457778930664,SAN BERNARDINO,UNINCORPORATED,-116.9457778930664,34.45840835571289
92312732,2024,2024-02-13,9855,2024-01-31,542,019732,NA,3,3,6,3607,0,1,1,NA,2,101,I-10 W/B (SAN BERNARDINO FWY),MILLIKEN AVE.,1000,E,N,B,-,Y,SBD,NA,10,NA,NA,9.377,H,NA,L,N,4,0,1,2,A,-,03,22350,NA,N,C,C,A,A,H,-,A,D,0,NA,NA,NA,NA,Y,NA,A,01,0,0,1,0,0,0,0,0,0,-,-,34.06769943237305,-117.5546875,SAN BERNARDINO,ONTARIO,-117.5546875,34.06754684448242
92314827,2024,2024-02-15,9860,2024-02-07,2055,022641,NA,3,2,6,3604,0,1,1,NA,2,102,I-10 WESTBOUND,CEDAR AVE,900,W,N,B,C,Y,SBD,NA,10,NA,NA,17.892,H,NA,L,Y,4,0,1,4,A,-,03,22350,NA,N,C,C,A,B,D,-,D,D,0,NA,NA,NA,Y,Y,NA,A,01,0,0,1,0,0,0,0,0,0,-,-,34.0679817199707,-117.4066162109375,SAN BERNARDINO,FONTANA,-117.4066162109375,34.06792449951172
92318132,2024,2024-02-20,9860,2024-02-13,150,022319,NA,2,3,6,3610,0,1,1,NA,2,201,SR-210 E/B TO I-215,27TH ST.,265,W,N,A,-,Y,NA,NA,NA,NA,NA,NA,NA,NA,NA,Y,3,0,1,1,A,-,01,23152,A,N,E,8,A,A,H,-,C,D,0,NA,NA,NA,NA,Y,Y,A,01,0,1,0,0,0,0,0,0,0,-,-,34.13951110839844,-117.32421875,SAN BERNARDINO,SAN BERNARDINO,-117.32421875,34.13951110839844