CASE_ID,ACCIDENT_YEAR,PROC_DATE,JURIS,COLLISION_DATE,COLLISION_TIME,OFFICER_ID,REPORTING_DISTRICT,DAY_OF_WEEK,CHP_SHIFT,POPULATION,CNTY_CITY_LOC,SPECIAL_COND,BEAT_TYPE,CHP_BEAT_TYPE,CITY_DIVISION_LAPD,CHP_BEAT_CLASS,BEAT_NUMBER,PRIMARY_RD,SECONDARY_RD,DISTANCE,DIRECTION,INTERSECTION,WEATHER_1,WEATHER_2,STATE_HWY_IND,CALTRANS_COUNTY,CALTRANS_DISTRICT,STATE_ROUTE,ROUTE_SUFFIX,POSTMILE_PREFIX,POSTMILE,LOCATION_TYPE,RAMP_INTERSECTION,SIDE_OF_HWY,TOW_AWAY,COLLISION_SEVERITY,NUMBER_KILLED,NUMBER_INJURED,PARTY_COUNT,PRIMARY_COLL_FACTOR,PCF_CODE_OF_VIOL,PCF_VIOL_CATEGORY,PCF_VIOLATION,PCF_VIOL_SUBSECTION,HIT_AND_RUN,TYPE_OF_COLLISION,MVIW,PED_ACTION,ROAD_SURFACE,ROAD_COND_1,ROAD_COND_2,LIGHTING,CONTROL_DEVICE,CHP_ROAD_TYPE,PEDESTRIAN_ACCIDENT,BICYCLE_ACCIDENT,MOTORCYCLE_ACCIDENT,TRUCK_ACCIDENT,NOT_PRIVATE_PROPERTY,ALCOHOL_INVOLVED,STWD_VEHTYPE_AT_FAULT,CHP_VEHTYPE_AT_FAULT,COUNT_SEVERE_INJ,COUNT_VISIBLE_INJ,COUNT_COMPLAINT_PAIN,COUNT_PED_KILLED,COUNT_PED_INJURED,COUNT_BICYCLIST_KILLED,COUNT_BICYCLIST_INJURED,COUNT_MC_KILLED,COUNT_MC_INJURED,PRIMARY_RAMP,SECONDARY_RAMP,LATITUDE,LONGITUDE,COUNTY,CITY,POINT_X,POINT_Y
92424930,2024,2024-06-27,9855,2024-06-17,713,019183,NA,1,1,6,3607,0,1,1,NA,2,103,I-10 E/B (SAN BERNARDINO FWY),4TH STREET,1056,W,N,B,-,Y,SBD,NA,10,NA,NA,4.998,H,NA,R,Y,4,0,1,4,A,-,03,22350,NA,N,C,C,A,A,D,-,A,D,0,NA,NA,NA,NA,Y,NA,A,01,0,0,1,0,0,0,0,0,0,-,-,34.07965850830078,-117.62705993652344,SAN BERNARDINO,ONTARIO,-117.62708282470705,34.07963180541992
92425141,2024,2024-06-27,9860,2024-06-17,1750,023503,NA,1,2,9,3600,0,1,1,NA,2,152,I-15 N/B,CLEGHORN RD,80,N,N,A,-,Y,SBD,NA,15,NA,R,20.045,H,NA,R,N,3,0,1,3,A,-,03,22350,NA,N,C,C,A,A,H,-,A,D,0,NA,NA,NA,NA,Y,NA,A,01,0,1,0,0,0,0,0,0,0,-,-,34.299259185791016,-117.4577407836914,SAN BERNARDINO,UNINCORPORATED,-117.4577178955078,34.29927444458008
92426078,2024,2024-06-28,9855,2024-06-03,55,022984,NA,1,3,4,3605,0,1,1,NA,2,103,I-10 E/B (SAN BERNARDINO FREEWAY),CENTRAL AVENUE,1400,W,N,A,-,Y,SBD,NA,10,NA,NA,0.958,H,NA,R,Y,3,0,1,1,A,-,03,22350,NA,N,C,J,A,A,H,-,C,D,0,NA,NA,NA,NA,Y,NA,A,01,0,1,0,0,0,0,0,0,0,-,-,34.08340072631836,-117.69393157958984,SAN BERNARDINO,MONTCLAIR,-117.69398498535156,34.083492279052734
92426703,2024,2024-07-01,9860,2024-06-27,1815,022679,NA,4,2,9,3600,0,1,1,NA,2,151,I-15 N/B,KENWOOD AVENUE,2059,N,N,A,-,Y,SBD,NA,15,NA,R,15.378,H,NA,R,Y,3,0,1,2,A,-,07,21658,A,N,C,C,A,A,H,-,A,D,0,NA,NA,Y,NA,Y,NA,A,01,0,1,0,0,0,0,0,0,1,-,-,34.240638732910156,-117.4301300048828,SAN BERNARDINO,UNINCORPORATED,-117.43009185791016,34.24067306518555
92428548,2024,2024-07-02,9865,2024-06-23,1047,021587,NA,7,1,9,3600,0,1,3,NA,1,010,SR-18 N/B,MPM 15.16,480,N,N,A,-,Y,SBD,NA,18,NA,R,15.337,H,NA,R,Y,2,0,2,2,A,-,03,22350,NA,N,F,0,A,A,H,-,A,A,0,NA,NA,Y,NA,Y,NA,C,02,1,1,0,0,0,0,0,0,2,-,-,34.226070404052734,-117.30573272705078,SAN BERNARDINO,UNINCORPORATED,-117.30574035644533,34.226051330566406
92429638,2024,2024-07-03,9855,2024-06-09,325,022984,NA,7,3,6,3616,0,1,1,NA,2,152,I-15 S/B (ONTARIO FREEWAY),JURUPA STREET,3500,N,N,A,-,Y,SBD,NA,15,NA,NA,1.723,H,NA,L,Y,2,0,5,2,A,-,01,23152,A,N,C,3,A,A,H,-,C,D,0,NA,NA,NA,NA,Y,Y,D,22,1,4,0,0,0,0,0,0,0,-,-,34.0577507019043,-117.54579925537108,SAN BERNARDINO,RANCHO CUCAMONGA,-117.54586029052734,34.05776596069336
92429658,2024,2024-07-03,9855,2024-06-26,1430,021006,NA,3,2,6,3607,0,1,1,NA,2,103,I-10 E/B (SAN BERNARDINO FWY),HAVEN AVENUE,500,W,N,A,-,Y,SBD,NA,10,NA,NA,8.11,H,NA,R,N,4,0,1,3,A,-,03,22350,NA,N,C,C,A,A,H,-,A,D,0,NA,NA,NA,NA,Y,NA,A,01,0,0,1,0,0,0,0,0,0,-,-,34.06732177734375,-117.57679748535156,SAN BERNARDINO,ONTARIO,-117.57679748535156,34.067466735839844
92431228,2024,2024-07-05,9855,2024-06-23,246,022900,NA,7,3,6,3607,0,1,3,NA,2,603,SR-60 E/B (POMONA FWY),MILLIKEN AVE,1470,W,N,A,-,Y,SBD,NA,60,NA,R,9.721,H,NA,R,Y,3,0,2,2,A,-,03,22350,NA,N,C,C,A,A,H,-,A,D,0,NA,NA,NA,NA,Y,Y,A,01,0,1,1,0,0,0,0,0,0,-,-,34.025089263916016,-117.56226348876952,SAN BERNARDINO,ONTARIO,-117.5622787475586,34.02503967285156
92431384,2024,2024-07-05,9865,2024-06-14,808,020872,NA,5,1,9,3600,0,1,3,NA,2,011,SR-18,SR-189,40,S,N,A,-,Y,SBD,NA,18,NA,NA,20.596,H,NA,R,N,4,0,1,2,A,-,21,22106,NA,M,G,B,E,A,D,-,A,A,0,Y,NA,NA,NA,Y,NA,-,-,0,0,1,0,1,0,0,0,0,-,-,34.22834014892578,-117.25150299072266,SAN BERNARDINO,UNINCORPORATED,-117.25145721435548,34.22826385498047
92431698,2024,2024-07-05,9860,2024-07-01,1955,022630,NA,1,2,9,3600,0,2,4,NA,2,411,CEDAR AVE. (NORTHBOUND LANES),6TH ST.,190,S,N,A,-,N,NA,NA,NA,NA,NA,NA,NA,NA,NA,Y,4,0,1,2,A,-,07,21658,A,N,B,2,A,A,H,-,A,D,0,NA,NA,NA,NA,Y,NA,A,01,0,0,1,0,0,0,0,0,0,-,-,34.03871154785156,-117.39629364013672,SAN BERNARDINO,UNINCORPORATED,-117.39644622802734,34.03874969482422
92436594,2024,2024-07-11,9860,2024-07-10,1200,019429,NA,3,1,6,3610,0,1,1,NA,2,201,SR-210 W/B TO STATE STREET,STATE ST,50,E,N,A,-,Y,NA,NA,NA,NA,NA,NA,NA,NA,NA,Y,3,0,1,2,A,-,03,22350,NA,N,C,C,A,A,H,-,A,A,0,NA,NA,NA,NA,Y,NA,A,01,0,1,0,0,0,0,0,0,0,-,-,34.13508987426758,-117.3351821899414,SAN BERNARDINO,SAN BERNARDINO,-117.33718872070313,34.134742736816406
92437782,2024,2024-07-12,9835,2024-07-10,2335,022379,NA,3,3,9,3600,0,1,1,NA,2,075,I-15 N/B,E. BAKER BLVD,29568,N,N,A,-,Y,SBD,NA,15,NA,NA,144.28,H,NA,R,Y,4,0,1,2,A,-,03,22350,NA,N,C,C,A,A,H,-,D,D,0,NA,NA,NA,Y,Y,NA,G,25,0,0,1,0,0,0,0,0,0,-,-,35.33208084106445,-115.96916961669922,SAN BERNARDINO,UNINCORPORATED,-115.96920776367188,35.33211898803711
92443375,2024,2024-07-19,9855,2024-07-05,1,022865,NA,5,3,6,3616,0,1,1,NA,2,201,SR-210 W/B (FOOTHILL FWY),MILLIKEN AVE.,1056,W,N,A,-,Y,SBD,NA,210,NA,NA,7.603,H,NA,L,Y,4,0,1,1,A,-,08,22107,NA,N,E,I,A,A,H,-,C,D,0,NA,NA,NA,NA,Y,NA,A,07,0,0,1,0,0,0,0,0,0,-,-,34.13690185546875,-117.56382751464844,SAN BERNARDINO,RANCHO CUCAMONGA,-117.56382751464844,34.136802673339844
92443455,2024,2024-07-19,9835,2024-07-18,1931,023120,NA,4,2,9,3600,0,1,1,NA,2,073,I-15 S/B,HARVARD RD,12144,N,N,A,-,Y,SBD,NA,15,NA,R,98.748,H,NA,L,Y,3,0,1,2,A,-,07,21658,A,N,B,C,A,A,H,-,A,D,0,NA,NA,NA,Y,Y,NA,A,01,0,1,0,0,0,0,0,0,0,-,-,34.97972106933594,-116.60836791992188,SAN BERNARDINO,UNINCORPORATED,-116.60839080810548,34.97975158691406
9245581,2021,2021-04-01,3608,2021-03-01,1627,3675,NA,1,5,5,3608,0,0,0,NA,0,NA,COLTON AV,ALTA ST,0,NA,Y,A,-,N,NA,NA,NA,NA,NA,NA,NA,NA,NA,Y,4,0,1,2,A,-,08,22107,NA,N,D,C,A,A,H,-,A,A,0,NA,NA,NA,NA,Y,NA,A,08,0,0,1,0,0,0,0,0,0,-,-,NA,NA,SAN BERNARDINO,REDLANDS,-117.1814193725586,34.06283187866211
9246148,2021,2021-04-13,3605,2021-03-15,1159,396,3605,1,5,4,3605,0,0,0,NA,0,NA,STATE ST,GREENWOOD AV,250,E,N,B,-,N,NA,NA,NA,NA,NA,NA,NA,NA,NA,Y,3,0,1,2,A,-,09,21801,A,N,A,C,A,B,H,-,A,D,0,NA,NA,NA,NA,Y,NA,A,01,0,1,0,0,0,0,0,0,0,-,-,NA,NA,SAN BERNARDINO,MONTCLAIR,-117.698923,34.059713
9246149,2021,2021-04-13,3605,2021-03-08,1840,284,NA,1,5,4,3605,0,0,0,NA,0,NA,ARROW HWY,CAMULOS AV,0,NA,Y,A,-,N,NA,NA,NA,NA,NA,NA,NA,NA,NA,N,4,0,2,2,A,-,09,21801,A,N,D,C,A,A,H,-,C,A,0,NA,NA,NA,NA,Y,NA,A,01,0,0,2,0,0,0,0,0,0,-,-,NA,NA,SAN BERNARDINO,MONTCLAIR,-117.70487213134766,34.092594146728516
9247182,2021,2021-04-28,3600,2021-03-19,0909,E6889,HE117,5,5,5,3619,0,0,0,NA,0,HE3,MAIN ST,RT 15,0,NA,Y,A,-,Y,SBD,8,15,-,-,34.143,R,4,S,Y,4,0,1,2,A,-,12,21453,A,N,D,C,A,A,H,-,A,A,0,NA,NA,NA,NA,Y,NA,A,01,0,0,1,0,0,0,0,0,0,-,SF,NA,NA,SAN BERNARDINO,HESPERIA,-117.37918853759766,34.428466796875
92481195,2024,2024-07-22,9865,2024-07-15,20,021892,NA,1,3,9,3600,0,1,3,NA,1,010,RT 18,SR-138,2640,N,N,A,-,Y,SBD,NA,18,NA,NA,18.403,H,NA,R,N,3,0,2,1,A,-,08,22107,NA,N,F,J,A,A,H,-,C,D,0,NA,NA,NA,NA,Y,NA,A,01,0,2,0,0,0,0,0,0,0,-,-,34.22893142700195,-117.28185272216795,SAN BERNARDINO,UNINCORPORATED,-117.28192138671876,34.22894287109375
92481199,2024,2024-07-22,9835,2024-07-19,1208,022308,NA,5,1,9,3600,0,1,3,NA,1,019,STATE ROUTE 247,BONANZA ROAD,3802,S,N,A,-,Y,SBD,NA,247,NA,NA,75.628,H,NA,R,Y,3,0,1,1,A,-,08,22107,NA,N,F,A,A,A,H,-,A,D,0,NA,NA,Y,NA,Y,NA,C,02,0,1,0,0,0,0,0,0,1,-,-,34.85110855102539,-117.0143585205078,SAN BERNARDINO,UNINCORPORATED,-117.0143814086914,34.851104736328125
9248233,2021,2021-04-16,3602,2021-03-22,0724,4110,NA,1,5,5,3602,0,0,0,NA,0,002,CHINO AV,CYPRESS AV,0,NA,Y,A,-,N,NA,NA,NA,NA,NA,NA,NA,NA,NA,Y,4,0,1,2,D,-,00,NA,NA,N,D,C,A,A,H,-,A,A,0,NA,NA,NA,NA,Y,NA,-,-,0,0,1,0,0,0,0,0,0,-,-,34.01200866699219,-117.6631317138672,SAN BERNARDINO,CHINO,-117.66310119628906,34.01199722290039
9249830,2021,2021-04-23,3600,2021-01-21,1650,B5934,AD210,4,5,3,3613,0,0,0,NA,0,AD2,AIR EXPRESSWAY BL,STEVENS ST,0,NA,Y,A,-,N,NA,NA,NA,NA,NA,NA,NA,NA,NA,Y,4,0,2,2,A,-,09,21804,A,N,D,C,A,A,H,-,A,A,0,NA,NA,NA,NA,Y,NA,A,01,0,0,2,0,0,0,0,0,0,-,-,NA,NA,SAN BERNARDINO,ADELANTO,-117.4404525756836,34.57225799560547
9250330,2021,2021-04-30,3600,2021-04-03,1947,G6198,VC048,6,5,5,3612,0,0,0,NA,0,VC6,CAZADERO RD,PUESTA DEL SOL DR,18,S,N,A,-,N,NA,NA,NA,NA,NA,NA,NA,NA,NA,Y,4,0,3,1,A,-,01,23152,NA,N,E,I,A,A,H,-,C,D,0,NA,NA,NA,NA,Y,Y,A,01,0,0,3,0,0,0,0,0,0,-,-,NA,NA,SAN BERNARDINO,VICTORVILLE,-117.31964874267578,34.543312072753906
9250652,2021,2021-04-29,3602,2021-04-06,1507,3805,NA,2,5,5,3602,0,0,0,NA,0,001,RIVERSIDE DR,NORTON AV,46,E,N,A,-,N,NA,NA,NA,NA,NA,NA,NA,NA,NA,N,4,0,1,2,A,-,03,22350,NA,N,C,D,A,A,H,-,A,D,0,NA,NA,NA,NA,Y,NA,A,01,0,0,1,0,0,0,0,0,0,-,-,NA,NA,SAN BERNARDINO,CHINO,-117.7109603881836,34.0189094543457
9250684,2021,2021-04-29,3600,2021-04-10,2055,G5408,AP007,6,5,5,3621,0,0,0,NA,0,AP2,THUNDERBIRD RD,APACHE RD,0,NA,Y,A,-,N,NA,NA,NA,NA,NA,NA,NA,NA,NA,Y,4,0,1,2,A,-,12,22450,NA,N,D,C,A,A,H,-,D,A,0,NA,NA,NA,NA,Y,NA,A,01,0,0,1,0,0,0,0,0,0,-,-,NA,NA,SAN BERNARDINO,APPLE VALLEY,-117.20564270019533,34.52949905395508
92508462,2024,2024-07-23,9860,2024-06-23,1720,022931,NA,7,2,9,3600,0,1,1,NA,2,216,I-215 N/B,PALM AVE,7920,S,N,A,-,Y,SBD,NA,215,NA,NA,12.943,H,NA,R,Y,4,0,1,2,A,-,07,21658,A,N,B,2,A,A,H,-,A,D,0,NA,NA,NA,NA,Y,NA,A,01,0,0,1,0,0,0,0,0,0,-,-,34.17985916137695,-117.34645080566406,SAN BERNARDINO,UNINCORPORATED,-117.34644317626952,34.179866790771484
9251201,2021,2021-04-21,3608,2021-03-18,1015,4027,NA,4,5,5,3608,0,0,0,NA,0,NA,PARK AV,IOWA ST,0,NA,Y,A,-,N,NA,NA,NA,NA,NA,NA,NA,NA,NA,Y,4,0,1,2,A,-,12,22450,A,N,D,C,A,A,H,-,A,A,0,NA,NA,NA,NA,Y,NA,D,22,0,0,1,0,0,0,0,0,0,-,-,NA,NA,SAN BERNARDINO,REDLANDS,-117.213134765625,34.05924987792969
9251821,2021,2021-04-30,3604,2021-04-02,1209,1377,NA,5,5,6,3604,0,0,0,NA,0,NA,SIERRA AV,MERRILL AV,430,S,N,A,-,N,NA,NA,NA,NA,NA,NA,NA,NA,NA,Y,4,0,1,3,A,-,03,22350,NA,N,C,C,A,A,H,-,A,A,0,NA,NA,NA,NA,Y,NA,A,08,0,0,1,0,0,0,0,0,0,-,-,NA,NA,SAN BERNARDINO,FONTANA,-117.43572235107422,34.09095001220703
9252308,2021,2021-04-16,3601,2021-01-05,1323,P9,3601,2,5,3,3601,0,0,0,NA,0,003,OASIS DR,WINDY PASS,147,S,N,A,-,N,NA,NA,NA,NA,NA,NA,NA,NA,NA,N,3,0,1,1,A,-,03,22350,NA,N,E,I,A,A,H,-,A,D,0,NA,NA,Y,NA,Y,NA,-,-,0,1,0,0,0,0,0,0,1,-,-,NA,NA,SAN BERNARDINO,BARSTOW,-117.01976776123048,34.88006591796875
9252530,2021,2021-04-21,3600,2021-02-20,1840,D3381,VC070,6,5,5,3612,0,0,0,NA,0,VC5,PALMDALE RD,AMETHYST RD,15,W,N,A,-,N,NA,NA,NA,NA,NA,NA,NA,NA,NA,N,4,0,1,2,A,-,03,22350,NA,N,C,C,A,A,H,-,A,A,0,NA,NA,NA,NA,Y,NA,A,07,0,0,1,0,0,0,0,0,0,-,-,NA,NA,SAN BERNARDINO,VICTORVILLE,-117.36431121826172,34.50672912597656
9253524,2021,2021-04-26,3604,2021-04-07,1757,1163,NA,3,5,6,3604,0,0,0,NA,0,NA,JUNIPER AV,VALLEY BL,170,N,N,A,-,N,NA,NA,NA,NA,NA,NA,NA,NA,NA,N,3,0,1,2,A,-,02,21654,A,N,G,B,E,A,H,-,A,D,0,Y,NA,NA,NA,Y,NA,N,60,0,1,0,0,1,0,0,0,0,-,-,NA,NA,SAN BERNARDINO,FONTANA,-117.44002532958984,34.07083511352539
9254364,2021,2021-05-10,3600,2021-04-06,1732,G6918,VC021,2,5,5,3612,0,0,0,NA,0,VC3,HESPERIA RD,JASMINE ST,369,S,N,A,-,N,NA,NA,NA,NA,NA,NA,NA,NA,NA,N,4,0,1,2,A,-,07,21658,A,N,B,C,A,A,H,-,A,A,0,NA,NA,NA,NA,Y,NA,A,08,0,0,1,0,0,0,0,0,0,-,-,NA,NA,SAN BERNARDINO,VICTORVILLE,-117.29158020019533,34.473873138427734
9254499,2021,2021-04-30,3600,2021-03-28,1320,H8987,VC064,7,5,5,3612,0,0,0,NA,0,VC5,DOS PALMAS RD,AMARGOSA RD,394,E,N,A,-,N,NA,NA,NA,NA,NA,NA,NA,NA,NA,Y,4,0,2,2,A,-,09,21801,A,N,A,C,A,A,H,-,A,D,0,NA,NA,NA,NA,Y,NA,A,01,0,0,2,0,0,0,0,0,0,-,-,NA,NA,SAN BERNARDINO,VICTORVILLE,-117.32876586914063,34.49972915649414
9254877,2021,2021-04-29,3600,2021-03-27,1454,D8573,HE306,6,5,5,3619,0,0,0,NA,0,003,ORANGE ST,TOPAZ AV,32,E,N,A,-,N,NA,NA,NA,NA,NA,NA,NA,NA,NA,Y,4,0,1,1,A,-,08,22107,NA,N,E,I,A,A,H,-,A,D,0,NA,NA,NA,NA,Y,NA,A,01,0,0,1,0,0,0,0,0,0,-,-,NA,NA,SAN BERNARDINO,HESPERIA,-117.3552474975586,34.4231071472168
9254884,2021,2021-04-29,3609,2021-03-29,2230,9091,RI095,1,5,5,3609,0,0,0,NA,0,001,CEDAR AV,BASELINE RD,184,S,N,A,-,N,NA,NA,NA,NA,NA,NA,NA,NA,NA,Y,2,0,4,1,A,-,03,22350,NA,N,E,I,A,A,G,-,C,D,0,NA,NA,NA,NA,Y,Y,A,01,1,1,2,0,0,0,0,0,0,-,-,34.121498107910156,-117.39649963378906,SAN BERNARDINO,RIALTO,-117.39662170410156,34.12081527709961
9255567,2021,2021-05-13,3600,2021-04-11,0258,H7585,HE419,7,5,5,3619,0,0,0,NA,0,HE4,SUMMIT VALLEY RD,EDISON POLE 4646392E,100,N,N,A,-,N,NA,NA,NA,NA,NA,NA,NA,NA,NA,Y,4,0,1,1,A,-,08,22107,NA,N,E,J,A,A,H,-,D,D,0,NA,NA,NA,NA,Y,NA,A,01,0,0,1,0,0,0,0,0,0,-,-,NA,NA,SAN BERNARDINO,HESPERIA,NA,NA
9255568,2021,2021-05-13,3600,2021-04-24,2105,G8994,HE113,6,5,5,3619,0,0,0,NA,0,HE1,PENDLETON ST,COTTONWOOD AV,0,NA,Y,A,-,N,NA,NA,NA,NA,NA,NA,NA,NA,NA,Y,4,0,1,2,A,-,09,21802,NA,N,D,C,A,A,H,-,C,D,0,NA,NA,NA,NA,Y,NA,A,01,0,0,1,0,0,0,0,0,0,-,-,NA,NA,SAN BERNARDINO,HESPERIA,-117.33852386474608,34.447383880615234
9256134,2021,2023-07-11,3601,2021-03-20,2348,P21,VVSUP,6,5,3,3601,0,0,0,NA,0,PATROL,ARMORY RD,DATE ST,0,NA,Y,A,-,N,NA,NA,NA,NA,NA,NA,NA,NA,NA,N,1,1,0,2,A,-,11,21954,A,N,G,B,E,A,H,-,C,A,0,Y,NA,NA,NA,Y,NA,N,60,0,0,0,1,0,0,0,0,0,-,-,NA,NA,SAN BERNARDINO,BARSTOW,-117.00381469726563,34.88399887084961
9256143,2020,2021-05-27,3607,2020-03-12,1120,19890,107,4,5,6,3607,0,0,0,NA,0,022,G ST,CAMPUS AV,300,W,N,C,-,N,NA,NA,NA,NA,NA,NA,NA,NA,NA,Y,1,1,0,1,A,-,08,22107,NA,N,E,I,A,B,H,-,A,D,0,NA,NA,Y,NA,Y,NA,C,02,0,0,0,0,0,0,0,1,0,-,-,NA,NA,SAN BERNARDINO,ONTARIO,-117.64234161376952,34.07065963745117
9256181,2021,2023-07-18,3600,2021-02-27,0011,F8172,HE101,6,5,5,3619,0,0,0,NA,0,HE1,MARIPOSA RD,MESA,2348,N,N,A,-,N,NA,NA,NA,NA,NA,NA,NA,NA,NA,Y,1,1,1,2,A,-,07,21658,A,N,A,C,A,A,H,-,D,D,0,NA,NA,NA,NA,Y,Y,A,01,1,0,0,0,0,0,0,0,0,-,-,NA,NA,SAN BERNARDINO,HESPERIA,-117.3584213256836,34.45402145385742
9256508,2021,2023-07-18,3600,2021-04-26,0046,H6883,HE116,1,5,5,3619,0,0,0,NA,0,HE1,HESPERIA RD,MESA ST,0,NA,Y,A,-,N,NA,NA,NA,NA,NA,NA,NA,NA,NA,Y,1,1,0,1,A,-,08,22107,NA,N,F,I,A,A,H,-,D,D,0,NA,NA,NA,NA,Y,Y,A,01,0,0,0,0,0,0,0,0,0,-,-,NA,NA,SAN BERNARDINO,HESPERIA,-117.29660034179688,34.44847106933594
9257045,2021,2021-05-14,3610,2021-03-12,1406,51330,NA,5,5,6,3610,0,0,0,NA,0,DAVID,SOUTH WATERMAN AV,E CENTRAL AV,0,NA,Y,B,-,N,NA,NA,NA,NA,NA,NA,NA,NA,NA,Y,4,0,1,2,A,-,12,21453,A,F,D,C,A,A,H,-,A,A,0,NA,NA,NA,NA,Y,NA,A,01,0,0,1,0,0,0,0,0,0,-,-,34.10150909423828,-117.28276824951172,SAN BERNARDINO,SAN BERNARDINO,-117.27881622314452,34.08597946166992
9257050,2021,2021-05-14,3610,2021-03-15,1748,51233,NA,1,5,6,3610,0,0,0,NA,0,COURTE,E LYNWOOD DR,N GOLDEN AV,311,E,N,B,C,N,NA,NA,NA,NA,NA,NA,NA,NA,NA,Y,4,0,1,2,A,-,03,22350,NA,N,D,C,A,B,H,-,A,D,0,NA,NA,Y,NA,Y,NA,C,02,0,0,1,0,0,0,0,0,1,-,-,34.146751403808594,-117.26113128662108,SAN BERNARDINO,SAN BERNARDINO,-117.26011657714844,34.146751403808594
9257155,2021,2021-04-28,3600,2021-04-11,1248,D6899,HE304,7,5,5,3619,0,0,0,NA,0,HE3,SULTANA ST,MAGNOLIA DR,0,NA,Y,A,-,N,NA,NA,NA,NA,NA,NA,NA,NA,NA,Y,3,0,1,3,A,-,09,21801,B,N,D,C,A,A,H,-,A,A,0,NA,NA,NA,NA,Y,NA,A,01,0,1,0,0,0,0,0,0,0,-,-,NA,NA,SAN BERNARDINO,HESPERIA,-120.68657684326172,37.36763000488281
9257330,2021,2021-04-29,3609,2021-03-28,1630,02336,RI121,7,5,5,3609,0,0,0,NA,0,001,CEDAR AV,GROVE ST,0,NA,Y,A,-,N,NA,NA,NA,NA,NA,NA,NA,NA,NA,Y,4,0,1,2,A,-,09,21802,A,N,D,C,A,A,H,-,A,A,0,NA,NA,NA,NA,Y,NA,A,01,0,0,1,0,0,0,0,0,0,-,-,34.10845184326172,-117.39649963378906,SAN BERNARDINO,RIALTO,-117.39658355712892,34.10845947265625
9257558,2021,2021-04-29,3604,2021-04-12,1312,1375,NA,1,5,6,3604,0,0,0,NA,0,NA,POPLAR AV,JURUPA AV,0,NA,Y,A,-,N,NA,NA,NA,NA,NA,NA,NA,NA,NA,N,4,0,1,2,A,-,12,21453,A,N,D,C,A,A,H,-,A,A,0,NA,NA,NA,Y,Y,NA,F,25,0,0,1,0,0,0,0,0,0,-,-,NA,NA,SAN BERNARDINO,FONTANA,-117.46258544921876,34.048187255859375
9257814,2021,2021-04-30,3610,2021-03-07,1530,51230,NA,7,5,6,3610,0,0,0,NA,0,POLICE,E LYNWOOD DR,N ROCKFORD ST,82,W,N,A,-,N,NA,NA,NA,NA,NA,NA,NA,NA,NA,Y,3,0,3,2,A,-,08,22107,NA,N,B,C,A,A,H,-,A,A,0,NA,NA,NA,NA,Y,NA,A,01,0,1,2,0,0,0,0,0,0,-,-,NA,NA,SAN BERNARDINO,SAN BERNARDINO,-117.22879028320313,34.1467170715332
9258696,2021,2021-05-07,3610,2021-03-06,1308,51315,NA,6,5,6,3610,0,0,0,NA,0,BAKER,NORTH ARROWHEAD AV,WEST HIGHLAND AV,0,NA,Y,A,-,N,NA,NA,NA,NA,NA,NA,NA,NA,NA,Y,4,0,1,2,A,-,12,21453,A,N,D,C,A,A,H,-,A,A,0,NA,NA,NA,NA,Y,NA,A,07,0,0,1,0,0,0,0,0,0,-,-,34.13595962524414,-117.2895965576172,SAN BERNARDINO,SAN BERNARDINO,-117.28964996337892,34.1359748840332
92595931,2024,2024-07-24,9855,2024-07-16,1745,021233,NA,2,2,6,3604,0,1,1,NA,2,101,I-10 E/B (SAN BERNARDINO FWY),CITRUS AVENUE,5100,W,N,A,-,Y,SBD,NA,10,NA,NA,14.193,H,NA,R,N,4,0,2,2,A,-,03,22350,NA,N,C,C,A,A,H,-,A,D,0,NA,NA,NA,NA,Y,NA,A,01,0,0,2,0,0,0,0,0,0,-,-,34.06623077392578,-117.4709701538086,SAN BERNARDINO,FONTANA,-117.4709701538086,34.06618881225586
92596081,2024,2024-07-24,9850,2024-07-13,2259,021384,NA,6,3,9,3600,0,2,4,NA,2,053,EL MIRAGE RD,SAN JACINTO RD,330,W,N,A,-,N,NA,NA,NA,NA,NA,NA,NA,NA,NA,Y,3,0,3,2,A,-,08,22107,NA,N,A,C,A,A,H,-,D,D,0,NA,NA,NA,NA,Y,NA,D,22,0,1,2,0,0,0,0,0,0,-,-,34.6021614074707,-117.62596130371094,SAN BERNARDINO,UNINCORPORATED,-117.62796020507813,34.60215759277344
9261600,2021,2021-05-07,3600,2021-04-14,1009,G3225,AP026,3,5,5,3621,0,0,0,NA,0,AP3,REATA RD,MARKET PLACE DR,0,NA,Y,A,-,N,NA,NA,NA,NA,NA,NA,NA,NA,NA,Y,4,0,1,2,A,-,09,21802,A,N,D,C,A,A,H,-,A,A,0,NA,NA,NA,NA,Y,NA,A,07,0,0,1,0,0,0,0,0,0,-,-,NA,NA,SAN BERNARDINO,APPLE VALLEY,-117.24539184570313,34.46961975097656
9262195,2021,2021-05-19,3609,2021-03-25,1152,02334,R1144,4,5,5,3609,0,0,0,NA,0,003,LINDEN AV,RIALTO AV,0,NA,Y,A,-,N,NA,NA,NA,NA,NA,NA,NA,NA,NA,Y,4,0,1,3,A,-,09,21801,A,N,B,C,A,A,H,-,A,A,0,NA,NA,NA,NA,Y,NA,A,01,0,0,1,0,0,0,0,0,0,-,-,34.09989929199219,-117.40119934082033,SAN BERNARDINO,RIALTO,-117.40089416503906,34.099525451660156