CASE_ID,ACCIDENT_YEAR,PROC_DATE,JURIS,COLLISION_DATE,COLLISION_TIME,OFFICER_ID,REPORTING_DISTRICT,DAY_OF_WEEK,CHP_SHIFT,POPULATION,CNTY_CITY_LOC,SPECIAL_COND,BEAT_TYPE,CHP_BEAT_TYPE,CITY_DIVISION_LAPD,CHP_BEAT_CLASS,BEAT_NUMBER,PRIMARY_RD,SECONDARY_RD,DISTANCE,DIRECTION,INTERSECTION,WEATHER_1,WEATHER_2,STATE_HWY_IND,CALTRANS_COUNTY,CALTRANS_DISTRICT,STATE_ROUTE,ROUTE_SUFFIX,POSTMILE_PREFIX,POSTMILE,LOCATION_TYPE,RAMP_INTERSECTION,SIDE_OF_HWY,TOW_AWAY,COLLISION_SEVERITY,NUMBER_KILLED,NUMBER_INJURED,PARTY_COUNT,PRIMARY_COLL_FACTOR,PCF_CODE_OF_VIOL,PCF_VIOL_CATEGORY,PCF_VIOLATION,PCF_VIOL_SUBSECTION,HIT_AND_RUN,TYPE_OF_COLLISION,MVIW,PED_ACTION,ROAD_SURFACE,ROAD_COND_1,ROAD_COND_2,LIGHTING,CONTROL_DEVICE,CHP_ROAD_TYPE,PEDESTRIAN_ACCIDENT,BICYCLE_ACCIDENT,MOTORCYCLE_ACCIDENT,TRUCK_ACCIDENT,NOT_PRIVATE_PROPERTY,ALCOHOL_INVOLVED,STWD_VEHTYPE_AT_FAULT,CHP_VEHTYPE_AT_FAULT,COUNT_SEVERE_INJ,COUNT_VISIBLE_INJ,COUNT_COMPLAINT_PAIN,COUNT_PED_KILLED,COUNT_PED_INJURED,COUNT_BICYCLIST_KILLED,COUNT_BICYCLIST_INJURED,COUNT_MC_KILLED,COUNT_MC_INJURED,PRIMARY_RAMP,SECONDARY_RAMP,LATITUDE,LONGITUDE,COUNTY,CITY,POINT_X,POINT_Y
9322090,2021,2022-08-22,3610,2021-08-04,2029,51233,NA,3,5,6,3610,0,0,0,NA,0,NA,E BASELINE ST,VALENCIA AV,265,E,N,A,-,N,NA,NA,NA,NA,NA,NA,NA,NA,NA,Y,4,0,1,2,C,-,18,NA,NA,N,E,I,A,-,H,-,C,D,0,NA,Y,NA,NA,Y,NA,-,-,0,0,1,0,0,0,1,0,0,-,-,34.1213493347168,-117.27069854736328,SAN BERNARDINO,SAN BERNARDINO,-117.27106475830078,34.12133026123047
9322869,2021,2021-10-08,3600,2021-07-31,0947,H7585,HE423,6,5,5,3619,0,0,0,NA,0,HE4,RT 138,LITTLE HORSETHIEF CANYON RD,38,E,N,A,-,Y,SBD,8,138,-,-,20.3,H,-,E,Y,4,0,2,2,A,-,09,21804,A,N,C,C,A,A,H,-,A,A,0,NA,NA,NA,NA,Y,NA,A,08,0,0,2,0,0,0,0,0,0,-,-,NA,NA,SAN BERNARDINO,HESPERIA,-117.40803527832033,34.324398040771484
9323647,2021,2021-09-25,3604,2021-08-18,0732,473,3604,3,5,6,3604,0,0,0,NA,0,002,SIERRA AV,BASELINE AV,61,N,N,B,-,N,NA,NA,NA,NA,NA,NA,NA,NA,NA,Y,4,0,1,2,A,-,03,22350,NA,N,C,C,A,A,H,-,A,A,0,NA,NA,NA,NA,Y,NA,A,01,0,0,1,0,0,0,0,0,0,-,-,NA,NA,SAN BERNARDINO,FONTANA,-117.43614959716795,34.12162780761719
9323676,2021,2021-09-13,3608,2021-07-07,1402,5047,NA,3,5,5,3608,0,0,0,NA,0,NA,BARTON RD,BELLEVUE AV,396,E,N,A,-,N,NA,NA,NA,NA,NA,NA,NA,NA,NA,Y,3,0,2,2,A,-,09,21801,A,N,A,C,A,A,H,-,A,A,0,NA,NA,NA,NA,Y,NA,A,01,0,2,0,0,0,0,0,0,0,-,-,NA,NA,SAN BERNARDINO,REDLANDS,-117.20549011230467,34.046478271484375
9324140,2021,2021-11-01,3600,2021-01-19,0926,H5152,YV009,2,5,3,3631,0,0,0,NA,0,YV1,RT 247,FARRELO RD,338,N,N,A,-,Y,SBD,8,247,-,-,1.07,H,-,S,Y,2,0,3,3,A,-,01,23152,A,N,B,C,A,A,H,-,A,A,0,NA,NA,NA,NA,Y,Y,D,22,1,2,0,0,0,0,0,0,0,-,-,34.138671875,-116.4123306274414,SAN BERNARDINO,YUCCA VALLEY,-116.41243743896484,34.138832092285156
9324747,2021,2021-09-29,3602,2021-08-19,0729,30511,NA,4,5,5,3602,0,0,0,NA,0,002,CENTRAL AV,SCHAEFER AV,291,N,N,A,-,N,NA,NA,NA,NA,NA,NA,NA,NA,NA,N,3,0,1,2,A,-,05,21650,1,N,D,G,A,A,H,-,A,D,0,NA,Y,NA,NA,Y,NA,L,04,0,1,0,0,0,0,1,0,0,-,-,34.40053939819336,-117.68913269042967,SAN BERNARDINO,CHINO,-117.68917846679688,34.00538635253906
9324759,2021,2021-09-29,3610,2021-08-03,1240,511326,NA,2,5,6,3610,0,0,0,NA,0,BAKER,CAJON BL,SHELTER WY,2640,N,N,A,-,N,NA,NA,NA,NA,NA,NA,NA,NA,NA,Y,3,0,3,2,A,-,09,21804,A,N,D,C,A,A,H,-,A,D,0,NA,NA,NA,NA,Y,NA,A,01,0,2,1,0,0,0,0,0,0,-,-,34.197391510009766,-117.37935638427734,SAN BERNARDINO,SAN BERNARDINO,-117.37929534912108,34.1995735168457
9325017,2021,2021-09-29,3600,2021-08-15,1721,G6198,VC057,7,5,5,3612,0,0,0,NA,0,VC5,DEL GADO RD,ANACAPA RD,0,NA,Y,A,-,N,NA,NA,NA,NA,NA,NA,NA,NA,NA,Y,4,0,2,2,A,-,12,22450,A,N,D,C,A,A,H,-,A,A,0,NA,NA,NA,NA,Y,NA,A,01,0,0,2,0,0,0,0,0,0,-,-,NA,NA,SAN BERNARDINO,VICTORVILLE,-117.34271240234376,34.504981994628906
9325201,2021,2021-10-13,3600,2021-09-19,0128,G6198,VC013,7,5,5,3612,0,0,0,NA,0,VC4,BEAR VALLEY RD,DUNIA RD,163,W,N,A,-,N,NA,NA,NA,NA,NA,NA,NA,NA,NA,Y,4,0,1,3,A,-,01,23152,A,N,C,C,A,A,H,-,C,A,0,NA,NA,NA,NA,Y,Y,B,NA,0,0,1,0,0,0,0,0,0,-,-,34.47071075439453,-117.35520935058594,SAN BERNARDINO,VICTORVILLE,-117.35420989990234,34.47040939331055
9325555,2021,2021-10-15,3600,2021-09-20,1909,D3381,VC023,1,5,5,3612,0,0,0,NA,0,VC3,SIERRA CREEK RD,BEAR CREEK WY,338,N,N,A,-,N,NA,NA,NA,NA,NA,NA,NA,NA,NA,Y,3,0,1,2,A,-,03,22350,NA,N,E,I,A,A,H,-,C,A,0,NA,NA,NA,NA,Y,Y,A,01,0,1,0,0,0,0,0,0,0,-,-,34.48435974121094,-117.29727935791016,SAN BERNARDINO,VICTORVILLE,-117.29721832275392,34.48457717895508
9325630,2021,2021-09-30,3610,2021-08-09,1836,51108,NA,1,5,6,3610,0,0,0,NA,0,ADAM,S MT VERNON AV,SAN BERNARDINO,84,S,N,A,-,N,NA,NA,NA,NA,NA,NA,NA,NA,NA,Y,3,0,3,2,A,-,03,22350,I,N,E,I,A,A,H,-,A,D,0,NA,NA,NA,NA,Y,NA,A,01,0,2,1,0,0,0,0,0,0,-,-,34.096458435058594,-117.31382751464844,SAN BERNARDINO,SAN BERNARDINO,-117.31362915039063,34.0648078918457
9325657,2021,2021-10-01,3600,2021-08-25,2125,G6928,VC008,3,5,5,3612,0,0,0,NA,0,VC1,D ST,7TH ST,10,W,N,A,-,N,NA,NA,NA,NA,NA,NA,NA,NA,NA,Y,2,0,1,2,A,-,00,21954,NA,N,G,B,D,A,H,-,C,A,0,Y,NA,NA,NA,Y,NA,N,60,1,0,0,0,1,0,0,0,0,-,-,NA,NA,SAN BERNARDINO,VICTORVILLE,-117.29287719726563,34.536338806152344
9325795,2021,2021-10-05,3610,2021-08-11,0104,51206,NA,3,5,6,3610,0,0,0,NA,0,NA,W BASELINE ST,N G ST,54,W,N,A,-,N,NA,NA,NA,NA,NA,NA,NA,NA,NA,Y,3,0,2,2,A,-,04,21703,NA,N,C,C,A,A,H,-,C,D,0,NA,NA,NA,NA,Y,NA,A,08,0,2,0,0,0,0,0,0,0,-,-,NA,NA,SAN BERNARDINO,SAN BERNARDINO,-117.2988510131836,34.121341705322266
9326606,2021,2021-10-12,3600,2021-07-14,2154,I2289,AD206,3,5,3,3613,0,0,0,NA,0,AD1,BELLFLOWER ST,CHAPARRAL,0,NA,Y,A,-,N,NA,NA,NA,NA,NA,NA,NA,NA,NA,Y,3,0,1,2,A,-,09,21801,A,F,D,C,A,A,H,-,C,A,0,NA,NA,NA,NA,Y,Y,A,07,0,1,0,0,0,0,0,0,0,-,-,NA,NA,SAN BERNARDINO,ADELANTO,-117.41847229003906,34.588134765625
9326926,2021,2021-09-16,3604,2021-03-03,0233,1163,FONTA,3,5,6,3604,0,0,0,NA,0,NA,FOOTHILL BL,GRACE AV,193,E,N,A,-,N,NA,NA,NA,NA,NA,NA,NA,NA,NA,Y,2,0,7,2,A,-,05,21650,NA,N,A,C,A,A,H,-,D,D,0,NA,NA,NA,NA,Y,NA,A,01,2,4,1,0,0,0,0,0,0,-,-,NA,NA,SAN BERNARDINO,FONTANA,-117.41185760498048,34.10670852661133
9327700,2021,2021-10-15,3600,2021-09-13,1407,G6918,NA,1,5,5,3612,0,0,0,NA,0,NA,HESPERIA RD,BEAR VALLEY RD,320,N,N,A,-,N,NA,NA,NA,NA,NA,NA,NA,NA,NA,Y,3,0,2,2,A,-,09,21804,A,N,D,C,A,A,H,-,A,A,0,NA,NA,NA,NA,Y,NA,A,01,0,1,1,0,0,0,0,0,0,-,-,NA,NA,SAN BERNARDINO,VICTORVILLE,-117.29184722900392,34.4717903137207
9336829,2021,2021-09-27,3600,2021-08-30,1538,F8172,HE206,1,5,5,3619,0,0,0,NA,0,HE2,WISTERIA ST,WISTERIA CT,571,E,N,A,-,N,NA,NA,NA,NA,NA,NA,NA,NA,NA,N,4,0,1,2,A,-,21,22106,NA,N,C,C,A,A,H,-,A,D,0,NA,NA,NA,NA,Y,NA,A,01,0,0,1,0,0,0,0,0,0,-,-,NA,NA,SAN BERNARDINO,HESPERIA,-117.25606536865234,34.4453239440918
9337222,2021,2021-10-09,3600,2021-08-19,1034,G4526,AP006,4,5,5,3621,0,0,0,NA,0,AP1,YUCCA LOMA RD,DELAWARE RD,29,W,N,A,-,N,NA,NA,NA,NA,NA,NA,NA,NA,NA,Y,3,0,1,1,A,-,05,21650,NA,N,E,I,A,A,H,-,A,D,0,NA,NA,NA,NA,Y,NA,D,22,0,1,0,0,0,0,0,0,0,-,-,NA,NA,SAN BERNARDINO,APPLE VALLEY,-117.23224639892578,34.500370025634766
9337380,2021,2022-04-25,3610,2021-08-18,2307,51354,NA,3,5,6,3610,0,0,0,NA,0,POLICE,W RIALTO AV,PENNSYLVANIA AV,75,E,N,A,-,N,NA,NA,NA,NA,NA,NA,NA,NA,NA,Y,4,0,1,2,A,-,08,22107,NA,N,A,C,A,A,H,-,C,D,0,NA,NA,NA,Y,Y,NA,A,01,0,0,1,0,0,0,0,0,0,-,-,34.100589752197266,-117.32923126220705,SAN BERNARDINO,SAN BERNARDINO,-117.32901763916016,34.10065460205078
9337861,2021,2021-09-27,3608,2021-08-23,0750,4027,NA,1,5,5,3608,0,0,0,NA,0,NA,BARTON RD,NEVADA ST,150,W,N,A,-,N,NA,NA,NA,NA,NA,NA,NA,NA,NA,N,4,0,1,2,A,-,03,22350,NA,N,C,C,A,A,H,-,A,A,0,NA,NA,NA,NA,Y,NA,A,07,0,0,1,0,0,0,0,0,0,-,-,NA,NA,SAN BERNARDINO,REDLANDS,-117.21791076660156,34.04825973510742
9338090,2021,2021-10-04,3610,2021-08-06,1518,51172,NA,5,5,6,3610,0,0,0,NA,0,POLICE,N CAMBRIDGE AV,W KENDALL DR,0,NA,Y,A,-,N,NA,NA,NA,NA,NA,NA,NA,NA,NA,Y,3,0,2,2,A,-,08,22107,NA,N,A,C,A,A,H,-,A,A,0,NA,NA,NA,NA,Y,NA,A,01,0,1,1,0,0,0,0,0,0,-,-,34.17715835571289,-117.33291625976563,SAN BERNARDINO,SAN BERNARDINO,-117.33293151855467,34.17715072631836
9338291,2021,2021-09-29,3610,2021-07-22,0313,51206,NA,4,5,6,3610,0,0,0,NA,0,BAKER,W COLLEGE AV,N UNIVERSITY PKWY,15,W,N,A,-,N,NA,NA,NA,NA,NA,NA,NA,NA,NA,Y,4,0,1,1,A,-,01,23152,G,N,A,I,A,A,H,-,C,A,0,NA,NA,NA,NA,Y,Y,A,01,0,0,1,0,0,0,0,0,0,-,-,NA,NA,SAN BERNARDINO,SAN BERNARDINO,-117.33372497558594,34.17096710205078
9339256,2021,2021-11-05,3604,2021-09-27,1007,1282,NA,1,5,6,3604,0,0,0,NA,0,NA,JURUPA AV,POPLAR AV,0,NA,Y,A,-,N,NA,NA,NA,NA,NA,NA,NA,NA,NA,Y,4,0,1,2,A,-,08,22100,A,N,B,C,A,A,H,-,A,A,0,NA,NA,NA,Y,Y,NA,G,25,0,0,1,0,0,0,0,0,0,-,-,NA,NA,SAN BERNARDINO,FONTANA,-117.46258544921876,34.048187255859375
9339407,2021,2021-10-13,3610,2021-09-04,2229,51248,NA,6,5,6,3610,0,0,0,NA,0,POLICE,NORTH WATERMAN AV,E MARSHALL AV,665,N,N,A,-,Y,SBD,8,18,-,T,6.61,H,-,N,Y,2,0,2,2,A,-,03,22350,NA,N,E,I,A,A,H,-,C,A,0,NA,NA,NA,NA,Y,NA,A,01,1,1,0,0,0,0,0,0,0,-,-,34.149471282958984,-117.27864074707033,SAN BERNARDINO,SAN BERNARDINO,-117.27870941162108,34.151397705078125
9339635,2021,2021-10-25,3600,2021-09-15,1236,D6902,TW003,3,5,3,3617,0,0,0,NA,0,TW1,29 PALMS HWY,LARREA AV,0,NA,Y,A,-,Y,SBD,8,62,-,-,31.268,I,5,E,Y,2,0,2,2,A,-,12,21453,A,N,D,C,A,A,H,-,A,A,0,NA,NA,NA,NA,Y,NA,A,01,1,0,1,0,0,0,0,0,0,-,-,34.13541030883789,-116.08824920654295,SAN BERNARDINO,TWENTYNINE PALMS,-116.08830261230467,34.13547134399414
9340552,2021,2021-10-07,3610,2021-08-14,2029,51122,NA,6,5,6,3610,0,0,0,NA,0,POLICE,W COUNTY ROAD,GARNER ST,67,W,N,A,-,N,NA,NA,NA,NA,NA,NA,NA,NA,NA,Y,3,0,2,4,A,-,08,22107,1,N,C,E,A,A,H,-,C,D,0,NA,NA,NA,NA,Y,NA,A,01,0,2,0,0,0,0,0,0,0,-,-,34.111751556396484,-117.31159210205078,SAN BERNARDINO,SAN BERNARDINO,NA,NA
9340554,2021,2021-10-21,3610,2021-08-18,2104,51281,NA,3,5,6,3610,0,0,0,NA,0,POLICE,W 30TH ST,N E ST,25,W,N,A,-,N,NA,NA,NA,NA,NA,NA,NA,NA,NA,N,2,0,1,2,C,-,18,NA,NA,N,G,B,E,A,H,-,D,D,0,Y,NA,NA,NA,Y,NA,-,-,1,0,0,0,1,0,0,0,0,-,-,NA,NA,SAN BERNARDINO,SAN BERNARDINO,-117.29418182373048,34.146236419677734
9341167,2021,2022-03-14,3609,2021-09-02,0614,01323,RI109,4,5,5,3609,0,0,0,NA,0,001,ETIWANDA AV,CACTUS AV,0,NA,Y,A,-,N,NA,NA,NA,NA,NA,NA,NA,NA,NA,Y,2,0,1,2,A,-,12,21453,A,N,D,C,A,A,H,-,A,A,0,NA,NA,NA,NA,Y,NA,A,01,1,0,0,0,0,0,0,0,0,-,-,34.11405944824219,-117.38343048095705,SAN BERNARDINO,RIALTO,-117.3834991455078,34.11404037475586
9341301,2021,2021-11-05,3605,2021-09-03,1804,442,NA,5,5,4,3605,0,0,0,NA,0,NA,ORCHARD ST,VERNON AV,0,NA,Y,A,-,N,NA,NA,NA,NA,NA,NA,NA,NA,NA,Y,4,0,2,2,D,-,00,NA,NA,N,D,C,A,A,H,-,A,D,0,NA,NA,NA,NA,Y,NA,-,-,0,0,2,0,0,0,0,0,0,-,-,NA,NA,SAN BERNARDINO,MONTCLAIR,-117.6851806640625,34.07038116455078
9341316,2021,2021-11-05,3609,2021-09-16,0708,1718,RI159,4,5,5,3609,0,0,0,NA,0,003,LILAC AV,BLOOMINGTON AV,0,NA,Y,A,-,N,NA,NA,NA,NA,NA,NA,NA,NA,NA,N,4,0,1,2,A,-,12,21453,A,N,D,C,A,A,H,-,A,A,0,NA,NA,NA,NA,Y,NA,A,01,0,0,1,0,0,0,0,0,0,-,-,34.08494186401367,-117.37760162353516,SAN BERNARDINO,RIALTO,-117.37905120849608,34.0849609375
9341400,2021,2021-10-21,3603,2021-10-03,1931,5065,NA,7,5,4,3603,0,0,0,NA,0,001,N MERIDIAN AV,SAN BERNARDINO AV,1000,N,N,A,-,N,NA,NA,NA,NA,NA,NA,NA,NA,NA,Y,4,0,1,2,A,-,08,22107,NA,N,C,C,A,A,H,-,C,D,0,NA,NA,NA,NA,Y,NA,A,01,0,0,1,0,0,0,0,0,0,-,-,34.08049011230469,-117.34893035888672,SAN BERNARDINO,COLTON,-117.34848785400392,34.08047103881836
9341684,2021,2021-10-19,3600,2021-03-06,1053,F6913,RC040,6,5,6,3616,0,0,0,NA,0,001,19TH ST,AMETHYST AV,0,NA,Y,A,-,N,NA,NA,NA,NA,NA,NA,NA,NA,NA,Y,3,0,1,2,A,-,09,21453,B,N,-,A,A,A,H,-,A,A,0,NA,NA,Y,NA,Y,NA,A,01,0,1,0,0,0,0,0,0,1,-,-,NA,NA,SAN BERNARDINO,RANCHO CUCAMONGA,-117.59825134277344,34.1326904296875
9343365,2021,2021-10-11,3600,2021-08-11,2005,F6904,RC016,3,5,6,3616,0,0,0,NA,0,RC6,ROCHESTER AV,CHARLES SMITH AV,155,N,N,A,-,N,NA,NA,NA,NA,NA,NA,NA,NA,NA,Y,3,0,3,2,A,-,01,23152,A,N,A,C,A,A,H,-,C,A,0,NA,NA,NA,NA,Y,Y,A,01,0,2,1,0,0,0,0,0,0,-,-,NA,NA,SAN BERNARDINO,RANCHO CUCAMONGA,-117.54596710205078,34.09046173095703
9343935,2021,2021-10-05,3602,2021-08-28,0649,3986,NA,6,5,5,3602,0,0,0,NA,0,NA,CENTRAL AV,G ST,0,NA,Y,A,-,N,NA,NA,NA,NA,NA,NA,NA,NA,NA,Y,3,0,2,2,A,-,09,21802,A,N,D,C,A,A,H,-,A,D,0,NA,NA,NA,NA,Y,NA,A,01,0,1,1,0,0,0,0,0,0,-,-,34.009979248046875,-117.68917846679688,SAN BERNARDINO,CHINO,-117.68923950195313,34.00990295410156
9344782,2021,2021-10-23,3603,2021-09-22,0212,4817,CPD,3,5,4,3603,0,0,0,NA,0,002,MT VERNON,COLTON AV,210,N,N,A,-,N,NA,NA,NA,NA,NA,NA,NA,NA,NA,Y,3,0,1,1,A,-,05,21650,NA,N,F,I,A,A,H,-,C,A,0,NA,NA,NA,NA,Y,NA,A,01,0,1,0,0,0,0,0,0,0,-,-,34.073699951171875,-117.31385803222656,SAN BERNARDINO,COLTON,-117.3138427734375,34.07429504394531
9344833,2021,2021-11-08,3610,2021-09-29,1942,51165,NA,3,5,6,3610,0,0,0,NA,0,POLICE,W 9TH ST,N D ST,0,NA,Y,A,-,N,NA,NA,NA,NA,NA,NA,NA,NA,NA,Y,4,0,5,2,A,-,12,21453,A,N,D,C,A,A,A,-,C,A,0,NA,NA,NA,NA,Y,NA,-,-,0,0,5,0,0,0,0,0,0,-,-,34.11579132080078,-117.29190826416016,SAN BERNARDINO,SAN BERNARDINO,-117.29188537597656,34.115760803222656
9344953,2021,2021-11-04,3610,2021-09-22,0210,51119,NA,3,5,6,3610,0,0,0,NA,0,ADAM,N WESTERN AV,E BASELINE ST,0,NA,Y,A,-,N,NA,NA,NA,NA,NA,NA,NA,NA,NA,Y,4,0,2,1,A,-,03,22350,NA,N,E,I,A,A,H,-,-,D,0,NA,NA,NA,NA,Y,NA,A,01,0,0,2,0,0,0,0,0,0,-,-,34.12133026123047,-117.319091796875,SAN BERNARDINO,SAN BERNARDINO,-117.31909942626952,34.12133026123047
9344959,2021,2021-11-17,3610,2021-09-26,1350,51355,NA,7,5,6,3610,0,0,0,NA,0,BAKER,W 40TH ST,N ELECTRIC AV,0,NA,Y,A,-,N,NA,NA,NA,NA,NA,NA,NA,NA,NA,Y,3,0,1,2,A,-,12,21453,A,N,D,C,A,A,H,-,A,A,0,NA,NA,NA,NA,Y,NA,-,NA,0,1,0,0,0,0,0,0,0,-,-,34.16468048095703,-117.28881072998048,SAN BERNARDINO,SAN BERNARDINO,-117.28882598876952,34.16469192504883
9344968,2021,2021-11-05,3600,2021-09-21,1139,F8172,HE134,2,5,5,3619,0,0,0,NA,0,HE1,RT 395,MAIN ST,675,N,N,A,-,N,NA,NA,NA,NA,NA,NA,NA,NA,NA,Y,4,0,3,3,A,-,06,21750,A,N,-,C,A,A,H,-,A,D,0,NA,NA,NA,NA,Y,NA,A,07,0,0,3,0,0,0,0,0,0,-,-,NA,NA,SAN BERNARDINO,HESPERIA,-121.26715850830078,38.6420783996582
9344974,2021,2021-11-04,3610,2021-09-14,1054,50696,NA,2,5,6,3610,0,0,0,NA,0,ADAM,W WALNUT ST,S RANCHO AV,0,NA,Y,A,-,N,NA,NA,NA,NA,NA,NA,NA,NA,NA,Y,4,0,1,2,A,-,09,21802,A,M,D,C,A,A,H,-,A,A,0,NA,NA,NA,NA,Y,NA,A,07,0,0,1,0,0,0,0,0,0,-,-,34.09640121459961,-117.33328247070313,SAN BERNARDINO,SAN BERNARDINO,-117.3332977294922,34.09639358520508
9346009,2021,2021-10-28,3600,2021-09-15,1426,F5565,LL008,3,5,3,3615,0,0,0,NA,0,LL2,UNIVERSITY AV,BARTON RD,16,N,N,A,-,N,NA,NA,NA,NA,NA,NA,NA,NA,NA,N,4,0,1,2,A,-,08,22107,NA,N,B,C,A,A,H,-,A,A,0,NA,NA,NA,Y,Y,NA,G,NA,0,0,1,0,0,0,0,0,0,-,-,NA,NA,SAN BERNARDINO,LOMA LINDA,-117.27416229248048,34.05207443237305
9346481,2021,2021-11-05,3600,2021-09-17,1515,G9821,SC102,5,5,4,3618,0,0,0,NA,0,HI1,9TH ST,FAIRFAX LN,0,NA,Y,A,-,N,NA,NA,NA,NA,NA,NA,NA,NA,NA,N,4,0,1,2,A,-,10,21950,A,F,G,B,B,A,H,-,A,D,0,Y,NA,NA,NA,Y,NA,A,01,0,0,1,0,1,0,0,0,0,-,-,NA,NA,SAN BERNARDINO,HIGHLAND,-117.257080078125,34.1157341003418
93467039,2024,2024-08-02,9835,2024-07-27,240,023120,NA,6,3,9,3600,0,3,5,NA,2,032,AGATE RD,JASPER RD,0,NA,Y,A,-,N,NA,NA,NA,NA,NA,NA,NA,NA,NA,Y,2,0,1,1,A,-,03,22350,NA,N,E,I,A,A,H,-,C,A,0,NA,NA,Y,NA,Y,NA,C,02,1,0,0,0,0,0,0,0,1,-,-,34.89250946044922,-117.09446716308594,SAN BERNARDINO,UNINCORPORATED,-117.09449005126952,34.89244079589844
9348090,2021,2021-10-27,3608,2021-09-21,1530,4027,NA,2,5,5,3608,0,0,0,NA,0,NA,TENNESSEE ST,ORANGE AV,0,NA,Y,A,-,N,NA,NA,NA,NA,NA,NA,NA,NA,NA,Y,4,0,1,2,D,-,00,NA,NA,N,D,C,A,A,H,-,A,A,0,NA,NA,NA,NA,Y,NA,-,-,0,0,1,0,0,0,0,0,0,-,-,NA,NA,SAN BERNARDINO,REDLANDS,-117.1999969482422,34.05197525024414
9348420,2021,2021-11-01,3600,2021-09-10,2103,H5821,HE131,5,5,5,3619,0,0,0,NA,0,HE5,YUCCA ST,5TH AV,14,E,N,A,-,N,NA,NA,NA,NA,NA,NA,NA,NA,NA,N,4,0,1,2,A,-,03,22350,NA,M,C,C,A,A,H,-,C,D,0,NA,NA,NA,NA,Y,NA,A,01,0,0,1,0,0,0,0,0,0,-,-,NA,NA,SAN BERNARDINO,HESPERIA,-117.31071472167967,34.42378234863281
93491163,2024,2024-08-05,9860,2024-07-25,1400,021934,NA,4,2,5,3608,0,1,1,NA,2,105,I-10 W/B,6TH ST,500,W,N,A,-,Y,SBD,NA,10,NA,NA,31.072,H,NA,L,Y,4,0,1,3,A,-,07,21658,A,F,B,C,A,A,H,-,A,D,0,NA,NA,NA,NA,Y,NA,A,01,0,0,1,0,0,0,0,0,0,-,-,34.06187057495117,-117.17957305908205,SAN BERNARDINO,REDLANDS,-117.1795654296875,34.061885833740234
93491303,2024,2024-08-05,9860,2024-07-26,1500,021934,NA,5,2,9,3600,0,3,5,NA,2,003,TIPPECANOE AVE,5TH ST,0,NA,Y,A,-,N,NA,NA,NA,NA,NA,NA,NA,NA,NA,Y,3,0,2,3,A,-,17,21451,A,N,D,C,A,A,H,-,A,A,0,NA,NA,NA,NA,Y,NA,D,22,0,1,1,0,0,0,0,0,0,-,-,34.10826110839844,-117.2611083984375,SAN BERNARDINO,UNINCORPORATED,-117.26101684570313,34.10832595825195
93491342,2024,2024-08-05,9860,2024-07-05,227,023503,NA,5,3,6,3610,0,1,1,NA,2,201,SR-210 E/B,STATE ST,2640,W,N,A,-,Y,SBD,NA,210,NA,NA,20.197,H,NA,R,Y,3,0,1,2,A,-,08,22107,NA,N,B,C,A,A,H,-,D,D,0,NA,NA,NA,Y,Y,NA,G,25,0,1,0,0,0,0,0,0,0,-,-,34.134788513183594,-117.344482421875,SAN BERNARDINO,SAN BERNARDINO,-117.344482421875,34.13482666015625
9349409,2021,2021-10-26,3610,2021-09-30,0854,51300,NA,4,5,6,3610,0,0,0,NA,0,COURTE,N SEPULVEDA AV,EAST HIGHLAND AV,0,NA,Y,A,-,N,NA,NA,NA,NA,NA,NA,NA,NA,NA,Y,4,0,1,2,A,-,09,21801,A,N,D,C,A,A,H,-,A,A,0,NA,NA,NA,NA,Y,NA,A,01,0,0,1,0,0,0,0,0,0,-,-,34.13594055175781,-117.28295135498048,SAN BERNARDINO,SAN BERNARDINO,-117.28294372558594,34.135948181152344
9350534,2021,2021-11-09,3600,2021-09-24,1745,D3381,VC048,5,5,5,3612,0,0,0,NA,0,VC6,TAWNEY RIDGE LN,BARRANCA WY,0,NA,Y,A,-,N,NA,NA,NA,NA,NA,NA,NA,NA,NA,Y,4,0,1,2,A,-,12,22450,A,N,D,C,A,B,H,-,A,A,0,NA,NA,NA,NA,Y,Y,A,01,0,0,1,0,0,0,0,0,0,-,-,34.5372200012207,-117.31610107421876,SAN BERNARDINO,VICTORVILLE,-117.3161392211914,34.5372314453125
9350724,2021,2021-10-30,3600,2021-09-28,0758,F8172,HE203,2,5,5,3619,0,0,0,NA,0,HE2,BEAR VALLEY ELECTORIC POLE,PEACH AV,0,NA,Y,A,-,N,NA,NA,NA,NA,NA,NA,NA,NA,NA,Y,4,0,1,2,A,-,09,21801,A,N,D,A,A,A,H,-,A,D,0,NA,NA,NA,NA,Y,Y,A,01,0,0,1,0,0,0,0,0,0,-,-,NA,NA,SAN BERNARDINO,HESPERIA,NA,NA
9350786,2020,2021-10-29,3602,2020-09-27,1142,3975,NA,7,5,5,3602,0,0,0,NA,0,NA,RAMONA AV,PHILADELPHIA ST,0,NA,Y,A,-,N,NA,NA,NA,NA,NA,NA,NA,NA,NA,Y,2,0,1,2,D,-,00,NA,NA,N,D,C,A,A,H,-,A,B,0,NA,NA,Y,NA,Y,NA,-,-,1,0,0,0,0,0,0,0,1,-,-,34.03348922729492,-117.70690155029295,SAN BERNARDINO,CHINO,-117.70690155029295,34.03348159790039