CASE_ID,ACCIDENT_YEAR,PROC_DATE,JURIS,COLLISION_DATE,COLLISION_TIME,OFFICER_ID,REPORTING_DISTRICT,DAY_OF_WEEK,CHP_SHIFT,POPULATION,CNTY_CITY_LOC,SPECIAL_COND,BEAT_TYPE,CHP_BEAT_TYPE,CITY_DIVISION_LAPD,CHP_BEAT_CLASS,BEAT_NUMBER,PRIMARY_RD,SECONDARY_RD,DISTANCE,DIRECTION,INTERSECTION,WEATHER_1,WEATHER_2,STATE_HWY_IND,CALTRANS_COUNTY,CALTRANS_DISTRICT,STATE_ROUTE,ROUTE_SUFFIX,POSTMILE_PREFIX,POSTMILE,LOCATION_TYPE,RAMP_INTERSECTION,SIDE_OF_HWY,TOW_AWAY,COLLISION_SEVERITY,NUMBER_KILLED,NUMBER_INJURED,PARTY_COUNT,PRIMARY_COLL_FACTOR,PCF_CODE_OF_VIOL,PCF_VIOL_CATEGORY,PCF_VIOLATION,PCF_VIOL_SUBSECTION,HIT_AND_RUN,TYPE_OF_COLLISION,MVIW,PED_ACTION,ROAD_SURFACE,ROAD_COND_1,ROAD_COND_2,LIGHTING,CONTROL_DEVICE,CHP_ROAD_TYPE,PEDESTRIAN_ACCIDENT,BICYCLE_ACCIDENT,MOTORCYCLE_ACCIDENT,TRUCK_ACCIDENT,NOT_PRIVATE_PROPERTY,ALCOHOL_INVOLVED,STWD_VEHTYPE_AT_FAULT,CHP_VEHTYPE_AT_FAULT,COUNT_SEVERE_INJ,COUNT_VISIBLE_INJ,COUNT_COMPLAINT_PAIN,COUNT_PED_KILLED,COUNT_PED_INJURED,COUNT_BICYCLIST_KILLED,COUNT_BICYCLIST_INJURED,COUNT_MC_KILLED,COUNT_MC_INJURED,PRIMARY_RAMP,SECONDARY_RAMP,LATITUDE,LONGITUDE,COUNTY,CITY,POINT_X,POINT_Y
9751954,2024,2024-11-18,3610,2024-09-01,1352,51418,NA,7,5,6,3610,0,0,0,NA,0,NA,SIERRA,2ND ST,0,NA,Y,A,-,N,NA,NA,NA,NA,NA,NA,NA,NA,NA,Y,3,0,2,2,A,-,09,21801,A,N,D,C,A,A,H,-,A,A,0,NA,NA,NA,NA,Y,NA,A,01,0,1,1,0,0,0,0,0,0,-,-,NA,NA,SAN BERNARDINO,SAN BERNARDINO,-117.28514099121094,34.102718353271484
9752022,2024,2024-11-13,3605,2024-07-19,717,506,NA,5,5,4,3605,0,0,0,NA,0,NA,HOLT BL,RAMONA AV,0,NA,Y,A,-,N,NA,NA,NA,NA,NA,NA,NA,NA,NA,N,4,0,1,2,A,-,12,21453,A,N,D,C,A,A,H,-,A,A,0,NA,NA,NA,NA,Y,Y,A,01,0,0,1,0,0,0,0,0,0,-,-,34.063148498535156,-117.70703887939452,SAN BERNARDINO,MONTCLAIR,-117.70706176757813,34.06311798095703
9752157,2024,2024-11-13,3605,2024-05-13,957,492,NA,1,5,4,3605,0,0,0,NA,0,NA,KINGSLEY ST,PRADERA AV,0,NA,Y,A,-,N,NA,NA,NA,NA,NA,NA,NA,NA,NA,N,4,0,1,2,A,-,08,22107,NA,N,D,C,A,A,H,-,A,A,0,NA,NA,NA,NA,Y,NA,A,01,0,0,1,0,0,0,0,0,0,-,-,34.06684875488281,-117.71398162841795,SAN BERNARDINO,MONTCLAIR,-117.71492767333984,34.066837310791016
9752671,2024,2024-11-12,3600,2024-09-14,1657,H8260,RC020,6,5,6,3616,0,0,0,NA,0,RC6,BASELINE RD,CENTRAL PARK,0,NA,Y,A,-,N,NA,NA,NA,NA,NA,NA,NA,NA,NA,Y,3,0,1,2,A,-,03,22350,NA,N,C,C,A,A,H,-,A,A,0,NA,NA,NA,NA,Y,NA,A,01,0,1,0,0,0,0,0,0,0,-,-,NA,NA,SAN BERNARDINO,RANCHO CUCAMONGA,-117.5629425048828,34.12152099609375
9753497,2024,2024-12-18,3600,2024-11-12,705,G9816,AD106,2,5,3,3613,0,0,0,NA,0,AD1,AIR EXPRESS WY,EMERALD WY,0,NA,Y,A,-,N,NA,NA,NA,NA,NA,NA,NA,NA,NA,Y,4,0,1,2,A,-,08,22107,NA,N,D,C,A,A,H,-,A,D,0,NA,NA,NA,NA,Y,NA,A,01,0,0,1,0,0,0,0,0,0,-,-,NA,NA,SAN BERNARDINO,ADELANTO,-117.38304138183594,34.57218551635742
9754964,2024,2024-12-04,3610,2024-09-30,1129,51045,NA,1,5,6,3610,0,0,0,NA,0,NA,E ST,13TH ST,309,S,N,A,-,N,NA,NA,NA,NA,NA,NA,NA,NA,NA,N,3,0,1,2,A,-,11,21954,A,N,B,B,E,A,H,-,A,D,0,Y,NA,NA,NA,Y,NA,N,60,0,1,0,0,1,0,0,0,0,-,-,34.12200164794922,-117.29399871826172,SAN BERNARDINO,SAN BERNARDINO,-117.2941665649414,34.12248229980469
9755478,2024,2024-11-20,3600,2024-10-21,2158,H3191,HI015,1,5,4,3618,0,0,0,NA,0,HI2,9TH ST,CENTRAL AV,110,W,N,A,-,N,NA,NA,NA,NA,NA,NA,NA,NA,NA,N,3,0,1,2,A,-,11,21954,A,N,G,B,D,A,H,-,D,A,0,Y,NA,Y,NA,Y,NA,N,60,0,1,0,0,1,0,0,0,0,-,-,34.115699768066406,-117.2175064086914,SAN BERNARDINO,HIGHLAND,-117.21787261962892,34.115684509277344
9757286,2024,2024-12-16,3605,2024-08-08,1131,501,NA,4,5,4,3605,0,0,0,NA,0,NA,CENTRAL AV,MISSION BL,0,NA,Y,A,-,N,NA,NA,NA,NA,NA,NA,NA,NA,NA,Y,4,0,1,2,A,-,12,21453,A,N,D,C,A,A,H,-,A,A,0,NA,NA,NA,NA,Y,NA,D,22,0,0,1,0,0,0,0,0,0,-,-,34.05590057373047,-117.68943786621094,SAN BERNARDINO,MONTCLAIR,-117.68948364257813,34.05580139160156
9757420,2024,2024-12-04,3605,2024-08-01,2309,457,NA,4,5,4,3605,0,0,0,NA,0,NA,CENTRAL AV,PLAZA LN,24,S,N,A,-,N,NA,NA,NA,NA,NA,NA,NA,NA,NA,Y,4,0,4,2,A,-,12,21453,A,N,D,C,A,A,H,-,C,A,0,NA,NA,NA,NA,Y,NA,A,01,0,0,4,0,0,0,0,0,0,-,-,34.08768844604492,-117.68965911865234,SAN BERNARDINO,MONTCLAIR,NA,NA
9758646,2024,2024-12-19,3600,2024-11-09,1251,F5696,YC404,6,5,4,3640,0,0,0,NA,0,YC03,YUCAIPA BL,13TH ST,0,NA,Y,A,-,N,NA,NA,NA,NA,NA,NA,NA,NA,NA,Y,3,0,1,2,A,-,12,21453,A,N,D,C,A,A,H,-,-,A,0,NA,NA,NA,NA,Y,NA,A,01,0,1,0,0,0,0,0,0,0,-,-,34.03398895263672,-117.0911102294922,SAN BERNARDINO,YUCAIPA,-117.091064453125,34.03380584716797
9758648,2024,2024-12-17,3600,2024-11-20,831,C9389,YC103,3,5,4,3640,0,0,0,NA,0,YC1,CHAPMAN HEIGHTS RD,BRANDON RD,0,NA,Y,A,-,N,NA,NA,NA,NA,NA,NA,NA,NA,NA,Y,3,0,1,2,A,-,05,21650,NA,N,D,C,A,A,H,-,A,D,0,NA,NA,NA,NA,Y,NA,A,01,0,1,0,0,0,0,0,0,0,-,-,NA,NA,SAN BERNARDINO,YUCAIPA,-117.0729751586914,34.03969192504883
9758681,2024,2024-12-13,3604,2024-10-05,2022,1339,NA,6,5,6,3604,0,0,0,NA,0,NA,ALDER AV,ARROW BL,0,NA,Y,A,-,N,NA,NA,NA,NA,NA,NA,NA,NA,NA,Y,4,0,1,2,A,-,01,23152,A,N,D,C,A,A,H,-,C,A,0,NA,NA,NA,NA,Y,Y,A,01,0,0,1,0,0,0,0,0,0,-,-,34.09946823120117,-117.41834259033205,SAN BERNARDINO,FONTANA,-117.4183349609375,34.09945297241211
9758860,2024,2024-12-27,3600,2024-11-26,1233,H5258,HE128,2,5,5,3619,0,0,0,NA,0,HE5,WILLOW ST,COTTONWOOD AV,0,NA,Y,A,-,N,NA,NA,NA,NA,NA,NA,NA,NA,NA,Y,3,0,1,2,A,-,12,22450,A,N,D,C,A,A,H,-,A,A,0,NA,NA,NA,NA,Y,NA,A,07,0,1,0,0,0,0,0,0,0,-,-,NA,NA,SAN BERNARDINO,HESPERIA,-117.33845520019533,34.434757232666016
9758959,2024,2024-12-23,3600,2024-12-02,621,I9526,HE214,1,5,5,3619,0,0,0,NA,0,HE2,MAIN ST,PEACH AVE,0,NA,Y,A,-,N,NA,NA,NA,NA,NA,NA,NA,NA,NA,Y,4,0,1,2,A,-,17,21451,A,N,D,C,A,A,H,-,A,A,0,NA,NA,NA,NA,Y,NA,A,01,0,0,1,0,0,0,0,0,0,-,-,NA,NA,SAN BERNARDINO,HESPERIA,-117.26112365722656,34.41557693481445
9759606,2024,2025-01-23,3600,2024-12-26,912,J2651,VC052,4,5,5,3612,0,0,0,NA,0,VC06,RANCHO RD,VILLAGE DR,0,NA,Y,A,-,N,NA,NA,NA,NA,NA,NA,NA,NA,NA,Y,4,0,1,2,A,-,09,21801,A,M,D,C,A,A,H,-,A,A,0,NA,NA,NA,NA,Y,NA,A,01,0,0,1,0,0,0,0,0,0,-,-,34.55699920654297,-117.33799743652344,SAN BERNARDINO,VICTORVILLE,-117.33888244628906,34.55709457397461
9759730,2024,2025-01-15,3600,2024-11-07,1203,G8023,AP022,4,5,5,3621,0,0,0,NA,0,AP4,CENTRAL RD,WREN ST,0,NA,Y,A,-,N,NA,NA,NA,NA,NA,NA,NA,NA,NA,N,3,0,1,2,A,-,06,21750,NA,F,D,C,A,A,H,-,A,D,0,NA,NA,Y,NA,Y,NA,A,01,0,1,0,0,0,0,0,0,1,-,-,NA,NA,SAN BERNARDINO,APPLE VALLEY,-117.17267608642578,34.449947357177734
9759802,2024,2025-01-27,3600,2024-12-28,1423,J4407,BL213,6,5,2,3680,0,0,0,NA,0,BL2,SUNSET DR,MOONRIDGE RD,0,NA,Y,A,-,N,NA,NA,NA,NA,NA,NA,NA,NA,NA,Y,3,0,2,2,A,-,08,22107,NA,N,B,C,A,A,H,-,A,D,0,NA,NA,NA,NA,Y,NA,-,-,0,2,0,0,0,0,0,0,0,-,-,34.23899841308594,-116.86599731445313,SAN BERNARDINO,BIG BEAR LAKE,-116.86647033691406,34.23944854736328
9759817,2024,2025-01-22,3600,2024-12-17,1550,H5258,HER31,2,5,5,3619,0,0,0,NA,0,HE5,5TH AV,ORANGE ST,0,NA,Y,A,-,N,NA,NA,NA,NA,NA,NA,NA,NA,NA,Y,3,0,1,2,A,-,08,22107,NA,N,A,C,A,A,H,-,A,A,0,NA,NA,NA,NA,Y,NA,A,01,0,1,0,0,0,0,0,0,0,-,-,NA,NA,SAN BERNARDINO,HESPERIA,-117.31141662597656,34.42082214355469
9759923,2024,2025-01-21,3604,2024-12-03,1218,989,NA,2,5,6,3604,0,0,0,NA,0,NA,FOOTHILL BL,ALDER AV,259,W,N,A,-,N,NA,NA,NA,NA,NA,NA,NA,NA,NA,Y,4,0,1,2,D,-,00,NA,NA,N,B,C,A,A,H,-,A,A,0,NA,NA,NA,NA,Y,NA,-,-,0,0,1,0,0,0,0,0,0,-,-,NA,NA,SAN BERNARDINO,FONTANA,-117.4192123413086,34.106689453125
9759934,2024,2025-01-21,3604,2024-12-17,1629,1415,NA,2,5,6,3604,0,0,0,NA,0,NA,SIERRA AV,S HIGHLAND AV,397,S,N,A,G,N,NA,NA,NA,NA,NA,NA,NA,NA,NA,N,4,0,1,2,A,-,03,22350,NA,N,C,C,A,A,H,-,A,A,0,NA,NA,NA,NA,Y,NA,A,01,0,0,1,0,0,0,0,0,0,-,-,NA,NA,SAN BERNARDINO,FONTANA,-117.43618011474608,34.13234329223633
9760342,2024,2024-12-06,3600,2024-10-03,1429,C8620,RC034,4,5,6,3616,0,0,0,NA,0,RC5,HAVEN AV,TRADEMARK ST,380,S,N,A,-,N,NA,NA,NA,NA,NA,NA,NA,NA,NA,Y,4,0,1,2,A,-,03,22350,NA,N,C,C,A,A,H,-,A,A,0,NA,NA,NA,NA,Y,NA,A,07,0,0,1,0,0,0,0,0,0,-,-,NA,NA,SAN BERNARDINO,RANCHO CUCAMONGA,-117.57582092285156,34.07931900024414
9760515,2024,2024-12-10,3600,2024-11-04,1647,D6899,HE214,1,5,5,3619,0,0,0,NA,0,HE2,PEACH AV,YUCCA ST,30,S,N,A,-,N,NA,NA,NA,NA,NA,NA,NA,NA,NA,Y,3,0,2,2,A,-,09,21801,A,N,D,C,A,A,H,-,A,D,0,NA,NA,NA,NA,Y,NA,A,01,0,1,1,0,0,0,0,0,0,-,-,NA,NA,SAN BERNARDINO,HESPERIA,-117.2608642578125,34.41679000854492
9761105,2024,2024-12-20,3610,2024-10-05,2027,51465,NA,6,5,6,3610,0,0,0,NA,0,NA,N VICTORIA,EAST HIGHLAND AV,633,N,N,A,-,N,NA,NA,NA,NA,NA,NA,NA,NA,NA,Y,4,0,1,2,A,-,03,22350,NA,N,C,C,A,A,H,-,C,D,0,NA,NA,NA,NA,Y,NA,A,01,0,0,1,0,0,0,0,0,0,-,-,34.14250946044922,-117.22608184814452,SAN BERNARDINO,SAN BERNARDINO,-117.2261962890625,34.13756561279297
9761467,2024,2024-12-24,3600,2024-09-13,2142,H7582,RC034,5,5,6,3616,0,0,0,NA,0,RC5,6TH ST,CENTER AV,0,NA,Y,A,-,N,NA,NA,NA,NA,NA,NA,NA,NA,NA,Y,3,0,2,2,A,-,09,21801,A,N,D,C,A,A,H,-,C,A,0,NA,NA,NA,NA,Y,NA,A,01,0,2,0,0,0,0,0,0,0,-,-,NA,NA,SAN BERNARDINO,RANCHO CUCAMONGA,-117.58026885986328,34.08470916748047
9761938,2024,2024-12-18,3600,2024-10-29,1850,D3381,VC048,2,5,5,3612,0,0,0,NA,0,VC8,MOJAVE DR,VILLAGE PARK PL,0,NA,Y,A,-,N,NA,NA,NA,NA,NA,NA,NA,NA,NA,N,3,0,1,2,A,-,11,21954,A,N,G,B,D,A,H,-,C,A,0,Y,NA,NA,NA,Y,NA,N,60,0,1,0,0,1,0,0,0,0,-,-,34.5288200378418,-117.32080078125,SAN BERNARDINO,VICTORVILLE,-117.3183135986328,34.52889633178711
9762764,2024,2024-12-27,3600,2024-11-19,1625,C8620,RC002,2,5,6,3616,0,0,0,NA,0,RC6,ARROW ROUTE,ETIWANDA AV,735,W,N,A,-,N,NA,NA,NA,NA,NA,NA,NA,NA,NA,Y,4,0,2,2,A,-,09,21801,A,N,A,C,A,A,H,-,B,A,0,NA,NA,NA,NA,Y,NA,A,01,0,0,2,0,0,0,0,0,0,-,-,NA,NA,SAN BERNARDINO,RANCHO CUCAMONGA,-117.52619171142578,34.0990104675293
9762787,2024,2025-01-29,3600,2024-12-10,1011,F5499,RC017,2,5,6,3616,0,0,0,NA,0,RC5,7TH ST,UTICA AV,0,NA,Y,A,-,N,NA,NA,NA,NA,NA,NA,NA,NA,NA,Y,4,0,1,2,A,-,09,21802,A,N,D,C,A,A,H,-,A,A,0,NA,NA,NA,NA,Y,NA,A,07,0,0,1,0,0,0,0,0,0,-,-,NA,NA,SAN BERNARDINO,RANCHO CUCAMONGA,-117.57209014892578,34.08836364746094
9762848,2024,2025-01-16,3600,2024-12-05,1819,F5130,RC052,4,5,6,3616,0,0,0,NA,0,RC4,ARROW RT,BAKER AV,0,NA,Y,A,-,N,NA,NA,NA,NA,NA,NA,NA,NA,NA,N,3,0,1,2,A,-,10,21950,A,N,G,B,B,A,H,-,C,A,0,Y,NA,NA,NA,Y,Y,A,01,0,1,0,0,1,0,0,0,0,-,-,NA,NA,SAN BERNARDINO,RANCHO CUCAMONGA,-117.61984252929688,34.09938049316406
9764312,2024,2025-01-31,3600,2024-11-23,1,J5489,YV014,6,5,3,3631,0,0,0,NA,0,YV1,COBALT RD,OLD WOMAN SPRINGS RD,0,W,N,A,-,N,NA,NA,NA,NA,NA,NA,NA,NA,NA,Y,3,0,1,2,A,-,01,23152,A,N,A,-,A,A,A,-,D,D,0,NA,NA,NA,Y,Y,Y,F,21,0,1,0,0,0,0,0,0,0,-,-,34.14965057373047,-116.42212677001952,SAN BERNARDINO,YUCCA VALLEY,-116.41893005371094,34.149688720703125
9764456,2024,2025-01-27,3610,2024-11-07,1904,51582,NA,4,5,6,3610,0,0,0,NA,0,BAKER,PINE AV,KENDALL DR,0,NA,Y,A,-,N,NA,NA,NA,NA,NA,NA,NA,NA,NA,N,4,0,1,2,A,-,17,21451,A,N,D,C,A,A,H,-,C,B,0,NA,NA,NA,NA,Y,Y,A,01,0,0,1,0,0,0,0,0,0,-,-,NA,NA,SAN BERNARDINO,SAN BERNARDINO,-117.35118103027344,34.186553955078125
9764715,2025,2025-01-31,3600,2025-01-12,1230,H7672,LL004,7,5,3,3615,0,0,0,NA,0,0LL,REDLANDS BL,COLOMA ST,0,NA,Y,A,-,N,NA,NA,NA,NA,NA,NA,NA,NA,NA,Y,3,0,2,2,A,-,08,22107,NA,N,A,C,A,A,H,-,A,D,0,NA,NA,NA,NA,Y,NA,A,01,0,2,0,0,0,0,0,0,0,-,-,34.06306076049805,-117.24899291992188,SAN BERNARDINO,LOMA LINDA,-117.24984741210938,34.063045501708984
9764978,2025,2025-02-20,3600,2025-01-05,2040,J5307,TW1,7,5,3,3617,0,0,0,NA,0,TW005,CONDOR RD,VALLE VISTA RD,419,S,N,A,-,N,NA,NA,NA,NA,NA,NA,NA,NA,NA,N,3,0,1,1,A,-,03,22350,NA,N,H,A,A,A,H,-,D,D,0,NA,NA,Y,NA,Y,NA,C,02,0,1,0,0,0,0,0,0,1,-,-,34.1927490234375,-116.04608154296876,SAN BERNARDINO,TWENTYNINE PALMS,-116.04605102539063,34.192893981933594
9766633,2025,2025-04-01,3605,2025-02-06,1108,515,NA,4,5,4,3605,0,0,0,NA,0,NA,STATE ST,BENSON AV,100,W,N,C,-,N,NA,NA,NA,NA,NA,NA,NA,NA,NA,N,4,0,2,3,D,-,00,NA,NA,N,C,C,A,B,D,-,A,D,0,NA,NA,NA,NA,Y,NA,-,-,0,0,2,0,0,0,0,0,0,-,-,34.059871673583984,-117.68087768554688,SAN BERNARDINO,MONTCLAIR,-117.6811981201172,34.05984115600586
9767026,2025,2025-04-16,3600,2025-03-15,1358,H8975,HE307,6,5,5,3619,0,0,0,NA,0,HE5,MAIN ST,MAPLE AV,650,W,N,A,-,N,NA,NA,NA,NA,NA,NA,NA,NA,NA,Y,3,0,3,2,A,-,09,21804,A,N,D,A,A,A,H,-,A,D,0,NA,NA,NA,NA,Y,NA,A,01,0,2,1,0,0,0,0,0,0,-,-,NA,NA,SAN BERNARDINO,HESPERIA,-117.3486328125,34.42683029174805
9767078,2025,2025-04-10,3608,2025-03-13,805,4235,NA,4,5,5,3608,0,0,0,NA,0,NA,BROOKSIDE AV,N CENTER ST,0,NA,Y,C,-,N,NA,NA,NA,NA,NA,NA,NA,NA,NA,Y,4,0,3,4,A,-,03,22350,A,N,C,C,A,B,H,-,A,A,0,NA,NA,NA,NA,Y,NA,A,08,0,0,3,0,0,0,0,0,0,-,-,NA,NA,SAN BERNARDINO,REDLANDS,-117.19100952148438,34.05246353149414
9767100,2025,2025-04-07,3608,2025-02-05,1109,5224,NA,3,5,5,3608,0,0,0,NA,0,NA,S EUREKA ST,BROOKSIDE AV,0,NA,Y,A,-,N,NA,NA,NA,NA,NA,NA,NA,NA,NA,Y,4,0,1,2,A,-,12,21453,NA,N,D,C,A,A,H,-,A,A,0,NA,NA,NA,NA,Y,NA,A,01,0,0,1,0,0,0,0,0,0,-,-,NA,NA,SAN BERNARDINO,REDLANDS,-117.18547821044922,34.05537796020508
9767218,2025,2025-04-17,3600,2025-03-18,913,J3474,VC067,2,5,5,3612,0,0,0,NA,0,VC8,AIR EXPWY,GEORGE BL,0,NA,Y,A,-,N,NA,NA,NA,NA,NA,NA,NA,NA,NA,Y,4,0,1,2,A,-,08,22107,NA,N,B,C,A,A,H,-,A,A,0,NA,NA,NA,NA,Y,NA,-,NA,0,0,1,0,0,0,0,0,0,-,-,NA,NA,SAN BERNARDINO,VICTORVILLE,-117.36053466796876,34.57222366333008
9767219,2025,2025-04-11,3600,2025-03-14,837,F4772,VC046,5,5,5,3612,0,0,0,NA,0,VC8,NATIONAL TRAILS HWY,AIR EXPWY,0,NA,Y,A,-,N,NA,NA,NA,NA,NA,NA,NA,NA,NA,N,3,0,1,2,A,-,03,22350,NA,N,C,C,A,A,H,-,A,A,0,NA,NA,NA,NA,Y,NA,A,01,0,1,0,0,0,0,0,0,0,-,-,34.56597137451172,-117.3180694580078,SAN BERNARDINO,VICTORVILLE,-117.31846618652344,34.5662727355957
9767425,2024,2024-12-16,3600,2024-11-18,1659,H7541,VC016,1,5,5,3612,0,0,0,NA,0,VC2,7TH ST,GREEN TREE BL,281,N,N,A,-,N,NA,NA,NA,NA,NA,NA,NA,NA,NA,Y,3,0,1,2,A,-,08,22107,NA,N,D,C,A,A,H,-,C,D,0,NA,NA,NA,NA,Y,NA,A,01,0,1,0,0,0,0,0,0,0,-,-,34.509708404541016,-117.31950378417967,SAN BERNARDINO,VICTORVILLE,-117.31964874267578,34.509681701660156
9768105,2024,2024-12-16,3604,2024-10-01,1634,1492,NA,2,5,6,3604,0,0,0,NA,0,NA,SIERRA AV,SIERRA LAKES PKWY,287,N,N,A,-,N,NA,NA,NA,NA,NA,NA,NA,NA,NA,Y,4,0,2,2,A,-,09,21804,A,N,B,C,A,A,H,-,A,A,0,NA,NA,NA,NA,Y,NA,D,22,0,0,2,0,0,0,0,0,0,-,-,34.13959884643555,-117.43594360351563,SAN BERNARDINO,FONTANA,-117.43617248535156,34.140384674072266
9768529,2024,2025-01-13,3604,2024-10-19,139,1514,3604,6,5,6,3604,0,0,0,NA,0,004,JURUPA AV,CITRUS AV,192,W,N,A,-,N,NA,NA,NA,NA,NA,NA,NA,NA,NA,Y,3,0,1,2,A,-,03,22350,NA,N,C,C,A,A,H,-,C,D,0,NA,NA,Y,NA,Y,NA,D,22,0,1,0,0,0,0,0,0,1,-,-,34.048099517822266,-117.4538803100586,SAN BERNARDINO,FONTANA,-117.45455932617188,34.04811477661133
9768561,2024,2025-01-09,3604,2024-10-22,2004,680,NA,2,5,6,3604,0,0,0,NA,0,NA,BASELINE AV,HERITAGE CIR W,90,W,N,A,-,N,NA,NA,NA,NA,NA,NA,NA,NA,NA,Y,4,0,2,3,A,-,03,22350,NA,N,C,C,A,A,H,-,C,A,0,NA,NA,NA,NA,Y,NA,A,07,0,0,2,0,0,0,0,0,0,-,-,34.121490478515625,-117.50521850585938,SAN BERNARDINO,FONTANA,-117.50526428222656,34.121360778808594
9768642,2024,2025-01-15,3600,2024-12-15,1714,D3381,VC057,7,5,5,3612,0,0,0,NA,0,VC5,EL EVADO RD,PALMDALE RD,0,NA,Y,A,-,N,NA,NA,NA,NA,NA,NA,NA,NA,NA,N,4,0,1,2,A,-,11,21954,A,N,G,B,D,A,H,-,C,A,0,Y,NA,NA,NA,Y,NA,N,60,0,0,1,0,1,0,0,0,0,-,-,34.50672149658203,-117.34676361083984,SAN BERNARDINO,VICTORVILLE,-117.34674835205078,34.50672149658203
9768669,2024,2025-01-13,3600,2024-10-30,1908,G6192,AP022,3,5,5,3621,0,0,0,NA,0,AP4,BEAR VALLEY RD,CENTRAL RD,269,E,N,A,-,N,NA,NA,NA,NA,NA,NA,NA,NA,NA,Y,3,0,4,2,A,-,03,22350,NA,N,C,C,A,A,H,-,C,A,0,NA,NA,NA,NA,Y,NA,A,01,0,4,0,0,0,0,0,0,0,-,-,NA,NA,SAN BERNARDINO,APPLE VALLEY,-117.17176055908205,34.47161102294922
9768881,2025,2025-01-29,3600,2025-01-02,848,G6918,VC055,4,5,5,3612,0,0,0,NA,0,VC5,AMARGOSA RD,ROY ROGERS DR,0,NA,Y,A,-,N,NA,NA,NA,NA,NA,NA,NA,NA,NA,Y,3,0,1,2,A,-,10,21950,A,N,G,B,B,A,H,-,A,A,0,Y,NA,NA,NA,Y,NA,A,07,0,1,0,0,1,0,0,0,0,-,-,NA,NA,SAN BERNARDINO,VICTORVILLE,-117.33029174804688,34.52144241333008
9768882,2024,2025-02-05,3600,2024-01-05,827,J1624,VC048,5,5,5,3612,0,0,0,NA,0,VC6,VILLAGE DR,CALGO LN,0,NA,Y,A,-,N,NA,NA,NA,NA,NA,NA,NA,NA,NA,Y,4,0,2,2,A,-,09,21802,A,N,D,C,A,A,H,-,A,A,0,NA,NA,NA,NA,Y,NA,A,07,0,0,2,0,0,0,0,0,0,-,-,34.53316116333008,-117.31616973876952,SAN BERNARDINO,VICTORVILLE,-117.31603240966795,34.5330810546875
9768907,2025,2025-02-25,3600,2025-01-15,1438,J3215,HE101,3,5,5,3612,0,0,0,NA,0,VC3,BEAR VALLEY RD,RT 15,0,NA,Y,A,-,Y,SBD,8,15,-,-,37.845,R,4,N,Y,4,0,1,2,C,-,18,NA,NA,N,C,C,A,A,H,-,A,A,0,NA,NA,NA,NA,Y,NA,-,-,0,0,1,0,0,0,0,0,0,-,-,34.47045135498047,-117.34396362304688,SAN BERNARDINO,VICTORVILLE,-117.34365081787108,34.47350311279297
9769158,2025,2025-02-06,3600,2025-01-21,913,I9526,HE210,2,5,5,3619,0,0,0,NA,0,HE2,E AV,SMOKE TREE ST,0,NA,Y,A,-,N,NA,NA,NA,NA,NA,NA,NA,NA,NA,Y,4,0,2,2,A,-,09,21800,A,N,D,C,A,A,H,-,A,A,0,NA,NA,NA,NA,Y,NA,A,07,0,0,2,0,0,0,0,0,0,-,-,NA,NA,SAN BERNARDINO,HESPERIA,-117.29170989990234,34.42399978637695
9769690,2024,2025-01-30,3600,2024-11-03,2109,D3381,VC060,7,5,5,3612,0,0,0,NA,0,VC4,RT 395,EUCALYPTUS ST,0,NA,Y,A,-,Y,SBD,8,395,-,-,7.58,H,-,N,Y,4,0,1,2,A,-,03,22350,NA,N,C,E,A,A,H,-,C,A,0,NA,NA,Y,NA,Y,NA,C,02,0,0,1,0,0,0,0,0,1,-,-,34.45581817626953,-117.3996810913086,SAN BERNARDINO,VICTORVILLE,-117.39966583251952,34.455047607421875
9769724,2024,2025-06-25,3610,2024-10-20,1640,51385,NA,7,5,6,3610,0,0,0,NA,0,CHARLI,W BASELINE ST,NORTH SIERRA WY,15,E,N,A,-,N,NA,NA,NA,NA,NA,NA,NA,NA,NA,N,3,0,1,2,A,-,09,21801,A,N,G,B,B,A,H,-,A,A,0,Y,NA,NA,NA,Y,NA,A,01,0,1,0,0,1,0,0,0,0,-,-,34.12133026123047,-117.2851333618164,SAN BERNARDINO,SAN BERNARDINO,-117.28510284423828,34.121341705322266
9769897,2024,2025-01-31,3600,2024-10-24,1937,J7259,YV007,4,5,3,3631,0,0,0,NA,0,YV1,RT 62,INCA TRL,86,W,N,A,-,Y,SBD,8,62,-,-,10.03,H,-,W,Y,4,0,1,1,A,-,01,23152,A,N,E,I,A,A,H,-,C,A,0,NA,NA,NA,NA,Y,Y,A,07,0,0,1,0,0,0,0,0,0,-,-,34.11748123168945,-116.45424652099608,SAN BERNARDINO,YUCCA VALLEY,-116.45426940917967,34.117393493652344
9769991,2024,2025-02-11,3604,2024-12-11,2135,680,NA,3,5,6,3604,0,0,0,NA,0,NA,FOOTHILL BL,PALMETTO AV,0,NA,Y,A,-,N,NA,NA,NA,NA,NA,NA,NA,NA,NA,N,4,0,3,2,A,-,01,23152,A,N,C,C,A,A,H,-,C,A,0,NA,NA,NA,NA,Y,Y,A,07,0,0,3,0,0,0,0,0,0,-,-,NA,NA,SAN BERNARDINO,FONTANA,-117.42710113525392,34.106651306152344
9770571,2024,2025-01-02,3600,2024-11-26,1740,J3483,TW1,2,5,3,3617,0,0,0,NA,0,TW004,DESERT QUEEN AV,CACTUS DR,0,NA,Y,A,-,N,NA,NA,NA,NA,NA,NA,NA,NA,NA,Y,3,0,4,2,A,-,09,21804,A,N,D,C,A,A,H,-,D,D,0,NA,NA,NA,NA,Y,NA,A,01,0,1,3,0,0,0,0,0,0,-,-,34.13357162475586,-116.05921173095705,SAN BERNARDINO,TWENTYNINE PALMS,-116.05918884277344,34.13359069824219