CASE_ID,ACCIDENT_YEAR,PROC_DATE,JURIS,COLLISION_DATE,COLLISION_TIME,OFFICER_ID,REPORTING_DISTRICT,DAY_OF_WEEK,CHP_SHIFT,POPULATION,CNTY_CITY_LOC,SPECIAL_COND,BEAT_TYPE,CHP_BEAT_TYPE,CITY_DIVISION_LAPD,CHP_BEAT_CLASS,BEAT_NUMBER,PRIMARY_RD,SECONDARY_RD,DISTANCE,DIRECTION,INTERSECTION,WEATHER_1,WEATHER_2,STATE_HWY_IND,CALTRANS_COUNTY,CALTRANS_DISTRICT,STATE_ROUTE,ROUTE_SUFFIX,POSTMILE_PREFIX,POSTMILE,LOCATION_TYPE,RAMP_INTERSECTION,SIDE_OF_HWY,TOW_AWAY,COLLISION_SEVERITY,NUMBER_KILLED,NUMBER_INJURED,PARTY_COUNT,PRIMARY_COLL_FACTOR,PCF_CODE_OF_VIOL,PCF_VIOL_CATEGORY,PCF_VIOLATION,PCF_VIOL_SUBSECTION,HIT_AND_RUN,TYPE_OF_COLLISION,MVIW,PED_ACTION,ROAD_SURFACE,ROAD_COND_1,ROAD_COND_2,LIGHTING,CONTROL_DEVICE,CHP_ROAD_TYPE,PEDESTRIAN_ACCIDENT,BICYCLE_ACCIDENT,MOTORCYCLE_ACCIDENT,TRUCK_ACCIDENT,NOT_PRIVATE_PROPERTY,ALCOHOL_INVOLVED,STWD_VEHTYPE_AT_FAULT,CHP_VEHTYPE_AT_FAULT,COUNT_SEVERE_INJ,COUNT_VISIBLE_INJ,COUNT_COMPLAINT_PAIN,COUNT_PED_KILLED,COUNT_PED_INJURED,COUNT_BICYCLIST_KILLED,COUNT_BICYCLIST_INJURED,COUNT_MC_KILLED,COUNT_MC_INJURED,PRIMARY_RAMP,SECONDARY_RAMP,LATITUDE,LONGITUDE,COUNTY,CITY,POINT_X,POINT_Y
6824445,2015,2016-10-11,9865,2015-01-25,1825,018392,NA,7,2,9,3600,0,1,3,NA,2,020,RT 330,FOREST SERVICE RD,150,S,N,A,-,Y,SBD,8,330,-,-,35.84,H,-,S,Y,4,0,5,6,A,-,03,22350,NA,N,C,C,A,A,H,-,D,A,0,NA,NA,NA,NA,Y,NA,A,01,0,0,5,0,0,0,0,0,0,-,-,34.17703,-117.15378,SAN BERNARDINO,UNINCORPORATED,-117.15368163,34.17717253
6824491,2015,2016-10-10,9865,2015-01-04,2334,020872,NA,7,3,9,3600,0,1,3,NA,1,039,RT 38,SHORE DR,306,W,N,A,-,Y,SBD,8,38,-,-,48.65,H,-,E,Y,3,0,1,1,A,-,01,23152,A,N,E,I,A,C,H,-,D,D,0,NA,NA,NA,NA,Y,Y,D,22,0,1,0,0,0,0,0,0,0,-,-,34.26128,-116.83249,SAN BERNARDINO,UNINCORPORATED,-116.83120791,34.26124661
6826127,2015,2015-03-13,3609,2015-02-08,1902,9632,132,7,5,5,3609,0,0,0,NA,0,003,CEDAR AV,LORRAINE AV,0,NA,Y,A,-,N,NA,NA,NA,NA,NA,NA,NA,NA,NA,Y,4,0,1,2,A,-,03,22350,NA,F,B,C,A,A,H,-,C,D,0,NA,NA,NA,NA,Y,NA,A,01,0,0,1,0,0,0,0,0,0,-,-,NA,NA,SAN BERNARDINO,RIALTO,-117.39657008,34.10513005
6481474,2014,2014-07-23,3600,2014-05-06,1317,C9265,VC021,2,5,5,3612,0,0,0,NA,0,NA,BEAR VALLEY RD,FISH HATCHERY RD,0,NA,Y,B,-,N,NA,NA,NA,NA,NA,NA,NA,NA,NA,N,4,0,1,2,A,-,03,22350,NA,N,C,-,A,A,H,-,A,A,0,NA,NA,NA,NA,Y,NA,A,08,0,0,1,0,0,0,0,0,0,-,-,NA,NA,SAN BERNARDINO,VICTORVILLE,-117.25823013,34.47094004
6827300,2014,2015-03-10,3611,2014-11-19,1605,626,NA,3,5,5,3611,0,0,0,NA,0,003,CAMPUS AV,14TH ST,0,NA,Y,A,-,N,NA,NA,NA,NA,NA,NA,NA,NA,NA,N,4,0,1,2,A,-,10,21950,A,N,G,B,B,A,H,-,A,A,0,Y,NA,NA,NA,Y,NA,A,01,0,0,1,0,1,0,0,0,0,-,-,NA,NA,SAN BERNARDINO,UPLAND,-117.64155004,34.11430002
6827972,2014,2015-07-13,3607,2014-12-13,2022,80447,24,6,5,6,3607,0,0,0,NA,0,011,EUCLID AV,6TH ST,15,N,N,A,-,Y,NA,NA,NA,NA,NA,NA,NA,NA,NA,Y,4,0,2,2,A,-,08,22107,NA,N,B,C,A,A,H,-,C,B,0,NA,NA,NA,NA,Y,NA,-,NA,0,0,2,0,0,0,0,0,0,-,-,NA,NA,SAN BERNARDINO,ONTARIO,NA,NA
6829953,2015,2016-12-17,9835,2015-04-14,1540,020976,NA,2,2,9,3600,0,1,1,NA,2,043,RT 40,LAVA WASH BRIDGE,408,E,N,A,-,Y,SBD,8,40,-,R,14.7,H,-,E,Y,3,0,1,2,A,-,07,21658,A,N,B,C,A,A,H,-,A,D,1,NA,NA,NA,Y,Y,NA,A,01,0,1,0,0,0,0,0,0,0,-,-,34.83552,-116.76032,SAN BERNARDINO,UNINCORPORATED,-116.76009651,34.83553612
6832641,2015,2016-10-13,9860,2015-02-06,1850,19674,NA,5,2,3,3615,0,1,1,NA,2,104,RT 10,MT VIEW AV,1547,W,N,A,-,Y,SBD,8,10,-,-,26.92,H,-,E,Y,3,0,1,2,A,-,07,21658,A,N,B,C,A,A,H,-,D,D,1,NA,NA,Y,NA,Y,NA,A,01,0,1,0,0,0,0,0,0,1,-,-,34.06649,-117.25013,SAN BERNARDINO,LOMA LINDA,-117.25046704,34.06652272
6832652,2015,2016-10-14,9860,2015-01-18,2009,20739,NA,7,2,9,3600,0,1,1,NA,2,152,RT 15,OAK HILL RD,1584,S,N,A,-,Y,SBD,8,15,-,R,26.84,H,-,N,Y,4,0,1,1,A,-,08,22107,NA,N,E,I,A,A,D,-,D,D,1,NA,NA,NA,NA,Y,NA,A,01,0,0,1,0,0,0,0,0,0,-,-,34.35762,-117.43656,SAN BERNARDINO,UNINCORPORATED,-117.43505889,34.36016816
6832655,2015,2016-10-13,9860,2015-01-30,0003,20739,NA,5,3,5,3609,0,1,1,NA,2,201,RT 210,CACTUS AV,1,W,N,B,-,Y,SBD,8,210,-,-,17.93,H,-,E,Y,4,0,1,1,A,-,08,22107,NA,N,E,I,A,B,H,-,D,D,1,NA,NA,NA,NA,Y,NA,A,07,0,0,1,0,0,0,0,0,0,-,-,34.13562,-117.38362,SAN BERNARDINO,RIALTO,-117.38371502,34.13567082
6445802,2014,2014-06-13,3611,2014-01-16,1432,2062,NA,4,5,5,3611,0,0,0,NA,0,001,EUCLID AV,17TH ST,300,S,N,A,-,N,NA,NA,NA,NA,NA,NA,NA,NA,NA,N,3,0,1,1,B,-,22,NA,NA,N,E,I,A,A,H,-,A,D,0,NA,Y,NA,NA,Y,NA,L,04,0,1,0,0,0,0,1,0,0,-,-,NA,NA,SAN BERNARDINO,UPLAND,-117.65140638,34.1243578
6842064,2015,2015-03-30,3605,2015-02-19,1942,142,NA,4,5,4,3605,0,0,0,NA,0,NA,MISSION BL,RAMONA AV,0,NA,Y,A,-,N,NA,NA,NA,NA,NA,NA,NA,NA,NA,Y,4,0,1,2,A,-,09,21801,A,N,A,C,A,A,H,-,C,A,0,NA,NA,NA,NA,Y,NA,D,22,0,0,1,0,0,0,0,0,0,-,-,NA,NA,SAN BERNARDINO,MONTCLAIR,-117.70691013,34.05604008
6444828,2014,2014-07-02,9855,2014-02-24,2349,018335,NA,1,3,6,3604,0,1,1,NA,2,101,RT 10,CHERRY AV,5280,E,N,A,-,Y,NA,NA,10,NA,NA,NA,NA,NA,NA,Y,4,0,2,2,A,-,03,22350,NA,N,C,C,A,A,D,-,C,A,0,NA,NA,NA,NA,Y,NA,A,01,0,0,2,0,0,0,0,0,0,-,-,34.06657,-117.46968,SAN BERNARDINO,FONTANA,-117.46967677,34.06645322
6849773,2015,2015-03-24,3607,2015-02-13,1821,80171,67,5,5,6,3607,0,0,0,NA,0,031,4TH ST,CORONA AV,90,E,N,A,-,N,NA,NA,NA,NA,NA,NA,NA,NA,NA,Y,3,0,1,2,A,-,03,22350,NA,N,C,C,A,A,H,-,C,A,0,NA,NA,NA,NA,Y,NA,-,NA,0,1,0,0,0,0,0,0,0,-,-,NA,NA,SAN BERNARDINO,ONTARIO,-117.61516371,34.07761286
6443616,2014,2016-03-14,9865,2014-03-10,2140,017673,NA,1,2,9,3600,0,1,3,NA,2,017,RT 173,RT 189,170,E,N,A,-,Y,SBD,8,173,-,-,21.49,H,-,E,Y,3,0,1,1,A,-,01,23152,A,N,E,I,A,A,H,-,C,D,0,NA,NA,NA,NA,Y,Y,A,07,0,1,0,0,0,0,0,0,0,-,-,34.24882,-117.18917,SAN BERNARDINO,UNINCORPORATED,-117.18960521,34.24840827
6850654,2015,2015-04-07,3604,2015-03-03,1419,925,NA,2,5,6,3604,0,0,0,NA,0,NA,MAINE ST,MINNESOTA,0,NA,Y,A,-,N,NA,NA,NA,NA,NA,NA,NA,NA,NA,Y,3,0,2,2,A,-,08,22107,NA,N,D,C,A,A,H,-,A,D,0,NA,NA,NA,NA,Y,NA,-,-,0,1,1,0,0,0,0,0,0,-,-,NA,NA,SAN BERNARDINO,FONTANA,-117.4837501,34.12637005
6429906,2014,2014-06-28,3609,2014-02-04,1727,9632,149,2,5,5,3609,0,0,0,NA,0,004,WILLOW AV,SOUTHERN CALIFORNIA EDISON POLE #1739695E,63,S,N,A,-,N,NA,NA,NA,NA,NA,NA,NA,NA,NA,Y,4,0,1,2,A,-,03,22350,NA,N,C,C,A,A,H,-,C,D,0,NA,NA,NA,NA,Y,NA,A,07,0,0,1,0,0,0,0,0,0,-,-,NA,NA,SAN BERNARDINO,RIALTO,NA,NA
6852807,2015,2015-03-23,3610,2015-02-19,1103,50571,NA,4,5,6,3610,0,0,0,NA,0,NA,E HIGHLAND,GOLDEN AV,0,NA,Y,A,-,N,NA,NA,NA,NA,NA,NA,NA,NA,NA,N,3,0,1,2,A,-,10,21950,A,N,G,B,B,A,H,-,A,A,0,Y,NA,NA,NA,Y,NA,A,01,0,1,0,0,1,0,0,0,0,-,-,NA,NA,SAN BERNARDINO,SAN BERNARDINO,-117.26112014,34.13587002
6852848,2015,2015-03-20,3610,2015-02-27,0948,50749,NA,5,5,6,3610,0,0,0,NA,0,NA,WEST MAGNOLIA AV,N MEDICAL CENTER DR,111,E,N,A,-,N,NA,NA,NA,NA,NA,NA,NA,NA,NA,N,4,0,1,2,A,-,21,22106,1,N,G,B,D,A,H,-,A,D,0,Y,NA,NA,NA,Y,NA,A,07,0,0,1,0,1,0,0,0,0,-,-,NA,NA,SAN BERNARDINO,SAN BERNARDINO,-117.32219434,34.12544098
6852855,2015,2015-03-23,3610,2015-02-19,0742,50808,NA,4,5,6,3610,0,0,0,NA,0,NA,SOUTH WATERMAN AV,CAROLINE,0,NA,Y,A,-,N,NA,NA,NA,NA,NA,NA,NA,NA,NA,Y,3,0,6,2,A,-,12,21453,A,N,A,C,A,A,H,-,A,A,0,NA,NA,NA,NA,Y,NA,A,01,0,1,5,0,0,0,0,0,0,-,-,NA,NA,SAN BERNARDINO,SAN BERNARDINO,-117.27872,34.06146002
6853451,2014,2015-03-26,9855,2014-10-23,1230,016220,NA,4,1,6,3607,0,1,3,NA,2,603,RT 60,EUCLID AV,2500,W,N,A,-,Y,NA,NA,60,NA,NA,NA,NA,NA,NA,Y,4,0,1,3,A,-,07,21658,A,N,B,C,A,A,H,-,A,D,0,NA,NA,NA,Y,Y,NA,G,25,0,0,1,0,0,0,0,0,0,-,-,34.03021,-117.65694,SAN BERNARDINO,ONTARIO,-117.65694,34.03030389
6853664,2014,2015-03-20,9855,2014-10-15,0720,14980,NA,3,1,5,3630,0,1,3,NA,2,071,RT 71,GRAND AV,2570,S,N,A,-,Y,NA,NA,71,NA,NA,NA,NA,NA,NA,Y,4,0,1,2,A,-,03,22350,NA,N,B,C,A,A,H,-,A,D,0,NA,NA,NA,NA,Y,NA,A,01,0,0,1,0,0,0,0,0,0,-,-,33.99567,-117.72128,SAN BERNARDINO,CHINO HILLS,-117.72107867,33.99579367
6854226,2015,2015-04-13,3610,2015-02-05,0949,50732,NA,4,5,6,3610,0,0,0,NA,0,NA,S TIPPECANOE AV,BRIER DR,149,N,N,A,-,N,NA,NA,NA,NA,NA,NA,NA,NA,NA,N,1,1,0,2,A,-,16,24002,A,N,H,B,E,A,H,-,A,A,0,Y,NA,NA,Y,Y,NA,F,26,0,0,0,1,0,0,0,0,0,-,-,NA,NA,SAN BERNARDINO,SAN BERNARDINO,-117.26121057,34.07145096
6854472,2014,2016-01-08,3600,2014-05-11,0656,D4301,HE128,7,5,5,3619,0,0,0,NA,0,HE128,BALSAM AV,MAIN ST,17,N,N,A,-,N,NA,NA,NA,NA,NA,NA,NA,NA,NA,Y,1,5,1,2,A,-,01,23152,NA,N,D,C,A,A,H,-,A,A,0,NA,NA,NA,NA,Y,NA,A,01,0,0,1,0,0,0,0,0,0,-,-,NA,NA,SAN BERNARDINO,HESPERIA,-117.32972398,34.42689464
6854554,2015,2015-07-15,9835,2015-05-13,1742,014476,NA,3,2,9,3600,0,1,1,NA,2,074,RT 15,AFTON CANYON RD,20592,N,N,A,-,Y,SBD,8,15,-,R,116.23,H,-,S,Y,1,2,2,3,A,-,08,22107,NA,N,F,A,A,A,H,-,A,D,1,NA,NA,NA,NA,Y,NA,A,01,1,1,0,0,0,0,0,0,0,-,-,35.08811,-116.33496,SAN BERNARDINO,UNINCORPORATED,-116.33535222,35.08819996
6423850,2014,2015-11-25,9850,2014-03-14,1620,013061,NA,5,2,5,3619,0,1,1,NA,2,081,RT 15,SOUTH PACIFIC RAILROAD CROSSING,100,N,N,A,-,Y,SBD,8,15,-,-,31.13,H,-,N,Y,4,0,5,3,A,-,03,22350,NA,N,C,C,A,A,H,-,A,D,1,NA,NA,NA,NA,Y,NA,A,01,0,0,5,0,0,0,0,0,0,-,-,34.3917,-117.40807,SAN BERNARDINO,HESPERIA,-117.40787903,34.3919945
6859557,2014,2015-03-26,3611,2014-12-05,1842,2908,NA,5,5,5,3611,0,0,0,NA,0,001,16TH ST,SAN ANTONIO AV,27,E,N,A,-,N,NA,NA,NA,NA,NA,NA,NA,NA,NA,Y,4,0,2,2,A,-,03,22350,NA,N,C,C,A,A,H,-,C,A,0,NA,NA,NA,NA,Y,NA,A,01,0,0,2,0,0,0,0,0,0,-,-,NA,NA,SAN BERNARDINO,UPLAND,-117.66077102,34.12151
6861640,2015,2015-04-08,3603,2015-03-05,1615,CL4697,COLTO,4,5,4,3603,0,0,0,NA,0,004,WASHINGTON ST,R V CENTER DR,2223,W,N,A,-,N,NA,NA,NA,NA,NA,NA,NA,NA,NA,Y,4,0,1,1,A,-,03,22350,NA,N,F,J,A,A,H,-,A,D,0,NA,NA,NA,NA,Y,NA,D,22,0,0,1,0,0,0,0,0,0,-,-,NA,NA,SAN BERNARDINO,COLTON,-117.32348,34.04374
6420178,2014,2016-03-15,3604,2014-01-19,1321,680,NA,7,5,6,3604,0,0,0,NA,0,NA,CHERRY AV,RT 210,0,NA,Y,A,-,Y,SBD,8,210,-,-,12.148,R,4,W,Y,4,0,3,2,A,-,12,21453,A,N,D,C,A,A,H,-,A,A,0,NA,NA,NA,NA,Y,NA,A,01,0,0,3,0,0,0,0,0,0,-,WF,NA,NA,SAN BERNARDINO,FONTANA,-117.48460617,34.13657131
6398962,2014,2014-06-25,9835,2014-02-15,0840,020437,NA,6,1,9,3600,0,1,1,NA,2,074,RT 15,AFTON CANYON RD,23390,N,N,A,-,Y,NA,NA,15,NA,NA,NA,NA,NA,NA,Y,3,0,1,1,A,-,08,22107,NA,N,E,J,A,A,H,-,A,D,0,NA,NA,Y,NA,Y,NA,C,02,0,1,0,0,0,0,0,0,1,-,-,35.0879,-116.3359,SAN BERNARDINO,UNINCORPORATED,-116.33589884,35.0879137
6863473,2015,2015-04-03,3611,2015-02-25,1051,3031,WVMC,3,5,5,3611,0,0,0,NA,0,002,MOUNTAIN AV,ARROW HWY,28,N,N,A,-,N,NA,NA,NA,NA,NA,NA,NA,NA,NA,Y,3,0,1,1,A,-,03,22350,NA,N,E,I,A,A,H,-,A,A,0,NA,NA,NA,NA,Y,NA,A,01,0,1,0,0,0,0,0,0,0,-,-,NA,NA,SAN BERNARDINO,UPLAND,-117.6702516,34.09974673
6863847,2015,2016-09-27,3600,2015-03-20,1320,G0455,RC041,5,5,6,3616,0,0,0,NA,0,RC01,ARCHIBALD AV,RT 210,0,NA,Y,A,-,Y,SBD,8,210,-,-,5.705,R,4,E,Y,4,0,1,2,-,-,-,NA,NA,N,D,C,A,A,H,-,A,A,0,NA,NA,NA,NA,Y,NA,-,-,0,0,1,0,0,0,0,0,0,-,EF,NA,NA,SAN BERNARDINO,RANCHO CUCAMONGA,-117.59694376,34.13493029
6864221,2015,2015-04-08,3611,2015-03-04,0943,2488,WVMC,3,5,5,3611,0,0,0,NA,0,002,MOUNTAIN AV,ARROW HWY,320,S,N,A,-,N,NA,NA,NA,NA,NA,NA,NA,NA,NA,N,4,0,1,2,A,-,05,21650,NA,N,D,G,A,A,H,-,A,D,0,NA,Y,NA,NA,Y,NA,L,04,0,0,1,0,0,0,1,0,0,-,-,NA,NA,SAN BERNARDINO,UPLAND,-117.67025,34.09879296
6706515,2014,2015-01-12,9835,2014-11-07,1235,018137,NA,5,1,9,3600,0,3,5,NA,2,034,RT 247,STODDARD WELLS RD,7392,N,N,A,-,Y,NA,NA,NA,NA,NA,NA,NA,NA,NA,Y,3,0,1,1,A,-,08,22107,NA,N,F,A,A,A,H,-,A,D,0,NA,NA,Y,NA,Y,NA,C,02,0,1,0,0,0,0,0,0,1,-,-,NA,NA,SAN BERNARDINO,UNINCORPORATED,NA,NA
6696834,2014,2014-12-31,9850,2014-10-31,1300,014476,NA,5,1,9,3600,0,3,5,NA,2,003,DEEP CREEK RD,ROUNDUP WY,0,NA,Y,B,-,N,NA,NA,NA,NA,NA,NA,NA,NA,NA,Y,4,0,2,2,A,-,03,22350,NA,N,C,C,A,A,H,-,A,D,0,NA,NA,NA,NA,Y,NA,A,01,0,0,2,0,0,0,0,0,0,-,-,34.42052,-117.22472,SAN BERNARDINO,UNINCORPORATED,-117.22485011,34.42064003
6870267,2015,2015-04-15,3600,2015-03-12,2121,D7725,CH065,4,5,5,3630,0,0,0,NA,0,CH4,BUTTERFIELD RANCH RD,PINE AV,0,NA,Y,A,-,N,NA,NA,NA,NA,NA,NA,NA,NA,NA,Y,3,0,2,2,A,-,08,22107,NA,N,A,C,A,A,H,-,C,A,0,NA,NA,NA,NA,Y,NA,A,01,0,1,1,0,0,0,0,0,0,-,-,NA,NA,SAN BERNARDINO,CHINO HILLS,-117.68027013,33.94686002
6872004,2015,2015-04-16,3602,2015-01-25,1126,2798,NA,7,5,5,3602,0,0,0,NA,0,003,PIPELINE AV,GRAND AV,597,S,N,A,-,N,NA,NA,NA,NA,NA,NA,NA,NA,NA,N,4,0,3,4,A,-,09,21801,A,N,D,C,A,A,H,-,A,D,0,NA,NA,NA,NA,Y,NA,A,01,0,0,3,0,0,0,0,0,0,-,-,NA,NA,SAN BERNARDINO,CHINO,-117.71523717,33.99558375
6872236,2015,2016-11-04,3600,2015-02-14,2137,F2747,YV007,6,5,3,3631,0,0,0,NA,0,YV1,TWENTYNINE PALMS HWY,HOPI TRL,0,NA,Y,A,-,Y,SBD,8,62,-,-,10.11,H,-,E,Y,4,0,2,2,A,-,07,21658,A,N,B,C,A,A,H,-,C,A,0,NA,NA,Y,NA,Y,Y,A,01,0,0,2,0,0,0,0,0,2,-,-,NA,NA,SAN BERNARDINO,YUCCA VALLEY,-116.45286059,34.11767882
6875788,2015,2015-04-14,3608,2015-03-13,0346,4032,NA,5,5,5,3608,0,0,0,NA,0,NA,E MARIPOSA DR,WESTWOOD LN,136,E,N,A,-,N,NA,NA,NA,NA,NA,NA,NA,NA,NA,N,3,0,2,1,A,-,08,22107,NA,N,E,I,A,A,H,-,C,A,0,NA,NA,NA,NA,Y,Y,A,01,0,1,1,0,0,0,0,0,0,-,-,NA,NA,SAN BERNARDINO,REDLANDS,-117.15208438,34.02602317
6876371,2015,2016-09-20,9860,2015-03-03,1835,020476,NA,2,2,9,3600,0,1,1,NA,2,151,RT 15,KENWOOD AV,750,N,N,A,-,Y,SBD,8,15,-,R,15.1,H,-,N,Y,4,0,1,4,A,-,03,22350,NA,N,C,C,A,A,H,-,D,D,1,NA,NA,NA,NA,Y,NA,A,01,0,0,1,0,0,0,0,0,0,-,-,34.24427,-117.43421,SAN BERNARDINO,UNINCORPORATED,-117.42679044,34.23814662
6876669,2014,2015-04-23,3607,2014-12-08,2208,80395,141,1,5,6,3607,0,0,0,NA,0,041,GUASTI RD,HAVEN AV,20,W,N,A,-,N,NA,NA,NA,NA,NA,NA,NA,NA,NA,N,4,0,1,2,A,-,03,22350,NA,N,C,C,A,A,H,-,C,A,0,NA,NA,NA,NA,Y,NA,-,NA,0,0,1,0,0,0,0,0,0,-,-,NA,NA,SAN BERNARDINO,ONTARIO,-117.57596585,34.06494083
6876673,2014,2015-04-23,3607,2014-12-11,1222,80248,58,4,5,6,3607,0,0,0,NA,0,011,4TH ST,MOUNTAIN AV,0,NA,Y,A,-,N,NA,NA,NA,NA,NA,NA,NA,NA,NA,Y,4,0,1,2,A,-,09,21801,A,N,D,C,A,A,H,-,A,A,0,NA,NA,NA,NA,Y,NA,-,NA,0,0,1,0,0,0,0,0,0,-,-,NA,NA,SAN BERNARDINO,ONTARIO,-117.67011012,34.07787005
6877004,2015,2015-04-24,9860,2015-02-22,1215,019429,NA,7,1,9,3600,0,3,5,NA,2,002,STATE ST,BLAKE ST,0,NA,Y,B,C,N,NA,NA,NA,NA,NA,NA,NA,NA,NA,Y,4,0,1,3,A,-,09,21801,A,N,D,C,A,B,H,-,A,D,0,NA,NA,NA,NA,Y,NA,A,01,0,0,1,0,0,0,0,0,0,-,-,34.15021,-117.33556,SAN BERNARDINO,UNINCORPORATED,-117.33548003,34.15054007
6878379,2015,2016-03-08,3607,2015-03-07,1354,80181,172,6,5,6,3607,0,0,0,NA,0,042,AIRPORT DR,ROCHESTER AV,100,W,N,A,-,N,NA,NA,NA,NA,NA,NA,NA,NA,NA,Y,3,0,1,1,A,-,01,23152,A,N,E,I,A,A,H,-,A,A,0,NA,NA,NA,NA,Y,Y,-,NA,0,1,0,0,0,0,0,0,0,-,-,NA,NA,SAN BERNARDINO,ONTARIO,-117.54618927,34.0627
6685379,2014,2016-04-30,9870,2014-09-18,1450,20829,NA,4,2,9,3600,0,1,3,NA,1,031,RT 62,WHITE FEATHER RD,300,W,N,A,-,Y,SBD,8,62,-,-,20.44,H,-,E,Y,2,0,1,2,A,-,09,21804,A,N,D,C,A,A,H,-,A,D,0,NA,NA,NA,NA,Y,NA,A,01,1,0,0,0,0,0,0,0,0,-,-,34.13515,-116.27728,SAN BERNARDINO,UNINCORPORATED,-116.27728384,34.13508816
6883266,2014,2015-04-20,3610,2014-07-11,1825,50734,NA,5,5,6,3610,0,0,0,NA,0,NA,W 16TH,N CALIFORNIA ST,0,NA,Y,A,-,N,NA,NA,NA,NA,NA,NA,NA,NA,NA,Y,4,0,1,2,A,-,12,22450,A,N,D,C,A,A,H,-,A,A,0,NA,NA,NA,NA,Y,NA,A,01,0,0,1,0,0,0,0,0,0,-,-,NA,NA,SAN BERNARDINO,SAN BERNARDINO,-117.33110002,34.12867007
6885903,2015,2016-11-28,9860,2015-04-02,1525,18223,NA,4,2,6,3610,0,1,1,NA,2,202,RT 210,DEL ROSA AV,400,W,N,A,-,Y,SBD,8,210,-,R,25.53,R,1,E,Y,3,0,1,2,A,-,03,22350,NA,N,C,C,A,A,H,-,A,D,1,NA,NA,NA,NA,Y,NA,A,01,0,1,0,0,0,0,0,0,0,TO,-,34.14301,-117.25561,SAN BERNARDINO,SAN BERNARDINO,-117.25600901,34.1431916
6888552,2015,2015-04-28,3600,2015-04-10,1605,E5343,HE218,5,5,5,3619,0,0,0,NA,0,HE4,MAIN ST,I AV,0,NA,Y,A,-,N,NA,NA,NA,NA,NA,NA,NA,NA,NA,N,4,0,1,2,A,-,11,21950,B,N,G,B,B,A,H,-,A,A,0,Y,NA,NA,NA,Y,NA,N,60,0,0,1,0,1,0,0,0,0,-,-,NA,NA,SAN BERNARDINO,HESPERIA,-117.2830801,34.41881006
6889002,2015,2015-04-27,9860,2015-03-15,1255,18223,NA,7,1,9,3600,0,3,5,NA,2,003,OAK GLEN RD,PINE BENCH RD,1500,N,N,A,-,N,NA,NA,NA,NA,NA,NA,NA,NA,NA,Y,2,0,1,1,A,-,08,22107,NA,N,F,A,A,A,H,-,A,D,0,NA,NA,Y,NA,Y,NA,C,02,1,0,0,0,0,0,0,0,1,-,-,33.94177,-116.93969,SAN BERNARDINO,UNINCORPORATED,-116.94057729,34.04177697
6894163,2015,2015-05-04,3607,2015-03-29,0125,80483,158,7,5,6,3607,0,0,0,NA,0,051,EUCLID AV,MISSION BL,0,NA,Y,A,-,N,NA,NA,NA,NA,NA,NA,NA,NA,NA,Y,3,0,3,2,A,-,12,21453,A,N,D,C,A,A,H,-,C,A,0,NA,NA,NA,NA,Y,Y,-,NA,0,1,2,0,0,0,0,0,0,-,-,NA,NA,SAN BERNARDINO,ONTARIO,-117.65113006,34.05507003
6894190,2015,2016-10-20,3607,2015-03-31,0851,80326,90,2,5,6,3607,0,0,0,NA,0,021,EUCLID AV,I ST,0,NA,Y,A,-,Y,SBD,8,83,-,-,10.216,I,5,N,N,3,0,1,2,A,-,12,21453,A,F,D,G,A,A,H,-,A,A,0,NA,Y,NA,NA,Y,NA,-,NA,0,1,0,0,0,0,1,0,0,-,-,NA,NA,SAN BERNARDINO,ONTARIO,-117.6508814,34.0743549
6894195,2015,2015-05-04,3607,2015-03-27,1151,14632,215,5,5,6,3607,0,0,0,NA,0,072,JURUPA ST,TURNER AV,200,E,N,A,-,N,NA,NA,NA,NA,NA,NA,NA,NA,NA,Y,4,0,1,1,A,-,08,22107,NA,N,E,I,A,A,H,-,A,A,0,NA,NA,NA,NA,Y,Y,-,NA,0,0,1,0,0,0,0,0,0,-,-,NA,NA,SAN BERNARDINO,ONTARIO,-117.58395166,34.04834
6894236,2015,2016-04-29,3609,2015-03-19,2227,3156,125,4,5,5,3609,0,0,0,NA,0,002,RT 66,MILLARD AV,23,W,N,A,-,N,NA,NA,NA,NA,NA,NA,NA,NA,NA,N,2,0,1,2,A,-,10,21950,A,N,G,B,B,A,H,-,C,D,0,Y,NA,NA,NA,Y,NA,A,01,1,0,0,0,1,0,0,0,0,-,-,NA,NA,SAN BERNARDINO,RIALTO,-117.37699449,34.10675004
6679121,2014,2014-12-22,9835,2014-10-04,2240,19487,NA,6,3,9,3600,0,1,1,NA,2,076,RT 15,BAILEY RD,10560,S,N,A,-,Y,NA,NA,15,NA,NA,NA,NA,NA,NA,Y,4,0,2,3,A,-,03,22350,NA,N,C,C,A,A,H,-,D,D,0,NA,NA,NA,NA,Y,NA,A,07,0,0,2,0,0,0,0,0,0,-,-,35.46938,-115.54114,SAN BERNARDINO,UNINCORPORATED,-115.54114794,35.4692952
6895067,2015,2015-05-05,3608,2015-04-16,1523,4202,3608,4,5,5,3608,0,0,0,NA,0,NA,6TH ST,REDLANDS BL,0,NA,Y,A,-,N,NA,NA,NA,NA,NA,NA,NA,NA,NA,N,3,0,2,2,A,-,09,21801,A,N,D,C,A,A,H,-,A,A,0,NA,NA,NA,NA,Y,NA,A,01,0,1,1,0,0,0,0,0,0,-,-,NA,NA,SAN BERNARDINO,REDLANDS,-117.1803701,34.05729012
6895078,2015,2015-05-05,3608,2015-04-18,1446,4388,NA,6,5,5,3608,0,0,0,NA,0,NA,BROOKSIDE AV,PARKWOOD DR,0,NA,Y,A,-,N,NA,NA,NA,NA,NA,NA,NA,NA,NA,N,3,0,1,2,A,-,08,22107,NA,N,H,A,A,A,H,-,A,D,0,NA,NA,Y,NA,Y,NA,A,01,0,1,0,0,0,0,0,0,1,-,-,NA,NA,SAN BERNARDINO,REDLANDS,-117.18767014,34.05431002
6896502,2015,2016-09-06,9855,2015-03-16,1820,020904,NA,1,2,6,3607,0,1,3,NA,2,601,RT 60,VINEYARD AV,2640,W,N,A,-,Y,SBD,8,60,-,R,6.36,H,-,E,Y,3,0,1,2,A,-,03,22350,NA,N,C,D,A,A,H,-,A,D,1,NA,NA,Y,NA,Y,NA,C,02,0,1,0,0,0,0,0,0,1,-,-,34.03039,-117.62992,SAN BERNARDINO,ONTARIO,-117.61984726,34.03041985
6896552,2015,2016-11-18,9855,2015-04-06,0940,012923,NA,1,1,4,3605,0,1,1,NA,2,103,RT 10,MOUNTAIN AV,985,W,N,A,-,Y,SBD,8,10,-,-,2.18,H,-,W,N,4,0,1,1,A,-,08,22107,NA,N,E,I,A,A,H,-,E,D,1,NA,NA,NA,NA,Y,NA,A,01,0,0,1,0,0,0,0,0,0,-,-,34.08749,-117.67823,SAN BERNARDINO,MONTCLAIR,-117.67372322,34.08737057