CASE_ID,ACCIDENT_YEAR,PROC_DATE,JURIS,COLLISION_DATE,COLLISION_TIME,OFFICER_ID,REPORTING_DISTRICT,DAY_OF_WEEK,CHP_SHIFT,POPULATION,CNTY_CITY_LOC,SPECIAL_COND,BEAT_TYPE,CHP_BEAT_TYPE,CITY_DIVISION_LAPD,CHP_BEAT_CLASS,BEAT_NUMBER,PRIMARY_RD,SECONDARY_RD,DISTANCE,DIRECTION,INTERSECTION,WEATHER_1,WEATHER_2,STATE_HWY_IND,CALTRANS_COUNTY,CALTRANS_DISTRICT,STATE_ROUTE,ROUTE_SUFFIX,POSTMILE_PREFIX,POSTMILE,LOCATION_TYPE,RAMP_INTERSECTION,SIDE_OF_HWY,TOW_AWAY,COLLISION_SEVERITY,NUMBER_KILLED,NUMBER_INJURED,PARTY_COUNT,PRIMARY_COLL_FACTOR,PCF_CODE_OF_VIOL,PCF_VIOL_CATEGORY,PCF_VIOLATION,PCF_VIOL_SUBSECTION,HIT_AND_RUN,TYPE_OF_COLLISION,MVIW,PED_ACTION,ROAD_SURFACE,ROAD_COND_1,ROAD_COND_2,LIGHTING,CONTROL_DEVICE,CHP_ROAD_TYPE,PEDESTRIAN_ACCIDENT,BICYCLE_ACCIDENT,MOTORCYCLE_ACCIDENT,TRUCK_ACCIDENT,NOT_PRIVATE_PROPERTY,ALCOHOL_INVOLVED,STWD_VEHTYPE_AT_FAULT,CHP_VEHTYPE_AT_FAULT,COUNT_SEVERE_INJ,COUNT_VISIBLE_INJ,COUNT_COMPLAINT_PAIN,COUNT_PED_KILLED,COUNT_PED_INJURED,COUNT_BICYCLIST_KILLED,COUNT_BICYCLIST_INJURED,COUNT_MC_KILLED,COUNT_MC_INJURED,PRIMARY_RAMP,SECONDARY_RAMP,LATITUDE,LONGITUDE,COUNTY,CITY,POINT_X,POINT_Y
82331905,2024,2024-03-07,3607,2024-02-09,1121,19890,20,5,5,6,3607,0,0,0,NA,0,011,FIFTH ST,BENSON AV,0,NA,Y,A,-,N,NA,NA,NA,NA,NA,NA,NA,NA,NA,Y,3,0,1,2,A,-,12,22450,A,N,D,C,A,A,H,-,A,A,0,NA,NA,NA,NA,Y,NA,A,07,0,1,0,0,0,0,0,0,0,-,-,NA,NA,SAN BERNARDINO,ONTARIO,-117.68083953857422,34.081451416015625
81703845,2022,2022-02-18,3607,2022-02-12,1225,20275,159,6,5,6,3607,0,0,0,NA,0,061,STATE ST,LEMON AV,0,NA,Y,A,-,N,NA,NA,NA,NA,NA,NA,NA,NA,NA,N,4,0,1,2,A,-,09,21801,A,N,D,C,A,A,H,-,A,D,0,NA,NA,NA,NA,Y,NA,A,01,0,0,1,0,0,0,0,0,0,-,-,NA,NA,SAN BERNARDINO,ONTARIO,-117.64957427978516,34.06005859375
82363947,2024,2024-04-15,3611,2024-03-13,1652,3395,3611,3,5,5,3611,0,0,0,NA,0,002,11TH ST,WEDGEWOOD AVE,0,NA,Y,A,-,N,NA,NA,NA,NA,NA,NA,NA,NA,NA,Y,3,0,1,3,A,-,09,21802,A,N,D,C,A,A,H,-,A,A,0,NA,NA,NA,NA,Y,NA,A,01,0,1,0,0,0,0,0,0,0,-,-,34.10332107543945,-117.6719970703125,SAN BERNARDINO,UPLAND,-117.67201232910156,34.10330581665039
82375541,2024,2024-04-26,3602,2024-03-31,1120,4190,NA,7,5,5,3602,0,0,0,NA,0,002,CENTRAL AVE,COUNTRY FAIR AVE,0,NA,Y,A,-,N,NA,NA,NA,NA,NA,NA,NA,NA,NA,N,4,0,2,2,A,-,03,22350,NA,N,C,C,A,B,H,-,A,A,0,NA,NA,NA,NA,Y,NA,A,01,0,0,2,0,0,0,0,0,0,-,-,34.03548049926758,-117.63948822021484,SAN BERNARDINO,CHINO,-117.00083160400392,32.669281005859375
82387310,2024,2024-07-11,3602,2024-04-18,1101,2798,NA,4,5,5,3602,0,0,0,NA,0,003,PINE AVE,HARVEST WAY,49,E,N,A,-,N,NA,NA,NA,NA,NA,NA,NA,NA,NA,N,3,0,1,3,A,-,03,22350,NA,F,C,C,A,A,H,-,A,A,0,NA,NA,NA,NA,Y,NA,A,01,0,1,0,0,0,0,0,0,0,-,-,33.95975112915039,-117.61550903320313,SAN BERNARDINO,CHINO,-117.61540222167967,33.95955276489258
82392272,2024,2024-05-17,3611,2024-03-29,1149,3272,NA,5,5,5,3611,0,0,0,NA,0,002,SAN ANTONIO AVE,9TH ST,0,NA,Y,A,-,N,NA,NA,NA,NA,NA,NA,NA,NA,NA,N,4,0,1,2,A,-,12,21453,A,N,D,C,A,A,H,-,A,A,0,NA,NA,NA,NA,Y,NA,A,01,0,0,1,0,0,0,0,0,0,-,-,34.09598922729492,-117.660888671875,SAN BERNARDINO,UPLAND,-117.66073608398438,34.0960578918457
82392274,2024,2024-05-17,3611,2024-04-10,1842,3452,NA,3,5,5,3611,0,0,0,NA,0,001,FOOTHILL BLVD,AIRPORT DR,8,W,N,A,-,N,NA,NA,NA,NA,NA,NA,NA,NA,NA,Y,3,0,2,2,A,-,09,21802,A,N,D,C,A,A,H,-,A,D,0,NA,NA,NA,NA,Y,NA,A,01,0,2,0,0,0,0,0,0,0,-,-,34.1068000793457,-117.68956756591795,SAN BERNARDINO,UPLAND,-117.6904296875,34.10683822631836
82403816,2024,2024-06-03,3609,2024-05-18,1401,01720,NA,6,5,5,3609,0,0,0,NA,0,003,CACTUS AVE,SAN BERNARDINO AVE,0,NA,Y,A,-,N,NA,NA,NA,NA,NA,NA,NA,NA,NA,N,4,0,1,2,A,-,12,22450,A,F,D,C,A,A,H,-,A,A,0,NA,NA,NA,NA,Y,NA,A,01,0,0,1,0,0,0,0,0,0,-,-,NA,NA,SAN BERNARDINO,RIALTO,-117.38339233398438,34.07769775390625
82432158,2024,2024-07-08,3602,2024-06-13,1526,4501,NA,4,5,5,3602,0,0,0,NA,0,002,RIVERSIDE DRIVE (6300 BLOCK),MOUNTAIN AVENUE,591,E,N,A,-,N,NA,NA,NA,NA,NA,NA,NA,NA,NA,N,3,0,1,2,A,-,09,21804,A,N,D,C,A,A,H,-,A,A,0,NA,NA,NA,NA,Y,NA,D,83,0,1,0,0,0,0,0,0,0,-,-,34.01932144165039,-117.66549682617188,SAN BERNARDINO,CHINO,-117.66560363769533,34.01921844482422
8175999,2016,2016-12-02,3604,2016-11-20,1542,1156,NA,7,5,6,3604,0,0,0,NA,0,NA,FOOTHILL BL,OLEANDER AV,0,NA,Y,B,-,N,NA,NA,NA,NA,NA,NA,NA,NA,NA,Y,4,0,1,3,A,-,09,21802,A,N,D,C,A,A,H,-,A,A,0,NA,NA,NA,NA,Y,NA,D,22,0,0,1,0,0,0,0,0,0,-,-,NA,NA,SAN BERNARDINO,FONTANA,-117.44887002,34.10658009
8282838,2016,2017-01-25,3600,2016-11-11,1346,E2986,AP012,5,5,5,3621,0,0,0,NA,0,002,WAALEW RD,MESQUITE RD,0,NA,Y,A,-,N,NA,NA,NA,NA,NA,NA,NA,NA,NA,Y,2,0,2,2,A,-,03,22350,NA,N,C,C,A,A,H,-,A,D,0,NA,NA,NA,NA,Y,NA,D,22,1,1,0,0,0,0,0,0,0,-,-,NA,NA,SAN BERNARDINO,APPLE VALLEY,-117.16278007,34.55683
8287373,2016,2017-01-31,3607,2016-12-22,1258,80248,215,4,5,6,3607,0,0,0,NA,0,042,HAVEN AV,MISSION BL,300,N,N,B,-,N,NA,NA,NA,NA,NA,NA,NA,NA,NA,N,4,0,1,3,A,-,03,22350,NA,N,C,C,A,B,H,-,A,D,0,NA,NA,NA,NA,Y,NA,-,NA,0,0,1,0,0,0,0,0,0,-,-,NA,NA,SAN BERNARDINO,ONTARIO,-117.57597287,34.03896205
8292131,2017,2017-04-08,3608,2017-03-10,0909,4345,NA,5,5,5,3608,0,0,0,NA,0,NA,SAN TIMOTEO CANYON RD,ALESSANDRO RD,0,NA,Y,A,-,Y,NA,NA,NA,NA,NA,NA,NA,NA,NA,Y,4,0,1,2,A,-,09,21802,NA,N,D,C,A,A,H,-,A,A,0,NA,NA,NA,NA,Y,NA,A,07,0,0,1,0,0,0,0,0,0,-,-,NA,NA,SAN BERNARDINO,REDLANDS,-117.18191004,34.01180009
8293630,2016,2017-02-02,3611,2016-12-27,1729,2387,NA,2,5,5,3611,0,0,0,NA,0,003,CAMPUS AV,14TH ST,0,NA,Y,A,-,N,NA,NA,NA,NA,NA,NA,NA,NA,NA,Y,4,0,1,2,A,-,09,21801,A,M,D,C,A,A,H,-,C,A,0,NA,NA,NA,NA,Y,NA,A,07,0,0,1,0,0,0,0,0,0,-,-,NA,NA,SAN BERNARDINO,UPLAND,-117.64155004,34.11430002
8293650,2016,2017-02-02,3611,2016-12-22,1254,2325,3611,4,5,5,3611,0,0,0,NA,0,002,EUCLID AV,9TH ST,0,NA,Y,C,-,N,NA,NA,NA,NA,NA,NA,NA,NA,NA,Y,4,0,2,2,A,-,12,21453,A,N,D,C,A,B,H,-,A,A,0,NA,NA,NA,NA,Y,NA,A,07,0,0,2,0,0,0,0,0,0,-,-,NA,NA,SAN BERNARDINO,UPLAND,-117.65130005,34.09610005
81844008,2022,2022-08-19,3609,2022-07-24,1725,02055,151,7,5,5,3609,0,0,0,NA,0,004,MERRILL AVE,RIVERSIDE AVE,315,W,N,A,-,N,NA,NA,NA,NA,NA,NA,NA,NA,NA,Y,4,0,1,2,A,-,09,21804,A,N,A,C,A,A,H,-,A,A,0,NA,NA,NA,NA,Y,NA,A,01,0,0,1,0,0,0,0,0,0,-,-,34.09244918823242,-117.37007904052734,SAN BERNARDINO,RIALTO,-117.3713836669922,34.092288970947266
81867139,2022,2022-09-19,3607,2022-08-25,1735,21001,193,4,5,6,3607,0,0,0,NA,0,052,MAGNOLIA AV,TROPICANA ST,7,E,N,A,-,N,NA,NA,NA,NA,NA,NA,NA,NA,NA,Y,4,0,1,3,A,-,09,21801,A,N,D,C,A,A,H,-,A,D,0,NA,NA,NA,Y,Y,NA,F,26,0,0,1,0,0,0,0,0,0,-,-,NA,NA,SAN BERNARDINO,ONTARIO,-117.672119140625,34.04650115966797
8302399,2017,2017-02-21,3610,2017-01-10,1131,50992,NA,2,5,6,3610,0,0,0,NA,0,NA,E 30TH ST,LYNWOOD DR,18,S,N,B,-,N,NA,NA,NA,NA,NA,NA,NA,NA,NA,Y,4,0,1,2,A,-,09,21801,A,N,D,C,A,A,H,-,A,D,0,NA,NA,Y,NA,Y,NA,C,06,0,0,1,0,0,0,0,0,1,-,-,34.14665,-117.26816,SAN BERNARDINO,SAN BERNARDINO,-117.26814404,34.14660697
8187258,2016,2016-12-22,3600,2016-11-07,2258,D3381,VC025,1,5,5,3612,0,0,0,NA,0,VC3,CHOCTAW ST,9TH AV,0,NA,Y,A,-,N,NA,NA,NA,NA,NA,NA,NA,NA,NA,Y,3,0,1,1,A,-,03,22350,NA,N,F,I,A,A,H,-,C,A,0,NA,NA,NA,NA,Y,Y,A,07,0,1,0,0,0,0,0,0,0,-,-,NA,NA,SAN BERNARDINO,VICTORVILLE,-117.32122009,34.49067002
81888950,2022,2022-10-13,3611,2022-03-03,1509,3025,3611,4,5,5,3611,0,0,0,NA,0,003,16TH ST,WINSTON WAY (W),26,W,N,A,-,N,NA,NA,NA,NA,NA,NA,NA,NA,NA,N,4,0,2,3,A,-,03,22350,NA,N,C,C,A,A,H,-,A,A,0,NA,NA,NA,NA,Y,NA,I,11,0,0,2,0,0,0,0,0,0,-,-,NA,NA,SAN BERNARDINO,UPLAND,-117.6454849243164,34.121551513671875
81922629,2022,2022-11-21,3602,2022-11-04,1713,4190,NA,5,5,5,3602,0,0,0,NA,0,001,OAKS AVE,CHINO AVE,28,N,N,-,-,N,NA,NA,NA,NA,NA,NA,NA,NA,NA,N,4,0,2,2,A,-,12,22450,A,N,D,C,A,A,H,-,A,D,0,NA,NA,NA,NA,Y,NA,-,-,0,0,2,0,0,0,0,0,0,-,-,34.01192855834961,-117.67630004882813,SAN BERNARDINO,CHINO,-117.67616271972656,34.01195526123047
8313053,2017,2017-03-03,3600,2017-02-13,0756,G0803,RC020,1,5,6,3616,0,0,0,NA,0,005,HAVEN AV,CHURCH ST,39,N,N,A,-,N,NA,NA,NA,NA,NA,NA,NA,NA,NA,Y,4,0,1,2,A,-,03,22350,NA,N,C,C,A,A,H,-,A,-,0,NA,NA,NA,NA,Y,NA,A,01,0,0,1,0,0,0,0,0,0,-,-,NA,NA,SAN BERNARDINO,RANCHO CUCAMONGA,-117.57599,34.11418688
8313203,2017,2017-03-07,3608,2017-02-09,2142,4628,3608,4,5,5,3608,0,0,0,NA,0,701,SAN MATEO ST,CYPRESS AV,0,NA,Y,A,-,N,NA,NA,NA,NA,NA,NA,NA,NA,NA,Y,4,0,1,2,A,-,12,22450,NA,N,D,D,A,A,H,-,C,A,0,NA,NA,NA,NA,Y,NA,D,22,0,0,1,0,0,0,0,0,0,-,-,NA,NA,SAN BERNARDINO,REDLANDS,-117.19100009,34.03938002
8313327,2017,2017-02-28,3600,2017-01-29,1512,F6925,AP006,7,5,5,3621,0,0,0,NA,0,AP1,RINCON RD,SHOSHONEE RD,20,S,N,A,-,N,NA,NA,NA,NA,NA,NA,NA,NA,NA,N,4,0,1,2,A,-,03,22350,NA,N,C,C,A,A,H,-,A,A,0,NA,NA,NA,NA,Y,NA,-,NA,0,0,1,0,0,0,0,0,0,-,-,NA,NA,SAN BERNARDINO,APPLE VALLEY,-117.22541961,34.50853522
8155703,2016,2016-11-03,3609,2016-10-13,1429,8510,112,4,5,5,3609,0,0,0,NA,0,003,SYCAMORE AV,JACKSON ST,0,NA,Y,A,-,N,NA,NA,NA,NA,NA,NA,NA,NA,NA,Y,4,0,2,2,A,-,08,22107,NA,N,A,C,A,A,H,-,A,D,0,NA,NA,NA,NA,Y,NA,A,07,0,0,2,0,0,0,0,0,0,-,-,NA,NA,SAN BERNARDINO,RIALTO,-117.36605006,34.11995011
8192276,2016,2016-12-22,3603,2016-12-02,2136,CL4807,COLTO,5,5,4,3603,0,0,0,NA,0,002,MOUNT VERNON AV,LAUREL AV,0,NA,Y,A,-,N,NA,NA,NA,NA,NA,NA,NA,NA,NA,Y,3,0,1,2,A,-,03,22350,NA,N,C,G,A,A,H,-,C,D,0,NA,Y,NA,NA,Y,NA,A,01,0,1,0,0,0,0,1,0,0,-,-,NA,NA,SAN BERNARDINO,COLTON,-117.31385003,34.0812
8325397,2017,2017-03-21,3603,2017-03-06,1556,CL4147,COLTO,1,5,4,3603,0,0,0,NA,0,004,BARTON RD,WATERMAN AV,0,NA,Y,A,-,N,NA,NA,NA,NA,NA,NA,NA,NA,NA,Y,4,0,1,2,A,-,12,21453,A,N,A,C,A,A,H,-,A,A,0,NA,NA,NA,NA,Y,NA,A,07,0,0,1,0,0,0,0,0,0,-,-,NA,NA,SAN BERNARDINO,COLTON,-117.27875011,34.05171001
8326919,2017,2017-03-17,3604,2017-02-11,1635,958,NA,6,5,6,3604,0,0,0,NA,0,NA,SIERRA AV,SANTA ANA AV,373,S,N,A,-,N,NA,NA,NA,NA,NA,NA,NA,NA,NA,N,4,0,1,2,A,-,08,22107,NA,N,B,C,A,A,H,-,A,D,0,NA,NA,NA,NA,Y,NA,-,-,0,0,1,0,0,0,0,0,0,-,-,NA,NA,SAN BERNARDINO,FONTANA,-117.43563,34.05476797
8193265,2016,2016-12-23,3600,2016-10-10,0541,E4008,YC304,1,5,4,3640,0,0,0,NA,0,YC2,WILDWOOD CANYON RD,HIGHLAND OAKS DR,18,W,N,A,-,N,NA,NA,NA,NA,NA,NA,NA,NA,NA,Y,4,0,2,2,A,-,03,22350,A,N,B,C,A,A,H,-,C,D,0,NA,NA,NA,NA,Y,NA,A,07,0,0,2,0,0,0,0,0,0,-,-,NA,NA,SAN BERNARDINO,YUCAIPA,-116.96982288,34.00623786
8329468,2017,2017-03-28,3600,2017-03-07,1632,G3599,HE413,2,5,5,3619,0,0,0,NA,0,HE4,DANBURY AV,MINSTEAD AV,48,W,N,A,-,N,NA,NA,NA,NA,NA,NA,NA,NA,NA,N,3,0,1,2,A,-,03,22350,NA,N,C,C,A,A,H,-,A,D,0,NA,NA,NA,NA,Y,NA,A,01,0,1,0,0,0,0,0,0,0,-,-,NA,NA,SAN BERNARDINO,HESPERIA,-117.27757178,34.40227679
8330436,2017,2017-04-06,3600,2017-03-07,1946,F5137,VC021,2,5,5,3612,0,0,0,NA,0,VC2,HESPERIA RD,NISQUALLI RD,254,N,N,A,-,N,NA,NA,NA,NA,NA,NA,NA,NA,NA,Y,3,0,1,2,A,-,09,21804,A,N,D,C,A,A,H,-,C,A,0,NA,NA,NA,NA,Y,NA,A,01,0,1,0,0,0,0,0,0,0,-,-,NA,NA,SAN BERNARDINO,VICTORVILLE,-117.29011897,34.48619436
8161299,2016,2016-11-29,3610,2016-10-07,1850,51006,NA,5,5,6,3610,0,0,0,NA,0,NA,EAST HIGHLAND AV,SEPULVEDA AV,40,W,N,A,-,N,NA,NA,NA,NA,NA,NA,NA,NA,NA,Y,4,0,1,2,A,-,08,22107,NA,N,B,E,A,A,H,-,C,D,0,NA,NA,NA,NA,Y,NA,I,11,0,0,1,0,0,0,0,0,0,-,-,34.13593,-117.28296,SAN BERNARDINO,SAN BERNARDINO,-117.28307178,34.13595
81956041,2022,2022-12-30,3602,2022-09-20,1004,4088,3602,2,5,5,3602,0,0,0,NA,0,001,WALNUT AVE,PIPELINE AVE,0,NA,Y,A,-,N,NA,NA,NA,NA,NA,NA,NA,NA,NA,Y,3,0,1,2,A,-,09,21800,A,N,A,C,A,A,H,-,A,A,0,NA,NA,NA,NA,Y,NA,A,07,0,1,0,0,0,0,0,0,0,-,-,34.02968978881836,-117.71559143066406,SAN BERNARDINO,CHINO,-117.71550750732422,34.026119232177734
8200345,2017,2017-03-15,3602,2017-02-12,1920,3054,3,7,5,5,3602,0,0,0,NA,0,003,YORBA AV,LANIER RD,24,N,N,A,-,N,NA,NA,NA,NA,NA,NA,NA,NA,NA,Y,3,0,1,4,A,-,08,22107,NA,N,C,E,A,A,H,-,A,A,0,NA,NA,NA,NA,Y,NA,A,01,0,1,0,0,0,0,0,0,0,-,-,NA,NA,SAN BERNARDINO,CHINO,-117.70229108,34.01058577
8337623,2017,2017-04-10,3600,2017-03-13,0753,S3852,RC033,1,5,6,3616,0,0,0,NA,0,005,MCKINLEY ST,PINE DR,0,NA,Y,A,-,N,NA,NA,NA,NA,NA,NA,NA,NA,NA,Y,4,0,1,2,A,-,09,21800,A,N,D,C,A,A,H,-,A,D,0,NA,NA,NA,NA,Y,NA,A,07,0,0,1,0,0,0,0,0,0,-,-,NA,NA,SAN BERNARDINO,RANCHO CUCAMONGA,-117.58598009,34.09596003
8337766,2017,2017-04-18,3600,2017-02-03,0918,E7444,HI001,5,5,4,3618,0,0,0,NA,0,HI1,S DEL ROSA DR,5TH ST,0,NA,Y,A,-,N,NA,NA,NA,NA,NA,NA,NA,NA,NA,Y,4,0,2,2,A,-,12,21453,A,N,D,C,A,A,H,-,A,A,0,NA,NA,NA,NA,Y,NA,A,01,0,0,2,0,0,0,0,0,0,-,-,NA,NA,SAN BERNARDINO,HIGHLAND,-117.25126002,34.10833003
8338760,2017,2018-01-26,3600,2017-03-28,1842,E2055,HE129,2,5,5,3619,0,0,0,NA,0,HE5,MAIN ST,11TH AV,9,W,N,A,-,N,NA,NA,NA,NA,NA,NA,NA,NA,NA,Y,4,0,1,2,A,-,12,21453,A,N,D,C,A,A,H,-,A,A,0,NA,NA,NA,NA,Y,NA,D,82,0,0,1,0,0,0,0,0,0,-,-,NA,NA,SAN BERNARDINO,HESPERIA,-117.32510794,34.42510847
8338835,2017,2017-04-11,3610,2017-03-06,1914,50584,NA,1,5,6,3610,0,0,0,NA,0,POLICE,W RIALTO AV,N PEPPER AV,0,NA,Y,A,-,N,NA,NA,NA,NA,NA,NA,NA,NA,NA,Y,4,0,2,2,A,-,09,21801,A,N,D,C,A,A,D,H,C,A,0,NA,NA,NA,NA,Y,NA,A,01,0,0,2,0,0,0,0,0,0,-,-,NA,NA,SAN BERNARDINO,SAN BERNARDINO,-117.35289007,34.09953007
8339522,2017,2017-04-06,3608,2017-03-26,0430,4335,3608,7,5,5,3608,0,0,0,NA,0,901,TERRACINA BL,FERN AV,0,NA,Y,A,-,N,NA,NA,NA,NA,NA,NA,NA,NA,NA,Y,3,0,1,2,A,-,08,22107,NA,N,A,E,A,A,H,-,C,A,0,NA,NA,NA,NA,Y,NA,A,01,0,1,0,0,0,0,0,0,0,-,-,NA,NA,SAN BERNARDINO,REDLANDS,-117.20374011,34.036630099999996
8200625,2017,2017-03-14,3602,2017-01-31,0655,1127,NA,2,5,5,3602,0,0,0,NA,0,003,BENSON AV,SCHAEFER AV,0,NA,Y,A,-,N,NA,NA,NA,NA,NA,NA,NA,NA,NA,Y,4,0,1,2,A,-,09,21801,A,N,D,C,A,A,H,-,A,A,0,NA,NA,NA,NA,Y,NA,A,08,0,0,1,0,0,0,0,0,0,-,-,NA,NA,SAN BERNARDINO,CHINO,-117.68047005,34.00459007
82021734,2023,2023-03-20,3607,2023-03-06,1730,20498,139,1,5,6,3607,0,0,0,NA,0,032,AIRPORT DR,INTERNATIONAL WAY,0,NA,Y,A,-,N,NA,NA,NA,NA,NA,NA,NA,NA,NA,Y,3,0,2,2,A,-,09,21804,A,N,A,C,A,A,H,-,C,A,0,NA,NA,NA,NA,Y,NA,-,-,0,2,0,0,0,0,0,0,0,-,-,NA,NA,SAN BERNARDINO,ONTARIO,NA,NA
8161409,2016,2016-11-09,3610,2016-10-27,1411,50481,NA,4,5,6,3610,0,0,0,NA,0,POLICE,S TIPPECANOE AV,HARRY SHEPARD,525,S,N,B,-,N,NA,NA,NA,NA,NA,NA,NA,NA,NA,N,4,0,1,2,A,-,09,21804,NA,N,D,G,A,A,H,-,A,D,0,NA,Y,NA,NA,Y,NA,A,01,0,0,1,0,0,0,1,0,0,-,-,34.09781,-117.25959,SAN BERNARDINO,SAN BERNARDINO,-117.25973,34.0966419
8203229,2016,2017-01-06,3600,2016-12-08,0933,D6180,HE208,4,5,5,3619,0,0,0,NA,0,HE2,I AV,MOJAVE ST,30,S,N,A,-,N,NA,NA,NA,NA,NA,NA,NA,NA,NA,Y,4,0,3,2,C,-,18,NA,NA,N,C,C,A,A,H,-,A,A,0,NA,NA,NA,NA,Y,NA,-,-,0,0,3,0,0,0,0,0,0,-,-,NA,NA,SAN BERNARDINO,HESPERIA,-117.27990273,34.4337285
8348165,2017,2017-04-28,3604,2017-03-31,2200,1043,NA,5,5,6,3604,0,0,0,NA,0,NA,FONTANA AV,BEECH AV,0,NA,Y,A,-,N,NA,NA,NA,NA,NA,NA,NA,NA,NA,Y,4,0,1,2,A,-,12,22450,A,N,D,C,A,A,H,-,C,A,0,NA,NA,NA,NA,Y,NA,-,-,0,0,1,0,0,0,0,0,0,-,-,NA,NA,SAN BERNARDINO,FONTANA,-117.47122006,34.07383005
8161410,2016,2016-11-09,3610,2016-10-10,2308,NA,NA,1,5,6,3610,0,0,0,NA,0,POLICE,W RIALTO AV,I ST,15,W,N,A,-,N,NA,NA,NA,NA,NA,NA,NA,NA,NA,N,4,0,1,1,A,-,05,21650,NA,N,E,I,A,A,H,-,C,D,0,NA,NA,NA,NA,Y,NA,A,01,0,0,1,0,0,0,0,0,0,-,-,34.10052,-117.30339,SAN BERNARDINO,SAN BERNARDINO,-117.3032094,34.10085
8353912,2017,2017-05-01,3600,2017-03-15,1827,C9389,LL005,3,5,3,3615,0,0,0,NA,0,LL1,REDLANDS BL,CORPORATE DR,0,NA,Y,A,-,N,NA,NA,NA,NA,NA,NA,NA,NA,NA,N,3,0,1,2,A,-,10,21950,A,N,G,B,D,A,H,-,A,D,0,Y,NA,NA,NA,Y,NA,A,01,0,1,0,0,1,0,0,0,0,-,-,NA,NA,SAN BERNARDINO,LOMA LINDA,-117.24022013,34.06304007
8161413,2016,2016-11-18,3610,2016-10-06,1910,50481,NA,4,5,6,3610,0,0,0,NA,0,POLICE,W BASELINE ST,HANCOCK,87,W,N,A,-,N,NA,NA,NA,NA,NA,NA,NA,NA,NA,Y,2,0,3,2,A,-,08,22107,NA,N,B,C,A,A,H,-,C,D,0,NA,NA,NA,NA,Y,NA,A,01,1,1,1,0,0,0,0,0,0,-,-,34.12165,-117.32356,SAN BERNARDINO,SAN BERNARDINO,-117.32379659,34.12132
8165859,2016,2016-11-14,3607,2016-09-27,2335,80527,328,2,5,6,3607,0,0,0,NA,0,041,HAVEN AV,CONCOURSE ST,0,NA,Y,A,-,N,NA,NA,NA,NA,NA,NA,NA,NA,NA,Y,2,0,1,1,A,-,01,23152,A,N,F,I,A,A,H,-,C,A,0,NA,NA,NA,NA,Y,Y,-,NA,1,0,0,0,0,0,0,0,0,-,-,NA,NA,SAN BERNARDINO,ONTARIO,-117.57589,34.07448001
8354966,2017,2018-03-24,3608,2017-04-15,1445,4027,NA,6,5,5,3608,0,0,0,NA,0,NA,E LUGONIA AV,N CHURCH ST,35,W,N,A,-,Y,SBD,8,38,-,-,1.05,H,-,W,Y,3,0,1,2,A,-,07,21658,A,N,C,C,A,A,H,-,A,A,0,NA,NA,NA,NA,Y,NA,A,01,0,1,0,0,0,0,0,0,0,-,-,NA,NA,SAN BERNARDINO,REDLANDS,-117.17412744,34.07004417
8165933,2016,2016-11-15,3607,2016-10-31,0930,15032,950,1,5,6,3607,0,0,0,NA,0,042,ETIWANDA AV,AIRPORT DR,400,S,N,B,-,N,NA,NA,NA,NA,NA,NA,NA,NA,NA,Y,4,0,2,2,A,-,09,21804,A,N,D,C,A,A,H,-,A,D,0,NA,NA,NA,NA,Y,NA,-,NA,0,0,2,0,0,0,0,0,0,-,-,NA,NA,SAN BERNARDINO,ONTARIO,-117.52412,34.06109388
8359020,2017,2017-05-08,3600,2017-04-24,1831,D6899,HE121,1,5,5,3619,0,0,0,NA,0,HE1,BALSAM AV,RIVERSIDE ST,0,NA,Y,A,-,N,NA,NA,NA,NA,NA,NA,NA,NA,NA,Y,3,0,2,2,A,-,01,23152,E,N,D,C,A,A,H,-,A,A,0,NA,NA,NA,NA,Y,NA,A,01,0,2,0,0,0,0,0,0,0,-,-,NA,NA,SAN BERNARDINO,HESPERIA,-117.32960012,34.44016003
8359277,2017,2017-05-12,3600,2017-03-31,1237,F4772,VC056,5,5,5,3612,0,0,0,NA,0,005,AMARGOSA RD,PALMDALE RD,221,S,N,A,-,N,NA,NA,NA,NA,NA,NA,NA,NA,NA,Y,4,0,1,2,A,-,09,21804,A,N,-,C,A,A,H,-,A,D,0,NA,NA,NA,NA,Y,NA,A,01,0,0,1,0,0,0,0,0,0,-,-,NA,NA,SAN BERNARDINO,VICTORVILLE,-117.33013,34.50634461
8360567,2017,2017-05-12,3600,2017-04-05,2109,A3285,VC023,3,5,5,3612,0,0,0,NA,0,VC3,HESPERIA RD,SILICA DR,625,N,N,A,-,N,NA,NA,NA,NA,NA,NA,NA,NA,NA,N,4,0,1,4,A,-,08,22107,NA,M,B,C,A,A,H,-,C,D,0,NA,NA,NA,NA,Y,NA,A,01,0,0,1,0,0,0,0,0,0,-,-,NA,NA,SAN BERNARDINO,VICTORVILLE,-117.29084033,34.4799333
8361274,2017,2017-05-23,3610,2017-04-19,1350,51027,NA,3,5,6,3610,0,0,0,NA,0,COURTE,WEST MILL ST,SOUTH GRAPE ST,84,W,N,A,-,N,NA,NA,NA,NA,NA,NA,NA,NA,NA,N,4,0,1,2,A,-,09,21804,NA,M,B,C,A,A,H,-,A,D,0,NA,NA,NA,NA,Y,NA,A,01,0,0,1,0,0,0,0,0,0,-,-,34.1123,-117.29198,SAN BERNARDINO,SAN BERNARDINO,-117.31565656,34.09214568
8363366,2017,2017-05-16,3601,2017-04-26,1301,P82,3601,3,5,3,3601,0,0,0,NA,0,PATROL,E MAIN ST,YUCCA AV,0,NA,Y,B,G,N,NA,NA,NA,NA,NA,NA,NA,NA,NA,Y,4,0,1,3,A,-,12,21453,A,N,D,C,A,A,H,-,A,A,0,NA,NA,NA,NA,Y,NA,A,01,0,0,1,0,0,0,0,0,0,-,-,NA,NA,SAN BERNARDINO,BARSTOW,-117.00722007,34.89618001
8363375,2017,2017-05-30,3610,2017-04-02,2205,51018,NA,7,5,6,3610,0,0,0,NA,0,POLICE,W KENDALL DR,N H ST,12,W,N,A,-,N,NA,NA,NA,NA,NA,NA,NA,NA,NA,Y,3,0,2,2,A,-,01,23152,A,F,B,C,A,A,H,-,C,A,0,NA,NA,NA,Y,Y,Y,A,01,0,2,0,0,0,0,0,0,0,-,-,34.16185,-117.3004,SAN BERNARDINO,SAN BERNARDINO,-117.30071425,34.16194393