CASE_ID,ACCIDENT_YEAR,PROC_DATE,JURIS,COLLISION_DATE,COLLISION_TIME,OFFICER_ID,REPORTING_DISTRICT,DAY_OF_WEEK,CHP_SHIFT,POPULATION,CNTY_CITY_LOC,SPECIAL_COND,BEAT_TYPE,CHP_BEAT_TYPE,CITY_DIVISION_LAPD,CHP_BEAT_CLASS,BEAT_NUMBER,PRIMARY_RD,SECONDARY_RD,DISTANCE,DIRECTION,INTERSECTION,WEATHER_1,WEATHER_2,STATE_HWY_IND,CALTRANS_COUNTY,CALTRANS_DISTRICT,STATE_ROUTE,ROUTE_SUFFIX,POSTMILE_PREFIX,POSTMILE,LOCATION_TYPE,RAMP_INTERSECTION,SIDE_OF_HWY,TOW_AWAY,COLLISION_SEVERITY,NUMBER_KILLED,NUMBER_INJURED,PARTY_COUNT,PRIMARY_COLL_FACTOR,PCF_CODE_OF_VIOL,PCF_VIOL_CATEGORY,PCF_VIOLATION,PCF_VIOL_SUBSECTION,HIT_AND_RUN,TYPE_OF_COLLISION,MVIW,PED_ACTION,ROAD_SURFACE,ROAD_COND_1,ROAD_COND_2,LIGHTING,CONTROL_DEVICE,CHP_ROAD_TYPE,PEDESTRIAN_ACCIDENT,BICYCLE_ACCIDENT,MOTORCYCLE_ACCIDENT,TRUCK_ACCIDENT,NOT_PRIVATE_PROPERTY,ALCOHOL_INVOLVED,STWD_VEHTYPE_AT_FAULT,CHP_VEHTYPE_AT_FAULT,COUNT_SEVERE_INJ,COUNT_VISIBLE_INJ,COUNT_COMPLAINT_PAIN,COUNT_PED_KILLED,COUNT_PED_INJURED,COUNT_BICYCLIST_KILLED,COUNT_BICYCLIST_INJURED,COUNT_MC_KILLED,COUNT_MC_INJURED,PRIMARY_RAMP,SECONDARY_RAMP,LATITUDE,LONGITUDE,COUNTY,CITY,POINT_X,POINT_Y
8465449,2017,2019-04-10,3600,2017-03-18,1412,F5137,VC067,6,5,5,3612,0,0,0,NA,0,VC6,AIR EXPWY,PHANTOM WEST,0,NA,Y,A,-,N,NA,NA,NA,NA,NA,NA,NA,NA,NA,Y,1,1,2,2,A,-,12,21453,A,N,D,C,A,A,H,-,A,A,0,NA,NA,NA,NA,Y,NA,A,07,1,1,0,0,0,0,0,0,0,-,-,NA,NA,SAN BERNARDINO,VICTORVILLE,-117.3768615,34.572204
8465711,2018,2019-04-02,3610,2018-12-24,1830,51153,NA,1,5,6,3610,0,0,0,NA,0,ADAM,W BASELINE ST,N PENNSYLVANIA AV,105,E,N,A,-,N,NA,NA,NA,NA,NA,NA,NA,NA,NA,Y,1,1,0,1,A,-,08,22107,NA,N,F,I,A,A,H,-,C,D,0,NA,NA,NA,NA,Y,NA,A,01,0,0,0,0,0,0,0,0,0,-,-,34.12137985229492,-117.32901763916016,SAN BERNARDINO,SAN BERNARDINO,-117.32862091064452,34.12133026123047
8465730,2018,2019-04-15,3600,2018-02-14,1613,C4462,VVUSP,3,5,5,3612,0,0,0,NA,0,VC6,MOJAVE DR,PUESTA DEL SOL DR,0,NA,Y,A,-,N,NA,NA,NA,NA,NA,NA,NA,NA,NA,Y,1,1,4,2,A,-,09,21802,A,N,D,C,A,A,H,-,A,A,0,NA,NA,NA,NA,Y,NA,A,01,0,2,2,0,0,0,0,0,0,-,-,NA,NA,SAN BERNARDINO,VICTORVILLE,NA,NA
8465756,2018,2019-04-25,3610,2018-07-11,2335,50704,NA,3,5,6,3610,0,0,0,NA,0,ADAM,WEST HIGHLAND AV,N MEDICAL CENTER DR,0,NA,Y,A,-,N,NA,NA,NA,NA,NA,NA,NA,NA,NA,Y,1,2,0,3,A,-,12,21453,A,N,G,B,B,-,H,-,C,A,0,Y,NA,NA,NA,Y,NA,A,01,0,0,0,1,0,0,0,0,0,-,-,NA,NA,SAN BERNARDINO,SAN BERNARDINO,-117.32257080078124,34.1361083984375
84669455,2025,2025-04-30,3607,2025-04-01,1547,20212,NA,2,5,6,3607,0,0,0,NA,0,071,GROVE AV,WALNUT ST,100,N,N,A,-,N,NA,NA,NA,NA,NA,NA,NA,NA,NA,N,3,0,1,4,A,-,03,22350,NA,N,C,C,A,A,H,-,A,D,0,NA,NA,NA,NA,Y,NA,A,01,0,1,0,0,0,0,0,0,0,-,-,NA,NA,SAN BERNARDINO,ONTARIO,-117.62841033935548,34.026954650878906
84674192,2025,2025-05-05,3602,2025-04-15,1640,4084,NA,2,5,5,3602,0,0,0,NA,0,001,PIPELINE AVE (13000 BLOCK),HACIENDA LANE,180,S,N,A,-,N,NA,NA,NA,NA,NA,NA,NA,NA,NA,Y,3,0,2,3,A,-,08,22107,NA,N,B,C,A,A,H,-,A,D,0,NA,NA,NA,NA,Y,NA,A,01,0,2,0,0,0,0,0,0,0,-,-,NA,NA,SAN BERNARDINO,CHINO,-117.71542358398438,34.01657485961914
84688017,2025,2025-05-15,3611,2025-04-08,1556,3357,NA,2,5,5,3611,0,0,0,NA,0,001,MOUNTAIN AVE,STATE 210 OFRP W,0,NA,Y,A,-,Y,NA,NA,NA,NA,NA,NA,NA,NA,NA,N,4,0,2,2,A,-,12,21453,A,N,D,C,A,A,H,-,A,A,0,NA,NA,NA,NA,Y,NA,-,-,0,0,2,0,0,0,0,0,0,-,-,34.1351203918457,-117.67037963867188,SAN BERNARDINO,UPLAND,-117.67008972167967,34.059898376464844
84688212,2025,2025-05-15,3607,2025-04-30,1828,20212,NA,3,5,6,3607,0,0,0,NA,0,062,RIVERSIDE DR,BON VIEW AV,0,NA,Y,A,-,N,NA,NA,NA,NA,NA,NA,NA,NA,NA,Y,2,0,1,3,A,-,09,21802,A,N,D,C,A,A,H,-,A,D,0,NA,NA,NA,NA,Y,NA,A,01,1,0,0,0,0,0,0,0,0,-,-,NA,NA,SAN BERNARDINO,ONTARIO,-117.63706970214844,34.019432067871094
84688215,2025,2025-05-15,3607,2025-05-02,1926,20934,NA,5,5,6,3607,0,0,0,NA,0,011,MOUNTAIN AV,FOURTH ST,0,NA,Y,A,-,N,NA,NA,NA,NA,NA,NA,NA,NA,NA,Y,4,0,1,2,A,-,01,23152,A,N,A,C,A,A,H,-,B,A,0,NA,NA,NA,NA,Y,Y,A,01,0,0,1,0,0,0,0,0,0,-,-,NA,NA,SAN BERNARDINO,ONTARIO,-117.67010498046876,34.0778694152832
84700752,2025,2025-05-27,3602,2025-04-07,820,3368,NA,1,5,5,3602,0,0,0,NA,0,001,CHINO AVENUE,6TH STREET,0,NA,Y,A,-,N,NA,NA,NA,NA,NA,NA,NA,NA,NA,N,3,0,1,2,A,-,10,21950,A,F,G,B,B,A,H,-,A,D,0,Y,NA,NA,NA,Y,NA,A,01,0,1,0,0,1,0,0,0,0,-,-,34.01182174682617,-117.69178771972656,SAN BERNARDINO,CHINO,-117.69178009033205,34.01191711425781
8470078,2017,2017-10-24,3600,2017-10-01,1203,G5398,NA,7,5,2,3606,0,0,0,NA,0,NE1,WEST BROADWAY,SOUTH ST,0,NA,Y,A,-,N,NA,NA,NA,NA,NA,NA,NA,NA,NA,Y,4,0,1,2,A,-,09,21802,A,N,D,C,A,A,H,-,A,A,0,NA,NA,NA,NA,Y,NA,-,NA,0,0,1,0,0,0,0,0,0,-,-,NA,NA,SAN BERNARDINO,NEEDLES,NA,NA
84706264,2025,2025-05-30,3604,2025-05-01,1505,1461,NA,4,5,6,3604,0,0,0,NA,0,NA,LYTLE CREEK RD,CURTIS AVE,0,N,-,A,-,N,NA,NA,NA,NA,NA,NA,NA,NA,NA,Y,4,0,1,2,A,-,09,21802,A,N,D,C,A,A,H,-,A,A,0,NA,NA,NA,NA,Y,NA,-,-,0,0,1,0,0,0,0,0,0,-,-,NA,NA,SAN BERNARDINO,FONTANA,-117.46659088134766,34.14314651489258
84707840,2025,2025-06-02,3604,2025-05-12,1849,1312,NA,1,5,6,3604,0,0,0,NA,0,003,ARROW BLVD,PALMETTO AVE,300,W,-,A,-,N,NA,NA,NA,NA,NA,NA,NA,NA,NA,Y,4,0,1,4,A,-,03,22350,NA,N,B,E,A,A,H,-,A,D,0,NA,NA,NA,NA,Y,NA,A,01,0,0,1,0,0,0,0,0,0,-,-,NA,NA,SAN BERNARDINO,FONTANA,-117.4280242919922,34.099369049072266
8471330,2017,2017-10-19,3600,2017-09-10,1230,G3599,HE202,7,5,5,3619,0,0,0,NA,0,HE2,I AV,VALENCIA ST,239,N,N,A,-,N,NA,NA,NA,NA,NA,NA,NA,NA,NA,N,3,0,6,3,A,-,07,21658,A,N,A,C,A,A,H,-,A,D,0,NA,NA,NA,NA,Y,NA,A,01,0,4,2,0,0,0,0,0,0,-,-,NA,NA,SAN BERNARDINO,HESPERIA,-117.27715481,34.44638637
84719165,2025,2025-06-10,3609,2025-05-28,855,01932,NA,3,5,5,3609,0,0,0,NA,0,001,FOOTHILL BLVD,CLOVER AVE,0,NA,Y,A,-,N,NA,NA,NA,NA,NA,NA,NA,NA,NA,N,4,0,1,2,A,-,12,22450,A,N,H,G,A,A,H,-,A,D,0,NA,Y,NA,NA,Y,NA,A,01,0,0,1,0,0,0,1,0,0,-,-,NA,NA,SAN BERNARDINO,RIALTO,-118.62879943847656,34.47153091430664
84725394,2025,2025-06-16,3604,2025-06-03,1852,1288,NA,2,5,6,3604,0,0,0,NA,0,003,SIERRA AVE,MARYGOLD AVE,50,N,-,A,-,N,NA,NA,NA,NA,NA,NA,NA,NA,NA,N,4,0,2,2,A,-,05,21650,NA,N,G,B,F,A,H,-,A,D,0,Y,NA,NA,NA,Y,NA,A,01,0,0,2,0,1,0,0,0,0,-,-,NA,NA,SAN BERNARDINO,FONTANA,-117.43568420410156,34.07413864135742
84726010,2025,2025-06-16,3609,2025-05-19,2040,01813,NA,1,5,5,3609,0,0,0,NA,0,004,RIVERSIDE AVE,FOOTHILL BLVD (E),0,NA,Y,A,-,N,NA,NA,NA,NA,NA,NA,NA,NA,NA,N,4,0,1,2,A,-,09,21453,B,N,D,G,A,A,H,-,C,A,0,NA,Y,NA,NA,Y,NA,A,07,0,0,1,0,0,0,1,0,0,-,-,NA,NA,SAN BERNARDINO,RIALTO,-117.3703842163086,34.10675811767578
8473197,2017,2017-11-28,3604,2017-09-29,2131,958,NA,5,5,6,3604,0,0,0,NA,0,NA,CITRUS AV,UPLAND AV,0,NA,Y,A,-,N,NA,NA,NA,NA,NA,NA,NA,NA,NA,N,4,0,2,2,A,-,03,22350,NA,N,C,C,A,A,H,-,C,D,0,NA,NA,NA,NA,Y,NA,A,07,0,0,2,0,0,0,0,0,0,-,-,NA,NA,SAN BERNARDINO,FONTANA,-117.45363001,34.10337011
84732843,2025,2025-06-20,3611,2025-05-17,2321,3517,NA,6,5,5,3611,0,0,0,NA,0,001,BENSON AVE,BASELINE RD,0,NA,Y,A,-,N,NA,NA,NA,NA,NA,NA,NA,NA,NA,Y,3,0,8,2,A,-,01,23152,A,N,D,C,A,A,H,-,C,A,0,NA,NA,NA,NA,Y,Y,A,01,0,7,1,0,0,0,0,0,0,-,-,34.12179946899414,-117.62332916259766,SAN BERNARDINO,UPLAND,-117.6809310913086,34.12154769897461
8473295,2017,2017-11-02,3605,2017-10-06,0516,397,NA,5,5,4,3605,0,0,0,NA,0,NA,RAMONA AV,MISSION BL,0,NA,Y,A,-,N,NA,NA,NA,NA,NA,NA,NA,NA,NA,Y,4,0,1,2,A,-,00,21451,NA,N,-,C,A,A,H,-,C,A,0,NA,NA,NA,NA,Y,NA,A,01,0,0,1,0,0,0,0,0,0,-,-,NA,NA,SAN BERNARDINO,MONTCLAIR,-117.70691013,34.05604008
84742830,2025,2025-06-30,3609,2025-02-14,1837,02306,NA,5,5,5,3609,0,0,0,NA,0,004,EUCALYPTUS AVE,FOOTHILL BLVD,371,S,N,A,-,N,NA,NA,NA,NA,NA,NA,NA,NA,NA,Y,4,0,2,2,A,-,09,21801,A,N,D,C,A,A,H,-,C,D,0,NA,NA,NA,NA,Y,Y,A,01,0,0,2,0,0,0,0,0,0,-,-,NA,NA,SAN BERNARDINO,RIALTO,-117.35727691650392,34.10575485229492
84748633,2025,2025-07-07,3611,2025-05-22,1721,3025,NA,4,5,5,3611,0,0,0,NA,0,003,EUCLID AVE,13TH ST,0,NA,Y,A,-,N,NA,NA,NA,NA,NA,NA,NA,NA,NA,Y,3,0,2,2,A,-,09,21802,A,N,D,C,A,A,H,-,A,A,0,NA,NA,NA,NA,Y,NA,A,07,0,2,0,0,0,0,0,0,0,-,-,34.11082077026367,-117.65119171142578,SAN BERNARDINO,UPLAND,-117.6513442993164,34.11064910888672
84755966,2025,2025-07-10,3611,2025-06-06,757,3416,NA,5,5,5,3611,0,0,0,NA,0,002,BENSON AVE,FOOTHILL BLVD,150,S,N,B,-,N,NA,NA,NA,NA,NA,NA,NA,NA,NA,N,4,0,2,2,A,-,03,22350,NA,N,C,C,A,A,H,-,A,D,0,NA,NA,NA,NA,Y,NA,D,22,0,0,2,0,0,0,0,0,0,-,-,34.106929779052734,-117.68077087402344,SAN BERNARDINO,UPLAND,-117.68085479736328,34.10647964477539
84767350,2025,2025-07-18,3604,2025-07-15,1116,680,NA,2,5,6,3604,0,0,0,NA,0,NA,KNOX AVE,PARKHOUSE DR,40,N,-,A,-,N,NA,NA,NA,NA,NA,NA,NA,NA,NA,Y,3,0,1,1,C,-,18,NA,NA,N,E,I,A,A,H,-,A,D,0,NA,NA,NA,NA,Y,NA,-,-,0,1,0,0,0,0,0,0,0,-,-,NA,NA,SAN BERNARDINO,FONTANA,-117.462646484375,34.15251159667969
8480344,2017,2017-11-02,3608,2017-10-18,1726,4202,3608,3,5,5,3608,0,0,0,NA,0,NA,EAST COLTON AV,NORTH CHURCH ST,0,NA,Y,A,-,N,NA,NA,NA,NA,NA,NA,NA,NA,NA,N,3,0,5,2,A,-,09,21801,A,N,D,C,A,A,H,-,A,A,0,NA,NA,NA,NA,Y,NA,A,08,0,3,2,0,0,0,0,0,0,-,-,NA,NA,SAN BERNARDINO,REDLANDS,-117.17380002,34.06282009
8480423,2017,2018-01-22,3600,2017-09-17,1103,G6910,VC013,7,5,5,3612,0,0,0,NA,0,VC4,AMARGOSA RD,BEAR VALLEY RD,0,NA,Y,A,-,N,NA,NA,NA,NA,NA,NA,NA,NA,NA,N,4,0,2,2,A,-,17,22109,NA,N,C,C,A,A,H,-,A,A,0,NA,NA,NA,NA,Y,NA,A,01,0,0,2,0,0,0,0,0,0,-,-,NA,NA,SAN BERNARDINO,VICTORVILLE,-117.34843002,34.47041004
84824378,2025,2025-09-01,3604,2025-08-22,1759,1396,NA,5,5,6,3604,0,0,0,NA,0,003,VALLEY BLVD,LIVE OAK AVE,58,E,-,A,-,N,NA,NA,NA,NA,NA,NA,NA,NA,NA,Y,3,0,2,1,A,-,01,23152,A,N,E,I,A,A,H,-,A,A,0,NA,NA,NA,NA,Y,Y,D,22,0,2,0,0,0,0,0,0,0,-,-,NA,NA,SAN BERNARDINO,FONTANA,-117.4797592163086,34.07020950317383
8484844,2017,2017-12-05,3610,2017-10-11,0238,50993,NA,3,5,6,3610,0,0,0,NA,0,BAKER,N UNIVERSITY PKWY,INTERCHANGE DR,456,N,N,A,-,N,NA,NA,NA,NA,NA,NA,NA,NA,NA,N,3,0,1,2,A,-,11,21956,NA,F,G,B,E,A,H,-,C,D,0,Y,NA,NA,NA,Y,NA,N,60,0,1,0,0,1,0,0,0,0,-,-,34.15903,-117.33546,SAN BERNARDINO,SAN BERNARDINO,-117.33545495,34.16034391
84849020,2025,2025-09-18,3611,2025-08-08,1003,3379,NA,5,5,5,3611,0,0,0,NA,0,001,16TH ST,BENSON AVE,100,E,N,A,-,N,NA,NA,NA,NA,NA,NA,NA,NA,NA,N,4,0,1,2,A,-,03,22350,NA,N,C,C,A,A,H,-,A,A,0,NA,NA,NA,NA,Y,NA,A,07,0,0,1,0,0,0,0,0,0,-,-,34.12154006958008,-117.68093872070313,SAN BERNARDINO,UPLAND,-117.68060302734376,34.12154769897461
8485168,2017,2017-12-12,3600,2017-11-02,0643,D4321,AP008,4,5,5,3621,0,0,0,NA,0,AP3,APPLE VALLEY RD,KANBRIDGEE ST,0,NA,Y,A,-,N,NA,NA,NA,NA,NA,NA,NA,NA,NA,Y,4,0,2,2,A,-,03,22350,NA,N,D,C,A,A,D,-,B,D,0,NA,NA,NA,NA,Y,NA,A,01,0,0,2,0,0,0,0,0,0,-,-,NA,NA,SAN BERNARDINO,APPLE VALLEY,-117.24248008000001,34.48861009
84853079,2025,2025-09-22,3602,2025-09-08,1825,4170,NA,1,5,5,3602,0,0,0,NA,0,001,RAMONA AVE,CHINO AVE,0,NA,Y,A,-,N,NA,NA,NA,NA,NA,NA,NA,NA,NA,Y,4,0,1,2,A,-,12,21453,A,N,D,C,A,A,H,-,A,A,0,NA,NA,NA,NA,Y,NA,D,22,0,0,1,0,0,0,0,0,0,-,-,34.01166915893555,-117.70677947998048,SAN BERNARDINO,CHINO,-117.70668029785156,34.01170349121094
84882513,2025,2025-10-13,3602,2025-09-29,2046,4287,NA,1,5,5,3602,0,0,0,NA,0,002,CYPRESS AVENUE,ELENA STREET,0,NA,Y,A,-,N,NA,NA,NA,NA,NA,NA,NA,NA,NA,N,3,0,1,2,A,-,09,21801,A,N,D,C,A,A,H,-,C,D,0,NA,NA,Y,NA,Y,NA,A,07,0,1,0,0,0,0,0,0,1,-,-,NA,NA,SAN BERNARDINO,CHINO,-117.6631317138672,34.015968322753906
84884723,2025,2025-10-14,3604,2025-10-11,1038,1367,NA,6,5,6,3604,0,0,0,NA,0,NA,CITRUS AVE,SOUTH HIGHLAND AVE,410,S,-,A,-,N,NA,NA,NA,NA,NA,NA,NA,NA,NA,Y,4,0,1,3,A,-,03,22350,NA,N,C,C,A,A,H,-,A,A,0,NA,NA,NA,NA,Y,NA,A,07,0,0,1,0,0,0,0,0,0,-,-,NA,NA,SAN BERNARDINO,FONTANA,-117.4536361694336,34.13358688354492
84886569,2025,2025-10-15,3604,2025-10-13,1434,1339,NA,1,5,6,3604,0,0,0,NA,0,NA,MULBERRY AVE,MARLAY AVE,300,S,-,A,-,N,NA,NA,NA,NA,NA,NA,NA,NA,NA,N,4,0,1,2,A,-,08,22107,NA,N,G,G,A,A,H,-,A,D,0,NA,Y,NA,NA,Y,NA,L,04,0,0,1,0,0,0,1,0,0,-,-,NA,NA,SAN BERNARDINO,FONTANA,-117.5069580078125,34.03996658325195
8489526,2017,2018-07-06,3600,2017-10-18,1136,G6208,AP001,3,5,5,3621,0,0,0,NA,0,AP1,STODDARD WELLS RD,RT 15,46,E,N,A,-,Y,SBD,8,15,-,-,44.583,R,4,S,Y,4,0,1,2,A,-,09,21802,A,N,D,C,A,A,H,-,A,A,0,NA,NA,NA,NA,Y,NA,A,07,0,0,1,0,0,0,0,0,0,-,SF,NA,NA,SAN BERNARDINO,APPLE VALLEY,-117.28822006,34.55689366
84900240,2025,2025-10-24,3604,2025-10-02,1414,1339,NA,4,5,6,3604,0,0,0,NA,0,NA,ARROW BLVD,CYPRESS AVE,0,N,-,A,-,N,NA,NA,NA,NA,NA,NA,NA,NA,NA,Y,4,0,1,2,A,-,09,21801,A,N,D,C,A,A,H,-,A,A,0,NA,NA,NA,NA,Y,NA,A,01,0,0,1,0,0,0,0,0,0,-,-,NA,NA,SAN BERNARDINO,FONTANA,-117.44448852539063,34.099327087402344
84903127,2025,2025-10-27,3609,2025-10-15,1753,02418,NA,3,5,5,3609,0,0,0,NA,0,004,SLOVER AVE,WILLOW AVE,35,E,N,A,-,N,NA,NA,NA,NA,NA,NA,NA,NA,NA,Y,3,0,1,4,A,-,01,23152,A,F,C,C,A,A,H,-,A,A,0,NA,NA,NA,NA,Y,Y,A,07,0,1,0,0,0,0,0,0,0,-,-,34.06317138671875,-117.37452697753906,SAN BERNARDINO,RIALTO,-117.37450408935548,34.06321716308594
8490773,2017,2017-11-29,3600,2017-10-31,1659,D4301,HE327,2,5,5,3619,0,0,0,NA,0,HE3,KEY POINTE AV,MAIN ST,173,N,N,A,-,N,NA,NA,NA,NA,NA,NA,NA,NA,NA,Y,3,0,2,2,A,-,09,21801,A,N,D,C,A,A,H,-,A,D,0,NA,NA,NA,NA,Y,NA,A,01,0,1,1,0,0,0,0,0,0,-,-,NA,NA,SAN BERNARDINO,HESPERIA,-117.38381,34.4272239
84909939,2025,2025-10-31,3604,2025-10-28,1231,768,NA,2,5,6,3604,0,0,0,NA,0,NA,VALLEY BLVD,CATAWBA AVE,0,NA,-,A,-,N,NA,NA,NA,NA,NA,NA,NA,NA,NA,Y,3,0,3,2,A,-,12,21453,A,N,D,C,A,A,H,-,A,A,0,NA,NA,NA,NA,Y,NA,A,07,0,3,0,0,0,0,0,0,0,-,-,NA,NA,SAN BERNARDINO,FONTANA,-117.45811462402344,34.07029342651367
8491170,2017,2017-12-01,3610,2017-10-14,1651,50986,NA,6,5,6,3610,0,0,0,NA,0,NA,WEST HIGHLAND AV,N H ST,0,NA,Y,A,-,N,NA,NA,NA,NA,NA,NA,NA,NA,NA,Y,4,0,1,2,A,-,08,22107,I,N,D,C,A,A,H,-,A,A,0,NA,NA,NA,NA,Y,NA,A,01,0,0,1,0,0,0,0,0,0,-,-,NA,NA,SAN BERNARDINO,SAN BERNARDINO,-117.30088004,34.13602002
84912120,2025,2025-11-05,3611,2025-09-14,1759,3418,NA,7,5,5,3611,0,0,0,NA,0,003,19TH ST,COLONIES PKWY,0,NA,Y,A,-,N,NA,NA,NA,NA,NA,NA,NA,NA,NA,Y,3,0,3,2,A,-,12,21453,A,N,A,C,A,A,H,-,A,A,0,NA,NA,NA,NA,Y,NA,A,01,0,1,2,0,0,0,0,0,0,-,-,34.13256072998047,-117.63088989257813,SAN BERNARDINO,UPLAND,-117.63097381591795,34.132625579833984
8492404,2017,2017-11-29,3604,2017-10-15,2210,1210,NA,7,5,6,3604,0,0,0,NA,0,NA,JURUPA AV,POPLAR AV,0,NA,Y,A,-,N,NA,NA,NA,NA,NA,NA,NA,NA,NA,Y,4,0,2,2,A,-,03,22350,NA,N,C,C,A,A,H,-,C,A,0,NA,NA,NA,NA,Y,NA,A,08,0,0,2,0,0,0,0,0,0,-,-,NA,NA,SAN BERNARDINO,FONTANA,-117.46258014,34.04804003
84949686,2025,2025-11-27,3611,2025-10-19,1715,3575,NA,7,5,5,3611,0,0,0,NA,0,002,CENTRAL AVE,ARROW HWY,5,N,N,A,-,N,NA,NA,NA,NA,NA,NA,NA,NA,NA,Y,4,0,1,3,A,-,01,23152,A,M,D,C,A,A,H,-,A,A,0,NA,NA,NA,NA,Y,Y,D,22,0,0,1,0,0,0,0,0,0,-,-,34.09960174560547,-117.68080139160156,SAN BERNARDINO,UPLAND,-117.68971252441406,34.092342376708984
84953409,2025,2025-12-02,3604,2025-11-28,1308,1367,NA,5,5,6,3604,0,0,0,NA,0,NA,SOUTH HIGHLAND AVE,HEMLOCK AVE,0,NA,-,A,-,N,NA,NA,NA,NA,NA,NA,NA,NA,NA,Y,4,0,2,2,A,-,09,21802,A,N,D,C,A,A,H,-,A,A,0,NA,NA,NA,NA,Y,NA,A,01,0,0,2,0,0,0,0,0,0,-,-,NA,NA,SAN BERNARDINO,FONTANA,-117.4753646850586,34.13420867919922
84963143,2025,2025-12-09,3609,2025-11-26,1449,02334,NA,3,5,5,3609,0,0,0,NA,0,004,RIVERSIDE AVE,SANTA ANA AVE,1000,N,N,A,-,N,NA,NA,NA,NA,NA,NA,NA,NA,NA,Y,4,0,1,2,A,-,09,21804,A,N,D,C,A,A,H,-,A,A,0,NA,NA,NA,NA,Y,NA,A,01,0,0,1,0,0,0,0,0,0,-,-,NA,NA,SAN BERNARDINO,RIALTO,-117.3702392578125,34.05863952636719
84973395,2025,2025-12-16,3609,2025-11-30,1108,02834,NA,7,5,5,3609,0,0,0,NA,0,001,BASELINE RD,CACTUS AVE,31,W,N,A,-,N,NA,NA,NA,NA,NA,NA,NA,NA,NA,N,4,0,1,2,A,-,03,22350,NA,N,C,C,A,A,H,-,A,A,0,NA,NA,NA,NA,Y,NA,A,08,0,0,1,0,0,0,0,0,0,-,-,34.121429443359375,-117.38347625732422,SAN BERNARDINO,RIALTO,-117.38364410400392,34.1213493347168
8497640,2017,2017-12-16,3604,2017-10-15,0341,1048,NA,7,5,6,3604,0,0,0,NA,0,NA,SIERRA AV,VALLEY BL,15,S,N,A,-,N,NA,NA,NA,NA,NA,NA,NA,NA,NA,Y,4,0,1,2,A,-,03,22350,NA,N,C,C,A,A,H,-,C,A,0,NA,NA,NA,NA,Y,NA,A,01,0,0,1,0,0,0,0,0,0,-,-,NA,NA,SAN BERNARDINO,FONTANA,-117.4356932,34.0703304
84986699,2025,2025-12-26,3602,2025-12-06,812,4170,NA,6,5,5,3602,0,0,0,NA,0,001,EDISON AVE,CENTRAL AVE,471,W,N,A,-,N,NA,NA,NA,NA,NA,NA,NA,NA,NA,Y,4,0,2,2,A,-,07,21658,A,N,C,C,A,A,H,-,A,D,0,NA,NA,NA,NA,Y,NA,A,01,0,0,2,0,0,0,0,0,0,-,-,33.997318267822266,-117.68920135498048,SAN BERNARDINO,CHINO,-117.69065856933594,33.997283935546875
85003504,2025,2026-01-08,3604,2025-12-19,1611,1395,NA,5,5,6,3604,0,0,0,NA,0,NA,ALDER AVE,BARBEE ST,0,NA,-,A,-,N,NA,NA,NA,NA,NA,NA,NA,NA,NA,Y,4,0,2,2,A,-,03,22350,NA,N,C,C,A,A,H,-,A,A,0,NA,NA,NA,NA,Y,NA,A,07,0,0,2,0,0,0,0,0,0,-,-,NA,NA,SAN BERNARDINO,FONTANA,-117.41838073730467,34.1090202331543
85007826,2025,2026-01-12,3611,2025-11-21,750,3379,NA,5,5,5,3611,0,0,0,NA,0,002,MONTE VISTA AVE,FOOTHILL BLVD,90,S,N,C,-,N,NA,NA,NA,NA,NA,NA,NA,NA,NA,N,4,0,1,2,A,-,03,22350,NA,N,C,C,A,B,H,-,A,A,0,NA,NA,NA,NA,Y,NA,D,22,0,0,1,0,0,0,0,0,0,-,-,34.10689163208008,-117.6982421875,SAN BERNARDINO,UPLAND,-117.69853973388672,34.10649490356445
85007833,2025,2026-01-12,3611,2025-11-22,901,3379,NA,6,5,5,3611,0,0,0,NA,0,003,FOOTHILL BLVD,ALTA AVE,26,E,N,A,-,N,NA,NA,NA,NA,NA,NA,NA,NA,NA,N,3,0,1,2,A,-,03,22350,NA,N,C,C,A,A,H,-,A,A,0,NA,NA,NA,NA,Y,NA,A,07,0,1,0,0,0,0,0,0,0,-,-,34.10710144042969,-117.63223266601563,SAN BERNARDINO,UPLAND,-117.63224029541016,34.10723876953125
8500849,2017,2017-12-21,3602,2017-11-01,0746,1127,NA,3,5,5,3602,0,0,0,NA,0,002,MOUNTAIN AV,WALNUT AV,100,S,N,B,-,N,NA,NA,NA,NA,NA,NA,NA,NA,NA,N,4,0,2,2,A,-,03,22350,NA,N,C,C,A,A,H,-,A,A,0,NA,NA,NA,NA,Y,NA,A,01,0,0,2,0,0,0,0,0,0,-,-,NA,NA,SAN BERNARDINO,CHINO,-117.66762,34.02615593
8501184,2017,2017-12-08,3608,2017-11-26,2010,4707,3608,7,5,5,3608,0,0,0,NA,0,901,EAST SAN BERNARDINO AV,GLOVER ST,69,W,N,A,-,N,NA,NA,NA,NA,NA,NA,NA,NA,NA,N,3,0,1,2,A,-,11,21954,A,N,G,B,D,A,H,-,D,D,0,Y,NA,NA,NA,Y,NA,N,60,0,1,0,0,1,0,0,0,0,-,-,NA,NA,SAN BERNARDINO,REDLANDS,-117.17828714,34.07729
85016348,2025,2026-01-19,3611,2025-11-20,1310,3024,NA,4,5,5,3611,0,0,0,NA,0,002,ARROW RTE,LOMA PL,269,E,N,A,-,N,NA,NA,NA,NA,NA,NA,NA,NA,NA,Y,3,0,4,3,A,-,09,21804,A,N,E,I,A,A,H,-,A,D,0,NA,NA,NA,NA,Y,NA,-,99,0,4,0,0,0,0,0,0,0,-,-,34.09955978393555,-117.68575286865234,SAN BERNARDINO,UPLAND,-117.6848373413086,34.099609375
85016383,2025,2026-01-19,3611,2025-12-04,903,3435,NA,4,5,5,3611,0,0,0,NA,0,004,EUCLID AVE,ARROW HWY,0,NA,Y,A,-,N,NA,NA,NA,NA,NA,NA,NA,NA,NA,N,3,0,1,4,A,-,03,22350,NA,N,C,C,A,A,H,-,A,A,0,NA,NA,NA,NA,Y,NA,A,01,0,1,0,0,0,0,0,0,0,-,-,34.099700927734375,-117.65113067626952,SAN BERNARDINO,UPLAND,-117.65100860595705,34.09975051879883