CASE_ID,ACCIDENT_YEAR,PROC_DATE,JURIS,COLLISION_DATE,COLLISION_TIME,OFFICER_ID,REPORTING_DISTRICT,DAY_OF_WEEK,CHP_SHIFT,POPULATION,CNTY_CITY_LOC,SPECIAL_COND,BEAT_TYPE,CHP_BEAT_TYPE,CITY_DIVISION_LAPD,CHP_BEAT_CLASS,BEAT_NUMBER,PRIMARY_RD,SECONDARY_RD,DISTANCE,DIRECTION,INTERSECTION,WEATHER_1,WEATHER_2,STATE_HWY_IND,CALTRANS_COUNTY,CALTRANS_DISTRICT,STATE_ROUTE,ROUTE_SUFFIX,POSTMILE_PREFIX,POSTMILE,LOCATION_TYPE,RAMP_INTERSECTION,SIDE_OF_HWY,TOW_AWAY,COLLISION_SEVERITY,NUMBER_KILLED,NUMBER_INJURED,PARTY_COUNT,PRIMARY_COLL_FACTOR,PCF_CODE_OF_VIOL,PCF_VIOL_CATEGORY,PCF_VIOLATION,PCF_VIOL_SUBSECTION,HIT_AND_RUN,TYPE_OF_COLLISION,MVIW,PED_ACTION,ROAD_SURFACE,ROAD_COND_1,ROAD_COND_2,LIGHTING,CONTROL_DEVICE,CHP_ROAD_TYPE,PEDESTRIAN_ACCIDENT,BICYCLE_ACCIDENT,MOTORCYCLE_ACCIDENT,TRUCK_ACCIDENT,NOT_PRIVATE_PROPERTY,ALCOHOL_INVOLVED,STWD_VEHTYPE_AT_FAULT,CHP_VEHTYPE_AT_FAULT,COUNT_SEVERE_INJ,COUNT_VISIBLE_INJ,COUNT_COMPLAINT_PAIN,COUNT_PED_KILLED,COUNT_PED_INJURED,COUNT_BICYCLIST_KILLED,COUNT_BICYCLIST_INJURED,COUNT_MC_KILLED,COUNT_MC_INJURED,PRIMARY_RAMP,SECONDARY_RAMP,LATITUDE,LONGITUDE,COUNTY,CITY,POINT_X,POINT_Y
90028399,2015,2015-10-19,9860,2015-10-05,1430,016651,NA,1,2,9,3600,0,1,1,NA,2,151,I-215 S/B,KENWOOD AVE,2798,N,N,C,-,Y,NA,NA,NA,NA,NA,NA,NA,NA,NA,Y,4,0,1,1,A,-,03,22350,NA,N,E,I,A,B,D,-,A,D,0,NA,NA,NA,NA,Y,NA,A,01,0,0,1,0,0,0,0,0,0,-,-,34.24176,-117.43225,SAN BERNARDINO,UNINCORPORATED,NA,NA
9003037,2018,2019-12-26,3607,2018-04-28,1152,80396,760,6,5,6,3607,0,0,0,NA,0,081,ONTARIO RANCH RD,ARCHIBALD AV,500,W,N,A,-,N,NA,NA,NA,NA,NA,NA,NA,NA,NA,N,4,0,1,2,A,-,03,22350,NA,N,E,I,A,A,H,-,A,A,0,NA,NA,NA,Y,Y,NA,G,25,0,0,1,0,0,0,0,0,0,-,-,NA,NA,SAN BERNARDINO,ONTARIO,-117.5949478149414,33.997249603271484
9003051,2018,2019-12-14,3607,2018-07-11,0630,14780,137,3,5,6,3607,0,0,0,NA,0,032,VINEYARD AV,D ST,50,S,N,A,-,N,NA,NA,NA,NA,NA,NA,NA,NA,NA,N,4,0,1,2,A,-,07,21658,A,N,B,C,A,A,H,-,A,D,0,NA,NA,NA,Y,Y,NA,F,26,0,0,1,0,0,0,0,0,0,-,-,NA,NA,SAN BERNARDINO,ONTARIO,-117.61101531982422,34.06700134277344
9003062,2018,2019-12-21,3607,2018-12-17,1817,20099,210,1,5,6,3607,0,0,0,NA,0,071,MISSION BL,VINEYARD AV,15,E,N,A,-,N,NA,NA,NA,NA,NA,NA,NA,NA,NA,Y,4,0,1,2,A,-,03,22350,NA,N,C,C,A,A,H,-,C,A,0,NA,NA,NA,NA,Y,NA,D,22,0,0,1,0,0,0,0,0,0,-,-,NA,NA,SAN BERNARDINO,ONTARIO,-117.61090087890624,34.05000305175781
90032141,2015,2015-10-19,9855,2015-09-20,1800,017313,NA,7,2,6,3616,0,1,1,NA,2,201,SR-210 W/B (FOOTHILL FWY),MILLIKEN AVE.,1056,E,N,A,-,Y,NA,NA,210,NA,NA,NA,NA,NA,W,Y,4,0,1,2,A,-,03,22350,NA,N,C,C,A,A,H,-,A,D,0,NA,NA,NA,NA,Y,NA,D,22,0,0,1,0,0,0,0,0,0,-,-,34.13656,-117.55543,SAN BERNARDINO,RANCHO CUCAMONGA,-117.55543123,34.13669009
90032676,2015,2015-10-19,9860,2015-10-02,1338,018905,NA,5,1,4,3603,0,1,1,NA,2,214,I-215 S/B,IOWA AVE,2640,N,N,A,-,Y,NA,NA,215,NA,NA,NA,NA,NA,S,Y,2,0,2,6,A,-,03,22350,NA,N,C,C,A,A,H,-,A,D,0,NA,NA,NA,NA,Y,NA,D,22,1,1,0,0,0,0,0,0,0,-,-,34.02835,-117.33108,SAN BERNARDINO,COLTON,-117.33118504,34.02847458
90034689,2015,2015-10-29,9860,2015-10-04,0925,019429,NA,7,1,3,3615,0,1,1,NA,2,103,I-10 W/B,WATERMAN AVE,2640,E,N,B,C,Y,NA,NA,10,NA,NA,NA,NA,NA,W,Y,4,0,1,2,A,-,08,22107,NA,N,C,C,A,B,H,-,A,D,0,NA,NA,NA,NA,Y,NA,A,07,0,0,1,0,0,0,0,0,0,-,-,34.06386,-117.27068,SAN BERNARDINO,LOMA LINDA,-117.27068063,34.06392676
90035025,2015,2015-10-20,9855,2015-09-28,0620,15763,NA,1,1,5,3602,0,1,3,NA,2,603,SR-60 W/B (POMONA FWY),MOUNTIAN AVENUE,1584,W,N,A,-,Y,NA,NA,60,NA,NA,NA,NA,NA,W,Y,4,0,2,2,A,-,03,22350,NA,N,C,C,A,A,H,-,B,D,0,NA,NA,NA,NA,Y,NA,D,22,0,0,2,0,0,0,0,0,0,-,-,34.03084,-117.67335,SAN BERNARDINO,CHINO,-117.67335024,34.0304473
90035794,2015,2015-10-21,9860,2015-10-07,1410,013945,NA,3,2,6,3610,0,1,1,NA,2,202,SR-210 E/B,CENTRAL AVE,346,E,N,A,-,Y,NA,NA,210,NA,NA,NA,NA,NA,E,Y,3,0,2,1,A,-,08,22107,NA,N,E,I,A,A,H,-,A,D,0,NA,NA,NA,NA,Y,NA,A,07,0,1,1,0,0,0,0,0,0,-,-,34.13194,-117.2165,SAN BERNARDINO,SAN BERNARDINO,-117.21650029,34.13180386
90036507,2015,2015-10-22,9855,2015-09-20,1517,020904,NA,7,2,6,3604,0,1,1,NA,2,101,I-10 E/B (SAN BERNARDINO FWY),ETIWANDA AVE.,720,E,N,A,-,N,NA,NA,10,NA,NA,NA,NA,NA,E,Y,4,0,1,2,A,-,03,22350,NA,N,C,C,A,A,H,-,A,D,0,NA,NA,NA,NA,Y,NA,A,07,0,0,1,0,0,0,0,0,0,-,-,34.06756,-117.52134,SAN BERNARDINO,FONTANA,-117.52133982,34.06746226
90037606,2015,2015-10-26,9860,2015-10-05,0355,020758,NA,1,3,9,3600,0,3,5,NA,2,002,FAIRFAX DR,BASELINE ST,425,N,N,B,-,N,NA,NA,NA,NA,NA,NA,NA,NA,NA,Y,4,0,1,4,A,-,01,23152,A,N,B,E,A,B,H,-,C,D,0,NA,NA,NA,NA,Y,Y,D,22,0,0,1,0,0,0,0,0,0,-,-,34.12498,-117.2574,SAN BERNARDINO,UNINCORPORATED,-117.25736812,34.12248421
9003810,2019,2020-02-25,3600,2019-11-20,1825,D4320,RC014,3,5,6,3616,0,0,0,NA,0,RC6,CHURCH ST,ELM ST,0,NA,Y,C,-,N,NA,NA,NA,NA,NA,NA,NA,NA,NA,N,4,0,1,2,A,-,09,21801,A,N,B,C,A,B,H,-,C,A,0,NA,NA,NA,NA,Y,NA,A,01,0,0,1,0,0,0,0,0,0,-,-,NA,NA,SAN BERNARDINO,RANCHO CUCAMONGA,-117.56992340087892,34.111541748046875
90039372,2015,2015-10-29,9860,2015-10-24,1155,012530,NA,6,1,6,3604,0,1,1,NA,2,201,SR-210 E/B TO ALDER AVENUE,ALDER AVENUE,30,W,N,A,-,Y,NA,NA,NA,NA,NA,NA,NA,NA,NA,Y,3,0,1,2,A,-,03,22350,NA,N,C,C,A,A,H,-,A,A,0,NA,NA,NA,NA,Y,NA,A,07,0,1,0,0,0,0,0,0,0,-,-,34.13551,-117.41878,SAN BERNARDINO,FONTANA,-117.41859885,34.13625
90041672,2015,2015-10-30,9860,2015-10-24,0410,020135,NA,6,3,5,3608,0,1,1,NA,2,203,SR-210 W/B,SAN BERNARDINO AVE,1584,W,N,A,-,Y,NA,NA,NA,NA,NA,NA,NA,NA,NA,Y,3,0,1,1,A,-,08,22107,NA,N,E,I,A,A,H,-,D,D,0,NA,NA,NA,NA,Y,NA,D,22,0,1,0,0,0,0,0,0,0,-,-,34.08532,-117.26047,SAN BERNARDINO,REDLANDS,-117.20051,34.07738
9004319,2019,2020-01-04,3607,2019-10-14,0900,19968,860,1,5,6,3607,0,0,0,NA,0,082,ARCHIBALD AV,EUCALYPTUS AV,153,N,N,A,-,N,NA,NA,NA,NA,NA,NA,NA,NA,NA,N,4,0,2,2,A,-,03,22350,NA,N,C,C,A,A,H,-,A,A,0,NA,NA,NA,NA,Y,NA,A,01,0,0,2,0,0,0,0,0,0,-,-,NA,NA,SAN BERNARDINO,ONTARIO,-117.5932846069336,33.99047088623047
90046520,2015,2015-11-09,9855,2015-10-25,1240,020002,NA,7,1,9,3600,0,3,5,NA,2,003,LYTLE CREEK RD.,SIERRA AVE.,3168,S,N,B,-,N,NA,NA,NA,NA,NA,NA,NA,NA,NA,Y,3,0,1,1,A,-,08,22107,NA,N,F,A,A,A,B,H,A,D,0,NA,NA,Y,NA,Y,NA,C,02,0,1,0,0,0,0,0,0,1,-,-,34.1802,-117.44505,SAN BERNARDINO,UNINCORPORATED,-117.44574344,34.17995116
90046565,2015,2015-11-09,9870,2015-10-30,1833,020280,NA,5,2,9,3600,0,3,5,NA,2,003,SUNBURST AVENUE,CALLE LOS AMIGOS,0,NA,Y,A,-,N,NA,NA,NA,NA,NA,NA,NA,NA,NA,Y,3,0,2,2,A,-,09,21801,A,N,A,C,A,A,H,-,C,D,0,NA,NA,NA,NA,Y,NA,A,01,0,1,1,0,0,0,0,0,0,-,-,34.16405,-116.30841,SAN BERNARDINO,UNINCORPORATED,-116.30840009,34.16411008
90047317,2015,2015-11-09,9860,2015-10-25,1415,018905,NA,7,2,6,3610,0,1,1,NA,2,202,SR-210 W/B,WATERMAN AVE,150,W,N,A,-,Y,NA,NA,210,NA,NA,NA,NA,NA,W,Y,4,0,1,2,A,-,03,22350,NA,N,C,C,A,A,H,-,A,D,0,NA,NA,NA,NA,Y,NA,A,07,0,0,1,0,0,0,0,0,0,-,-,34.14541,-117.27973,SAN BERNARDINO,SAN BERNARDINO,-117.27973338,34.14532836
90048230,2015,2015-11-10,9855,2015-10-17,1300,018313,NA,6,1,6,3604,0,1,1,NA,2,101,I-10 E/B (SAN BERNARDINO FWY),CITRUS AVE.,2500,W,N,A,-,Y,NA,NA,10,NA,NA,NA,NA,NA,E,N,4,0,1,2,A,-,08,22107,NA,N,E,I,A,A,H,-,A,D,0,NA,NA,NA,NA,Y,NA,D,22,0,0,1,0,0,0,0,0,0,-,-,34.06636,-117.46519,SAN BERNARDINO,FONTANA,-117.4651888,34.06631104
90049748,2015,2015-11-12,9855,2015-11-04,1535,018335,NA,3,2,6,3607,0,1,1,NA,2,103,I-10 E/B (SAN BERNARDINO FWY),ARCHIBALD AVE.,200,E,N,A,-,Y,NA,NA,10,NA,NA,NA,NA,NA,E,Y,4,0,1,2,A,-,03,22350,NA,F,C,C,A,A,H,-,A,D,0,NA,NA,NA,NA,Y,NA,A,01,0,0,1,0,0,0,0,0,0,-,-,34.06744,-117.59086,SAN BERNARDINO,ONTARIO,-117.59085917,34.06754344
90050646,2015,2015-11-13,9860,2015-11-07,0800,019429,NA,6,1,9,3600,0,3,5,NA,2,004,GROVE PL,MAGNOLIA ST,0,NA,Y,A,-,N,NA,NA,NA,NA,NA,NA,NA,NA,NA,N,4,0,1,2,A,-,08,22103,NA,N,D,C,A,A,H,-,A,D,0,NA,NA,NA,NA,Y,NA,A,01,0,0,1,0,0,0,0,0,0,-,-,34.07321,-117.39772,SAN BERNARDINO,UNINCORPORATED,-117.39781004,34.0731501
90052379,2015,2015-11-17,9835,2015-11-11,1227,020103,NA,3,1,9,3600,0,1,1,NA,2,072,I-15 S/B,MINNEOLA RD,4752,S,N,A,-,Y,NA,NA,NA,NA,NA,NA,NA,NA,NA,Y,2,0,1,2,A,-,07,21658,A,N,C,C,A,A,H,-,A,D,0,NA,NA,Y,Y,Y,NA,C,02,1,0,0,0,0,0,0,0,1,-,-,NA,NA,SAN BERNARDINO,UNINCORPORATED,NA,NA
90052774,2015,2015-11-17,9870,2015-11-07,1500,019921,NA,6,2,9,3600,0,3,5,NA,2,001,BUENA VISTA DR.,JUNIPER AVE.,0,NA,Y,A,-,N,NA,NA,NA,NA,NA,NA,NA,NA,NA,Y,3,0,1,2,A,-,01,23152,A,N,H,A,A,A,H,-,A,A,0,NA,NA,NA,NA,Y,Y,A,01,0,1,0,0,0,0,0,0,0,-,-,34.05166,-116.58907,SAN BERNARDINO,UNINCORPORATED,-116.58957006,34.05215011
90053760,2015,2015-11-18,9870,2015-11-10,1840,020890,NA,2,2,9,3600,0,1,3,NA,1,031,STATE ROUTE 62 (TWENTYNINE PALMS HWY),YUCCA MESA RD,73,E,N,A,-,Y,NA,NA,62,NA,NA,NA,NA,NA,NA,Y,3,0,1,2,A,-,01,23152,F,N,C,C,A,A,H,-,C,A,0,NA,NA,NA,NA,Y,Y,D,22,0,1,0,0,0,0,0,0,0,-,-,34.13483,-116.36915,SAN BERNARDINO,UNINCORPORATED,-116.36914973,34.13490796
90054062,2015,2015-11-23,9860,2015-11-03,0708,014686,NA,2,1,9,3600,0,1,1,NA,2,152,I-15 S/B,SR-138,11616,N,N,B,-,Y,NA,NA,15,NA,NA,NA,NA,NA,S,Y,3,0,9,8,A,-,07,21658,A,N,B,C,A,A,D,-,A,D,0,NA,NA,NA,Y,Y,NA,G,25,0,2,7,0,0,0,0,0,0,-,-,34.34218,-117.48204,SAN BERNARDINO,UNINCORPORATED,-117.48204358,34.34218145
9005558,2019,2020-02-01,3607,2019-12-24,1912,80533,690,2,5,6,3607,0,0,0,NA,0,082,HAMNER AV,ONTARIO RANCH DR,0,NA,Y,C,-,N,NA,NA,NA,NA,NA,NA,NA,NA,NA,Y,4,0,2,2,A,-,12,21453,A,N,D,C,A,B,H,-,C,A,0,NA,NA,NA,NA,Y,NA,D,22,0,0,2,0,0,0,0,0,0,-,-,NA,NA,SAN BERNARDINO,ONTARIO,-117.55834,34.0009
9005675,2019,2020-02-18,3605,2019-12-19,2310,382,NA,4,5,4,3605,0,0,0,NA,0,NA,MONTE VISTA AV,HOLT BL,0,NA,Y,A,-,N,NA,NA,NA,NA,NA,NA,NA,NA,NA,Y,4,0,2,2,A,-,09,21801,A,N,D,C,A,A,H,-,C,A,0,NA,NA,NA,NA,Y,NA,A,01,0,0,2,0,0,0,0,0,0,-,-,NA,NA,SAN BERNARDINO,MONTCLAIR,-117.6982879638672,34.063209533691406
90056952,2015,2015-11-23,9860,2015-11-10,0545,017204,NA,2,3,9,3600,0,1,1,NA,2,151,I-15 N/B,MATTHEWS RANCH RD.,213,N,N,B,-,Y,NA,NA,15,NA,NA,NA,NA,NA,N,Y,3,0,1,2,A,-,03,22350,NA,N,D,C,A,A,D,-,D,D,0,NA,NA,NA,NA,Y,NA,D,22,0,1,0,0,0,0,0,0,0,-,-,34.2459,-117.43622,SAN BERNARDINO,UNINCORPORATED,-117.43614908,34.24597614
90058394,2015,2015-11-24,9855,2015-11-07,2345,020564,NA,6,3,5,3602,0,1,3,NA,2,071,SR-71 S/B (CHINO FWY),BUTTERFIELD RANCH RD.,1600,N,N,A,-,Y,NA,NA,NA,NA,NA,NA,NA,NA,NA,Y,4,0,1,2,A,-,08,22107,NA,N,B,C,A,A,H,-,C,D,0,NA,NA,Y,NA,Y,NA,C,02,0,0,1,0,0,0,0,0,1,-,-,34.93299,-117.66166,SAN BERNARDINO,CHINO,-117.66267152,33.93420084
90059141,2015,2015-11-24,9850,2015-11-20,2120,020848,NA,5,2,9,3600,0,3,5,NA,2,005,WILSON RANCH RD,GOSS RD,535,N,N,A,-,N,NA,NA,NA,NA,NA,NA,NA,NA,NA,Y,4,0,1,1,A,-,08,22107,NA,N,E,I,A,A,H,-,D,D,0,NA,NA,NA,NA,Y,NA,A,01,0,0,1,0,0,0,0,0,0,-,-,34.45726,-117.52139,SAN BERNARDINO,UNINCORPORATED,-117.52140047,34.45717502
90060263,2015,2015-11-26,9860,2015-11-13,1730,019674,NA,5,2,5,3608,0,1,1,NA,2,104,I-10 W/B,CALIFORNIA ST,1000,E,N,A,-,Y,NA,NA,10,NA,NA,NA,NA,NA,W,Y,3,0,1,2,A,-,03,22350,NA,N,C,C,A,A,H,-,A,D,0,NA,NA,Y,NA,Y,NA,C,02,0,1,0,0,0,0,0,0,1,-,-,34.06655,-117.22206,SAN BERNARDINO,REDLANDS,-117.22206105,34.06674885
90060838,2015,2015-11-30,9860,2015-11-20,0915,019674,NA,5,1,9,3600,0,1,1,NA,2,102,I-10 E/B FROM CEDAR AVE.,CEDAR AVE,1100,E,N,A,-,Y,NA,NA,10,NA,NA,NA,R,NA,E,Y,4,0,2,2,A,-,03,22350,NA,N,C,C,A,A,H,-,A,A,0,NA,NA,NA,NA,Y,NA,A,01,0,0,2,0,0,0,0,0,0,-,-,34.06801,-117.39245,SAN BERNARDINO,UNINCORPORATED,-117.39245,34.06801
90060970,2015,2015-11-30,9860,2015-11-20,2030,020282,NA,5,2,6,3610,0,1,1,NA,2,216,I-215 N/B,9TH ST,325,S,N,A,-,Y,NA,NA,215,NA,NA,NA,NA,NA,N,Y,2,0,4,3,A,-,02,22400,A,F,C,C,A,A,H,-,C,D,0,NA,NA,NA,NA,Y,NA,-,99,1,0,3,0,0,0,0,0,0,-,-,34.11478,-117.30229,SAN BERNARDINO,SAN BERNARDINO,-117.30277857,34.11477913
90062509,2015,2015-12-01,9835,2015-11-30,1236,020103,NA,1,1,9,3600,0,2,4,NA,1,017,IRWIN RD,FOSSIL BED RD,8976,S,N,A,-,N,NA,NA,NA,NA,NA,NA,NA,NA,NA,Y,4,0,2,1,A,-,08,22107,NA,N,E,I,A,A,H,-,A,D,0,NA,NA,NA,NA,Y,NA,A,01,0,0,2,0,0,0,0,0,0,-,-,34.95654,-117.01926,SAN BERNARDINO,UNINCORPORATED,-117.01655755,34.96397499
90072789,2015,2015-12-14,9865,2015-12-11,1054,020115,NA,5,1,9,3600,0,1,3,NA,1,022,SR-18,OAKLEAF DR,66,N,N,A,-,Y,NA,NA,18,NA,NA,NA,NA,NA,NA,Y,4,0,2,1,A,-,03,22350,NA,N,E,I,A,C,H,-,A,D,0,NA,NA,NA,NA,Y,NA,A,08,0,0,2,0,0,0,0,0,0,-,-,34.21585,-117.12213,SAN BERNARDINO,UNINCORPORATED,-117.12214791,34.215829
90072798,2015,2015-12-14,9860,2015-12-13,0320,013665,NA,7,3,4,3603,0,1,1,NA,2,214,INTERSTATE 215 N/B,WASHINGTON STREET,1320,N,N,A,-,Y,NA,NA,215,NA,NA,NA,NA,NA,N,Y,2,0,2,2,A,-,01,23152,A,N,E,I,A,A,H,-,C,D,0,NA,NA,NA,NA,Y,Y,A,01,1,1,0,0,0,0,0,0,0,-,-,34.05226,-117.30098,SAN BERNARDINO,COLTON,-117.30099035,34.05227028
90077949,2015,2015-12-18,9860,2015-12-08,0417,017784,NA,2,3,6,3610,0,1,1,NA,2,104,INTERSTATE 10 EASTBOUND,WATERMAN AVENUE,900,E,N,A,-,Y,NA,NA,10,NA,NA,NA,NA,NA,E,Y,4,0,1,1,A,-,08,22107,NA,N,E,I,A,A,H,-,C,D,0,NA,NA,NA,Y,Y,NA,G,25,0,0,1,0,0,0,0,0,0,-,-,34.06378,-117.27557,SAN BERNARDINO,SAN BERNARDINO,-117.27555962,34.06384708
90079556,2015,2015-12-21,9860,2015-12-08,0117,018972,NA,2,3,4,3618,0,1,1,NA,2,202,SR-210 W/B,CENTRAL AVE,100,E,N,A,-,Y,NA,NA,210,NA,NA,NA,NA,NA,W,Y,3,0,1,4,A,-,01,23152,A,N,E,I,A,A,H,-,D,D,0,NA,NA,NA,NA,Y,Y,A,01,0,1,0,0,0,0,0,0,0,-,-,34.13203,-117.21716,SAN BERNARDINO,HIGHLAND,-117.21716005,34.13205446
90080322,2015,2016-09-28,9855,2015-12-05,0319,016215,NA,6,3,6,3607,0,1,3,NA,2,601,SR-60 W/B (POMONA FWY),HAVEN AVE.,2255,E,N,A,-,Y,NA,NA,60,NA,NA,NA,NA,NA,W,Y,3,0,2,2,A,-,01,23152,A,N,A,C,A,A,H,-,C,D,0,NA,NA,NA,NA,Y,Y,A,07,0,1,1,0,0,0,0,0,0,-,-,34.02702,-117.56912,SAN BERNARDINO,ONTARIO,-117.56908082,34.0271655
90090288,2015,2016-01-07,9835,2015-12-31,2225,020743,NA,4,3,9,3600,0,1,1,NA,2,073,I-15 N/B,AFTON CANYON RD,2587,S,N,A,-,Y,NA,NA,15,NA,NA,NA,NA,NA,N,Y,4,0,1,1,A,-,01,23152,A,N,F,A,A,A,H,-,D,D,0,NA,NA,NA,NA,Y,Y,A,01,0,0,1,0,0,0,0,0,0,-,-,35.06619,-116.41923,SAN BERNARDINO,UNINCORPORATED,-116.41924161,35.06620772
90090344,2015,2016-01-07,9855,2015-12-23,0130,016215,NA,3,3,6,3604,0,1,1,NA,2,101,I-10 W/B (SAN BERNARDINO FWY),CHERRY AVE.,3192,W,N,B,-,Y,NA,NA,10,NA,NA,NA,NA,NA,W,Y,2,0,1,1,A,-,01,23152,F,N,E,I,A,A,H,-,C,D,0,NA,NA,NA,NA,Y,Y,A,01,1,0,0,0,0,0,0,0,0,-,-,34.06573,-117.49983,SAN BERNARDINO,FONTANA,-117.49983014,34.0657369
9009534,2019,2020-01-06,3604,2019-11-08,1831,1286,NA,5,5,6,3604,0,0,0,NA,0,NA,SIERRA AV,CERES,230,N,N,A,-,N,NA,NA,NA,NA,NA,NA,NA,NA,NA,Y,4,0,2,4,A,-,01,23152,NA,F,C,C,A,A,H,-,A,A,0,NA,NA,NA,NA,Y,Y,A,01,0,0,2,0,0,0,0,0,0,-,-,NA,NA,SAN BERNARDINO,FONTANA,-117.43572998046876,34.0948600769043
90096244,2016,2016-01-15,9860,2016-01-07,1235,019269,NA,4,1,9,3600,0,3,5,NA,2,002,DEVORE RD,BUCKTHORN RD,375,N,N,B,C,N,NA,NA,NA,NA,NA,NA,NA,NA,NA,Y,4,0,1,1,A,-,03,22350,NA,N,E,I,A,A,H,-,A,D,0,NA,NA,Y,NA,Y,NA,C,02,0,0,1,0,0,0,0,0,1,-,-,34.23083,-117.4048,SAN BERNARDINO,UNINCORPORATED,-117.40474,34.23061948
90096786,2015,2016-01-18,9860,2015-12-19,0925,018223,NA,6,1,6,3610,0,1,1,NA,2,216,I-215 S/B,UNIVERSITY PKY,1900,S,N,A,-,Y,NA,NA,215,NA,NA,NA,NA,NA,S,Y,2,0,3,1,A,-,08,22107,NA,N,E,I,A,A,H,-,A,D,0,NA,NA,NA,NA,Y,NA,A,08,1,2,0,0,0,0,0,0,0,-,-,34.16001,-117.32954,SAN BERNARDINO,SAN BERNARDINO,-117.32957928,34.15997702
90096835,2016,2016-01-18,9860,2016-01-15,1415,017892,NA,5,2,5,3608,0,1,1,NA,2,105,I-10 E/B,FORD ST,1056,E,N,A,-,Y,NA,NA,10,NA,NA,NA,NA,NA,E,Y,4,0,1,3,A,-,07,21658,A,F,B,C,A,A,H,-,A,D,0,NA,NA,NA,NA,Y,NA,D,22,0,0,1,0,0,0,0,0,0,-,-,34.03957,-117.15402,SAN BERNARDINO,REDLANDS,-117.15408161,34.03950405
90101983,2016,2016-01-25,9835,2016-01-23,0305,020150,NA,6,3,9,3600,0,1,3,NA,1,013,SR-58,VALLEY WELLS RD,222,E,N,A,-,Y,NA,NA,NA,NA,NA,NA,NA,NA,NA,Y,2,0,2,1,A,-,01,23152,A,N,F,A,A,A,H,-,D,D,0,NA,NA,NA,NA,Y,Y,A,07,1,1,0,0,0,0,0,0,0,-,-,NA,NA,SAN BERNARDINO,UNINCORPORATED,-117.20588173,34.9217
90104051,2016,2016-01-27,9865,2016-01-19,1215,014696,NA,2,1,9,3600,0,1,3,NA,2,014,SR-138,CRESTLINE RD,0,NA,Y,B,-,Y,NA,NA,138,NA,NA,NA,NA,NA,NA,Y,4,0,1,2,A,-,09,21802,A,N,D,C,A,A,H,-,A,A,0,NA,NA,NA,NA,Y,NA,D,22,0,0,1,0,0,0,0,0,0,-,-,34.23786,-117.29161,SAN BERNARDINO,UNINCORPORATED,-117.29155685,34.23781419
90105374,2016,2016-01-29,9860,2016-01-26,1125,017204,NA,2,1,9,3600,0,1,1,NA,2,152,I-15 N/B,OAK HILL RD,5280,S,N,A,G,Y,NA,NA,15,NA,NA,NA,NA,NA,N,Y,4,0,1,2,A,-,03,22350,NA,N,C,C,A,A,H,-,A,D,0,NA,NA,NA,Y,Y,NA,A,01,0,0,1,0,0,0,0,0,0,-,-,34.34818,-117.44085,SAN BERNARDINO,UNINCORPORATED,-117.44092351,34.34825012
90105917,2016,2016-02-01,9860,2016-01-29,0435,018223,NA,5,3,4,3603,0,1,1,NA,2,103,I-10 E/B,9TH ST,800,E,N,A,-,Y,NA,NA,10,NA,NA,NA,NA,NA,E,Y,3,0,1,4,A,-,03,22350,NA,N,C,C,A,A,H,-,D,D,0,NA,NA,NA,NA,Y,NA,A,07,0,1,0,0,0,0,0,0,0,-,-,34.06528,-117.32032,SAN BERNARDINO,COLTON,-117.32031024,34.06538691
90107890,2016,2016-02-03,9860,2016-01-29,0235,019391,NA,5,3,5,3609,0,1,1,NA,2,201,SR-210 W/B,HIGHLAND AVE.,1591,E,N,A,-,Y,NA,NA,NA,NA,NA,NA,NA,NA,NA,Y,2,0,4,1,A,-,01,23152,A,N,E,I,A,A,H,-,D,D,0,NA,NA,NA,NA,Y,Y,A,01,2,1,1,0,0,0,0,0,0,-,-,34.13712,-117.3602,SAN BERNARDINO,RIALTO,-117.36210951,34.13635251
9011058,2019,2020-02-12,3609,2019-12-05,0859,2493,R1001,4,5,5,3609,0,0,0,NA,0,004,SLOVER AV,CACTUS AV,660,E,N,A,-,N,NA,NA,NA,NA,NA,NA,NA,NA,NA,Y,4,0,2,2,A,-,08,22107,NA,N,D,C,A,A,H,-,A,D,0,NA,NA,NA,NA,Y,NA,I,11,0,0,2,0,0,0,0,0,0,-,-,NA,NA,SAN BERNARDINO,RIALTO,-117.38118743896484,34.063228607177734
90111201,2016,2016-02-08,9860,2016-02-01,1050,017204,NA,1,1,9,3600,0,1,3,NA,1,012,SR-138,CAJON BLVD,70,W,N,A,-,Y,NA,NA,138,NA,NA,NA,NA,NA,NA,Y,4,0,1,3,A,-,03,22350,NA,N,C,C,A,A,D,H,A,D,0,NA,NA,NA,NA,Y,NA,A,01,0,0,1,0,0,0,0,0,0,-,-,34.31143,-117.47824,SAN BERNARDINO,UNINCORPORATED,-117.47825362,34.31158679
9011392,2019,2019-12-21,3607,2019-08-08,1707,80472,68,4,5,6,3607,0,0,0,NA,0,032,INLAND EMPIRE BL,QVC WY,0,NA,Y,A,-,N,NA,NA,NA,NA,NA,NA,NA,NA,NA,N,3,0,1,2,A,-,12,21453,A,N,D,C,A,A,H,-,A,A,0,NA,NA,NA,NA,Y,NA,A,01,0,1,0,0,0,0,0,0,0,-,-,NA,NA,SAN BERNARDINO,ONTARIO,-117.604222,34.070362
9011548,2019,2019-12-27,3600,2019-10-09,1511,2561,025,3,5,5,3612,0,0,0,NA,0,003,MARIPOSA RD,TALPA ST,0,S,N,A,-,N,NA,NA,NA,NA,NA,NA,NA,NA,NA,Y,4,0,2,2,A,-,03,22350,NA,N,C,C,A,A,H,-,A,A,0,NA,NA,NA,NA,Y,NA,A,01,0,0,2,0,0,0,0,0,0,-,-,NA,NA,SAN BERNARDINO,VICTORVILLE,-117.32826995849608,34.496089935302734