CASE_ID,ACCIDENT_YEAR,PROC_DATE,JURIS,COLLISION_DATE,COLLISION_TIME,OFFICER_ID,REPORTING_DISTRICT,DAY_OF_WEEK,CHP_SHIFT,POPULATION,CNTY_CITY_LOC,SPECIAL_COND,BEAT_TYPE,CHP_BEAT_TYPE,CITY_DIVISION_LAPD,CHP_BEAT_CLASS,BEAT_NUMBER,PRIMARY_RD,SECONDARY_RD,DISTANCE,DIRECTION,INTERSECTION,WEATHER_1,WEATHER_2,STATE_HWY_IND,CALTRANS_COUNTY,CALTRANS_DISTRICT,STATE_ROUTE,ROUTE_SUFFIX,POSTMILE_PREFIX,POSTMILE,LOCATION_TYPE,RAMP_INTERSECTION,SIDE_OF_HWY,TOW_AWAY,COLLISION_SEVERITY,NUMBER_KILLED,NUMBER_INJURED,PARTY_COUNT,PRIMARY_COLL_FACTOR,PCF_CODE_OF_VIOL,PCF_VIOL_CATEGORY,PCF_VIOLATION,PCF_VIOL_SUBSECTION,HIT_AND_RUN,TYPE_OF_COLLISION,MVIW,PED_ACTION,ROAD_SURFACE,ROAD_COND_1,ROAD_COND_2,LIGHTING,CONTROL_DEVICE,CHP_ROAD_TYPE,PEDESTRIAN_ACCIDENT,BICYCLE_ACCIDENT,MOTORCYCLE_ACCIDENT,TRUCK_ACCIDENT,NOT_PRIVATE_PROPERTY,ALCOHOL_INVOLVED,STWD_VEHTYPE_AT_FAULT,CHP_VEHTYPE_AT_FAULT,COUNT_SEVERE_INJ,COUNT_VISIBLE_INJ,COUNT_COMPLAINT_PAIN,COUNT_PED_KILLED,COUNT_PED_INJURED,COUNT_BICYCLIST_KILLED,COUNT_BICYCLIST_INJURED,COUNT_MC_KILLED,COUNT_MC_INJURED,PRIMARY_RAMP,SECONDARY_RAMP,LATITUDE,LONGITUDE,COUNTY,CITY,POINT_X,POINT_Y
90625723,2017,2017-12-25,9865,2017-12-15,1150,021064,NA,5,1,9,3600,0,3,5,NA,2,003,BALDWIN LANE,HERITAGE TRAIL,17,E,N,A,-,N,NA,NA,NA,NA,NA,NA,NA,NA,NA,N,2,0,1,2,A,-,05,21650,NA,N,H,G,A,A,H,-,A,D,0,NA,Y,NA,NA,Y,NA,L,04,1,0,0,0,0,0,1,0,0,-,-,34.2504,-116.81799,SAN BERNARDINO,UNINCORPORATED,-116.81804395,34.25043
90629240,2017,2017-12-29,9860,2017-12-20,0810,016821,NA,3,1,9,3600,0,2,4,NA,1,410,VALLEY BOULEVARD,ALDER AVENUE,0,NA,Y,A,-,Y,NA,NA,NA,NA,NA,NA,NA,NA,NA,N,2,0,1,2,A,-,10,21950,A,N,G,B,B,A,H,-,A,A,0,Y,NA,NA,NA,Y,NA,A,08,1,0,0,0,1,0,0,0,0,-,-,34.07042,-117.41819,SAN BERNARDINO,UNINCORPORATED,-117.41824001,34.07043003
90632502,2017,2018-01-03,9860,2017-12-26,1615,016821,NA,2,2,4,3640,0,1,1,NA,2,106,I-10 E/B,16TH ST,500,W,N,A,-,Y,NA,NA,10,NA,NA,NA,NA,NA,E,N,4,0,1,2,A,-,03,22350,NA,N,C,C,A,A,H,-,A,D,0,NA,NA,NA,NA,Y,NA,A,01,0,0,1,0,0,0,0,0,0,-,-,34.02198,-117.10462,SAN BERNARDINO,YUCAIPA,-117.10459311,34.02202033
9052706,2020,2020-09-29,3600,2020-01-24,0801,G4629,CH068,5,5,5,3630,0,0,0,NA,0,CH01,CHINO HILLS PKWY,RT 71,0,NA,Y,A,-,Y,SBD,8,71,-,R,3.194,R,4,N,Y,3,0,3,2,A,-,09,21806,A,N,D,C,A,A,H,-,A,A,0,NA,NA,NA,NA,Y,NA,A,07,0,2,1,0,0,0,0,0,0,-,NF,NA,NA,SAN BERNARDINO,CHINO HILLS,-117.71079254150392,33.98475646972656
90529639,2017,2017-08-23,9855,2017-08-21,1037,15763,NA,1,1,5,3611,0,1,1,NA,2,103,I-10 E/B (SAN BERNARDINO FWY),MOUNTAIN AVENUE,242,E,N,A,-,Y,NA,NA,10,NA,NA,NA,NA,NA,E,Y,4,0,1,3,A,-,08,22107,NA,N,B,C,A,A,H,-,A,D,0,NA,NA,NA,NA,Y,NA,A,01,0,0,1,0,0,0,0,0,0,-,-,34.08712,-117.66902,SAN BERNARDINO,UPLAND,-117.66902083,34.08719968
90530039,2017,2017-08-24,9855,2017-08-21,1536,017808,NA,1,2,6,3616,0,1,1,NA,2,201,SR 210 W/B TO HAVEN AVE.,HAVEN AVE.,20,E,N,A,-,Y,NA,NA,210,NA,NA,NA,R,NA,W,N,4,0,1,2,A,-,04,21703,NA,N,C,C,A,A,H,-,A,A,0,NA,NA,NA,NA,Y,NA,A,07,0,0,1,0,0,0,0,0,0,-,-,34.13673,-117.57558,SAN BERNARDINO,RANCHO CUCAMONGA,-117.57558,34.13673
90538685,2017,2017-09-01,9855,2017-08-12,0450,018313,NA,6,3,5,3611,0,1,1,NA,2,203,SR-210 W/B (FOOTHILL FWY),CARNELIAN ST.,1500,E,N,A,B,Y,NA,NA,NA,NA,NA,NA,NA,NA,NA,Y,4,0,1,3,D,-,00,NA,NA,N,G,B,E,A,H,-,C,D,0,Y,NA,NA,NA,Y,NA,-,-,0,0,1,0,1,0,0,0,0,-,-,34.13522,-117.60802,SAN BERNARDINO,UPLAND,-117.61130646,34.13510507
90539643,2017,2017-09-04,9865,2017-08-23,1330,016179,NA,3,1,9,3600,0,1,3,NA,2,045,SR-38,JENKS LAKE RD. EAST,1056,E,N,A,-,Y,NA,NA,38,NA,NA,NA,NA,NA,NA,Y,4,0,1,2,A,-,05,21460,A,N,B,C,A,A,H,-,A,D,0,NA,NA,Y,NA,Y,NA,C,02,0,0,1,0,0,0,0,0,1,-,-,34.17377,-116.84595,SAN BERNARDINO,UNINCORPORATED,-116.84594197,34.17379554
90639701,2017,2018-01-15,9835,2017-12-23,1525,21765,NA,6,2,9,3600,0,1,1,NA,2,073,I-15 S/B,MINNEOLA RD,500,N,N,A,-,Y,NA,NA,15,NA,NA,NA,NA,NA,S,Y,4,0,3,4,A,-,03,22350,NA,N,C,C,A,A,H,-,A,D,0,NA,NA,NA,NA,Y,NA,I,11,0,0,3,0,0,0,0,0,0,-,-,34.91871,-116.76906,SAN BERNARDINO,UNINCORPORATED,-116.76906641,34.91874049
90643793,2018,2018-01-19,9835,2018-01-05,1110,021824,NA,5,1,3,3601,0,1,1,NA,2,077,I-15 S/B,NEVADA STATE LINE,1901,S,N,A,-,Y,NA,NA,NA,NA,NA,NA,NA,NA,NA,Y,3,0,1,2,A,-,08,22107,NA,N,D,C,A,A,H,-,A,D,0,NA,NA,NA,NA,Y,NA,A,01,0,1,0,0,0,0,0,0,0,-,-,35.60165023803711,-115.393798828125,SAN BERNARDINO,BARSTOW,NA,NA
90645878,2018,2018-01-23,9855,2018-01-17,1656,018727,NA,3,2,6,3607,0,1,1,NA,2,103,I-10 E/B (SAN BERNARDINO FWY),VINEYARD AVE.,620,E,N,A,-,Y,NA,NA,NA,NA,NA,NA,NA,NA,NA,Y,2,0,1,2,A,-,07,21658,A,N,C,C,A,A,H,-,B,D,0,NA,NA,Y,NA,Y,NA,A,08,1,0,0,0,0,0,0,0,1,-,-,34.0411491394043,-117.36367797851563,SAN BERNARDINO,ONTARIO,-117.6094207763672,34.069732666015625
90647276,2018,2018-01-25,9860,2018-01-12,0055,019269,NA,5,3,9,3600,0,1,1,NA,2,152,I-15 N/B,OAK HILL RD,7920,S,N,A,-,Y,NA,NA,15,NA,NA,NA,NA,NA,N,Y,3,0,1,2,A,-,01,23152,A,N,C,C,A,A,H,-,D,D,0,NA,NA,NA,Y,Y,Y,A,07,0,1,0,0,0,0,0,0,0,-,-,34.3442497253418,-117.44766235351563,SAN BERNARDINO,UNINCORPORATED,-117.44769287109376,34.344356536865234
9065309,2020,2020-05-19,3608,2020-02-14,1305,4759,3608,5,5,5,3608,0,0,0,NA,0,NA,ALMOND AV,MOUNTAIN VIEW AV,39,E,N,A,-,N,NA,NA,NA,NA,NA,NA,NA,NA,NA,N,4,0,1,2,A,-,03,22350,NA,M,C,C,A,A,H,-,A,D,0,NA,NA,NA,Y,Y,NA,G,27,0,0,1,0,0,0,0,0,0,-,-,NA,NA,SAN BERNARDINO,REDLANDS,-117.24349975585938,34.07427215576172
90654467,2018,2018-02-05,9860,2018-01-31,0630,014829,NA,3,1,9,3600,0,1,1,NA,2,152,I-15 S/B,SR-138,2640,N,N,A,-,Y,NA,NA,NA,NA,NA,NA,NA,NA,NA,N,4,0,1,2,A,-,03,22350,NA,N,C,C,A,A,H,-,B,D,0,NA,NA,NA,NA,Y,NA,A,01,0,0,1,0,0,0,0,0,0,-,-,34.31208038330078,-117.47750091552734,SAN BERNARDINO,UNINCORPORATED,-117.48025512695313,34.3175163269043
90540334,2017,2017-09-05,9834,2017-09-01,0955,017038,NA,5,1,9,3600,0,2,4,NA,1,031,NEEDLES HIGHWAY,AHA MACAV PARKWAY,8976,S,N,A,-,N,NA,NA,NA,NA,NA,NA,NA,NA,NA,Y,3,0,1,1,A,-,01,23152,A,N,E,I,A,A,H,-,A,D,0,NA,NA,NA,NA,Y,Y,E,22,0,1,0,0,0,0,0,0,0,-,-,34.99317,-114.66237,SAN BERNARDINO,UNINCORPORATED,-114.66240942,34.99319442
90542794,2017,2017-09-07,9855,2017-08-28,1515,016889,NA,1,2,6,3607,0,1,1,NA,2,103,I-10 W/B (SAN BERNARDINO FWY),VINEYARD AVE.,2112,E,N,B,-,Y,NA,NA,10,NA,NA,NA,NA,NA,W,Y,4,0,1,2,A,-,03,22350,NA,N,C,C,A,A,H,-,A,D,0,NA,NA,NA,NA,Y,NA,A,01,0,0,1,0,0,0,0,0,0,-,-,34.0687,-117.60516,SAN BERNARDINO,ONTARIO,-117.60515746,34.06871313
9061672,2020,2020-05-19,3608,2020-02-17,0830,4027,NA,1,5,5,3608,0,0,0,NA,0,NA,ORANGE ST,REDLANDS BL,0,NA,Y,A,-,N,NA,NA,NA,NA,NA,NA,NA,NA,NA,Y,4,0,1,2,A,-,12,21453,A,N,D,C,A,A,H,-,A,A,0,NA,NA,NA,NA,Y,NA,A,07,0,0,1,0,0,0,0,0,0,-,-,NA,NA,SAN BERNARDINO,REDLANDS,-117.18257904052734,34.05730056762695
90618420,2017,2017-12-15,9855,2017-12-08,1635,020002,NA,5,2,5,3611,0,1,1,NA,2,203,SR-210 W/B (FOOTHILL FWY),SAN ANTONIO AVE.,700,W,N,A,-,Y,NA,NA,210,NA,NA,NA,NA,NA,W,Y,4,0,1,2,A,-,03,22350,NA,N,C,C,A,A,H,-,C,D,0,NA,NA,NA,NA,Y,NA,A,01,0,0,1,0,0,0,0,0,0,-,-,34.13473,-117.66326,SAN BERNARDINO,UPLAND,-117.66326016,34.13479833
90620639,2017,2017-12-19,9855,2017-12-14,0820,015919,NA,4,1,9,3600,0,3,5,NA,2,001,LIVE OAK AVENUE (9400 BLOCK),SEQUOIA AVE.,25,S,N,A,G,N,NA,NA,NA,NA,NA,NA,NA,NA,NA,N,4,0,1,2,A,-,03,22350,NA,N,C,C,A,A,H,-,A,D,0,NA,NA,NA,NA,Y,NA,E,22,0,0,1,0,0,0,0,0,0,-,-,34.08227,-117.47986,SAN BERNARDINO,UNINCORPORATED,-117.47991,34.0824315
90663092,2018,2018-02-16,9855,2018-02-04,2032,020690,NA,7,2,6,3607,0,1,1,NA,2,152,I-15 S/B (ONTARIO FWY),JURUPA ST.,2100,N,N,A,-,Y,NA,NA,15,NA,NA,NA,NA,NA,S,Y,3,0,2,3,A,-,03,22350,NA,N,C,C,A,A,H,-,D,D,0,NA,NA,NA,NA,Y,NA,A,01,0,1,1,0,0,0,0,0,0,-,-,34.053619384765625,-117.54779815673828,SAN BERNARDINO,ONTARIO,-117.54781341552734,34.053627014160156
9062143,2020,2020-03-23,3604,2020-02-14,0832,769,NA,5,5,6,3604,0,0,0,NA,0,001,BEECH AV,CURTIS AV,691,S,N,A,-,N,NA,NA,NA,NA,NA,NA,NA,NA,NA,Y,3,0,3,1,A,-,03,22350,NA,N,E,I,A,A,H,-,A,A,0,NA,NA,NA,NA,Y,NA,A,07,0,1,2,0,0,0,0,0,0,-,-,NA,NA,SAN BERNARDINO,FONTANA,-117.47102355957033,34.14204406738281
90669294,2018,2018-02-26,9855,2018-02-14,1015,016375,NA,3,1,6,3607,0,1,1,NA,2,103,I-10 E/B (SAN BERNARDINO FWY),HAVEN AVE.,1584,W,N,A,-,Y,NA,NA,10,NA,NA,NA,NA,NA,E,Y,4,0,1,3,A,-,07,21658,A,N,C,C,A,A,H,-,A,D,0,NA,NA,NA,NA,Y,NA,D,22,0,0,1,0,0,0,0,0,0,-,-,34.067359924316406,-117.58419799804688,SAN BERNARDINO,ONTARIO,-117.58419799804688,34.0674934387207
90587618,2017,2017-11-06,9835,2017-10-27,1630,21765,NA,5,2,9,3600,0,1,1,NA,2,075,I-15 N/B,HALLORAN SPRINGS RD,5808,S,N,A,-,Y,NA,NA,15,NA,NA,NA,NA,NA,N,Y,4,0,1,2,A,-,03,22350,NA,N,C,C,A,A,H,-,A,D,0,NA,NA,NA,NA,Y,NA,A,01,0,0,1,0,0,0,0,0,0,-,-,35.36936,-115.90759,SAN BERNARDINO,UNINCORPORATED,-115.90756978,35.36929392
9067593,2020,2020-03-30,3610,2020-02-02,2327,51044,NA,7,5,6,3610,0,0,0,NA,0,CHARLI,E 30TH ST,NORTH WATERMAN AV,0,NA,Y,A,-,N,NA,NA,18,NA,NA,NA,NA,NA,NA,Y,4,0,2,2,A,-,17,21451,A,N,D,C,A,A,H,-,C,A,0,NA,NA,NA,NA,Y,NA,A,01,0,0,2,0,0,0,0,0,0,-,-,34.14595031738281,-117.27867126464844,SAN BERNARDINO,SAN BERNARDINO,-117.27870178222656,34.14595031738281
90587783,2017,2017-11-06,9860,2017-09-08,1510,021675,NA,5,2,5,3609,0,1,1,NA,2,102,I-10 E/B,RIVERSIDE AVE,1820,W,N,A,-,Y,NA,NA,10,NA,NA,NA,NA,NA,E,Y,3,0,1,3,A,-,08,22107,NA,F,B,C,A,A,H,-,A,D,0,NA,NA,NA,Y,Y,NA,F,25,0,1,0,0,0,0,0,0,0,-,-,34.06833,-117.37654,SAN BERNARDINO,RIALTO,-117.37654245,34.06841819
90588273,2017,2017-11-06,9855,2017-10-29,2040,020564,NA,7,2,6,3604,0,1,1,NA,2,153,I-15 S/B (ONTARIO FWY),SIERRA AVE.,500,S,N,A,-,Y,NA,NA,15,NA,NA,NA,NA,NA,S,Y,3,0,1,2,A,-,01,23152,A,N,C,E,A,A,H,-,C,D,0,NA,NA,NA,NA,Y,Y,A,01,0,1,0,0,0,0,0,0,0,-,-,34.18067,-117.43851,SAN BERNARDINO,FONTANA,-117.43835572,34.18048767
90589460,2017,2017-11-07,9860,2017-11-02,1742,016651,NA,4,2,6,3610,0,1,1,NA,2,216,I-215 S/B,LITTLE LEAGUE DR,3390,N,N,A,-,Y,NA,NA,215,NA,NA,NA,NA,NA,S,Y,4,0,1,2,A,-,08,22107,NA,N,B,C,A,A,H,-,A,D,0,NA,NA,NA,Y,Y,NA,A,01,0,0,1,0,0,0,0,0,0,-,-,34.20535,-117.38023,SAN BERNARDINO,SAN BERNARDINO,-117.38023417,34.20534483
90594132,2017,2017-11-14,9865,2017-11-03,2245,021139,NA,5,3,9,3600,0,1,3,NA,2,015,SR-189,GRASS VALLEY RD,342,E,N,A,-,Y,NA,NA,189,NA,NA,NA,NA,NA,NA,Y,2,0,2,2,A,-,08,22107,NA,N,A,C,A,A,H,-,D,D,0,NA,NA,NA,NA,Y,Y,A,01,1,0,1,0,0,0,0,0,0,-,-,34.23899,-117.21989,SAN BERNARDINO,UNINCORPORATED,-117.21990977,34.23896832
90594297,2017,2017-11-14,9855,2017-11-06,0603,013860,NA,1,1,9,3600,0,1,3,NA,1,011,VALLEY BLVD.,CALABASH AVE.,862,W,N,B,-,N,NA,NA,NA,NA,NA,NA,NA,NA,NA,Y,3,0,2,2,A,-,17,21658,NA,N,B,C,A,A,H,-,A,D,0,NA,NA,NA,Y,Y,NA,G,25,0,2,0,0,0,0,0,0,0,-,-,34.0702,-117.5048,SAN BERNARDINO,UNINCORPORATED,-117.50472827,34.07012729
90599152,2017,2017-11-21,9835,2017-11-09,2349,015354,NA,4,3,9,3600,0,1,1,NA,2,074,INTERSTATE 15 SOUTHBOUND,WEST BAKER BLVD.,2059,S,N,A,-,Y,NA,NA,15,NA,NA,NA,NA,NA,S,Y,3,0,1,1,A,-,01,23152,NA,N,F,A,A,A,H,-,C,D,0,NA,NA,NA,NA,Y,Y,A,07,0,1,0,0,0,0,0,0,0,-,-,35.2522,-116.0901,SAN BERNARDINO,UNINCORPORATED,-116.09015894,35.25226263
90600804,2017,2017-11-22,9860,2017-11-14,1445,016658,NA,2,2,4,3640,0,1,1,NA,2,106,I-10 E/B TO COUNTY LINE RD,COUNTY LINE RD,50,W,N,A,-,Y,NA,NA,10,NA,NA,NA,R,NA,E,N,4,0,1,2,A,-,03,22350,NA,N,C,C,A,A,H,-,A,A,0,NA,NA,NA,NA,Y,NA,D,22,0,0,1,0,0,0,0,0,0,-,-,34.00379,-117.06573,SAN BERNARDINO,YUCAIPA,-117.06573,34.00379
90684063,2018,2018-03-19,9860,2018-03-17,0350,016590,NA,6,3,9,3600,0,3,5,NA,2,002,RIVERSIDE AVE.,COUNTRY CLUB DR.,0,NA,Y,B,C,N,NA,NA,NA,NA,NA,NA,NA,NA,NA,Y,4,0,1,2,A,-,12,21453,A,N,A,C,A,B,H,-,C,A,0,NA,NA,NA,NA,Y,Y,A,01,0,0,1,0,0,0,0,0,0,-,-,34.145938873291016,-117.38178253173828,SAN BERNARDINO,UNINCORPORATED,-117.38211822509766,34.14590072631836
90606329,2017,2017-11-30,9860,2017-11-21,2345,019419,NA,2,3,9,3600,0,3,5,NA,2,002,STATE ST,MALORY ST,472,N,N,A,-,N,NA,NA,NA,NA,NA,NA,NA,NA,NA,Y,4,0,1,2,A,-,09,21802,A,N,D,C,A,A,H,-,C,D,0,NA,NA,NA,NA,Y,NA,A,01,0,0,1,0,0,0,0,0,0,-,-,34.14464,-117.3355,SAN BERNARDINO,UNINCORPORATED,-117.33547,34.14458313
90610347,2017,2017-12-05,9835,2017-11-26,2125,021113,NA,7,2,9,3600,0,3,5,NA,2,039,BAKER BLVD,PARK AVE,83,W,N,A,-,N,NA,NA,NA,NA,NA,NA,NA,NA,NA,Y,4,0,1,2,A,-,03,22350,NA,N,C,C,A,A,H,-,D,D,0,NA,NA,NA,NA,Y,NA,A,07,0,0,1,0,0,0,0,0,0,-,-,35.27279,-116.0632,SAN BERNARDINO,UNINCORPORATED,-116.06330172,35.27276411
90613587,2017,2017-12-11,9850,2017-12-02,1340,021343,NA,6,1,9,3600,0,3,5,NA,2,002,RANCHERO RD,MESA LINDA RD,0,NA,Y,A,-,N,NA,NA,NA,NA,NA,NA,NA,NA,NA,Y,3,0,1,1,A,-,08,22107,NA,N,F,A,A,A,H,-,A,D,0,NA,NA,Y,NA,Y,NA,C,02,0,1,0,0,0,0,0,0,1,-,-,34.38314,-117.39017,SAN BERNARDINO,UNINCORPORATED,-117.39021003,34.38311005
90662007,2018,2018-02-15,9860,2018-02-06,0532,013665,NA,2,3,6,3610,0,1,1,NA,2,202,SR-210 E/B,I-215,28,E,N,A,-,Y,NA,NA,210,NA,NA,NA,NA,NA,E,Y,3,0,1,2,A,-,03,22350,NA,N,C,C,A,A,C,-,D,D,0,NA,NA,NA,Y,Y,NA,G,25,0,1,0,0,0,0,0,0,0,-,-,34.14453125,-117.31896209716795,SAN BERNARDINO,SAN BERNARDINO,-117.31896209716795,34.144535064697266
90617585,2017,2017-12-14,9855,2017-10-14,1147,016220,NA,6,1,9,3600,0,2,4,NA,1,012,ARROW ROUTE,ALMOND AVENUE,0,NA,Y,A,-,N,NA,NA,NA,NA,NA,NA,NA,NA,NA,Y,1,1,0,4,A,-,09,21802,A,N,D,C,A,A,H,-,A,A,0,NA,NA,Y,NA,Y,NA,A,01,0,0,0,0,0,0,0,1,0,-,-,34.0993,-117.49337,SAN BERNARDINO,UNINCORPORATED,-117.49317011,34.09928001
90621958,2017,2017-12-20,9860,2017-12-10,1625,013665,NA,7,2,5,3609,0,1,1,NA,2,201,SR-210 E/B,RIVERSIDE AVE,2746,E,N,A,-,Y,NA,NA,210,NA,NA,NA,NA,NA,E,Y,3,0,1,1,A,-,07,21658,A,N,F,A,A,A,H,-,B,D,0,NA,NA,NA,NA,Y,NA,D,22,0,1,0,0,0,0,0,0,0,-,-,34.13574,-117.35995,SAN BERNARDINO,RIALTO,-117.35994194,34.13577499
90633683,2017,2018-01-05,9870,2017-12-26,1455,016935,NA,2,2,9,3600,0,2,4,NA,2,032,ALTA LOMA DRIVE,SUNNYHILL ROAD,60,W,N,B,-,N,NA,NA,NA,NA,NA,NA,NA,NA,NA,Y,4,0,2,3,A,-,04,21703,NA,N,C,C,A,A,H,-,A,D,0,NA,NA,NA,NA,Y,NA,A,01,0,0,2,0,0,0,0,0,0,-,-,34.12037,-116.32825,SAN BERNARDINO,UNINCORPORATED,-116.32846739,34.1204409
90676001,2018,2018-03-06,9850,2018-02-25,2310,015860,NA,7,3,5,3612,0,1,1,NA,2,083,I-15 N/B,BEAR VALLEY RD,1901,N,N,A,-,Y,NA,NA,15,NA,NA,NA,NA,NA,N,Y,3,0,3,2,A,-,07,21658,A,F,E,I,A,A,H,-,D,D,0,NA,NA,NA,NA,Y,NA,A,01,0,1,2,0,0,0,0,0,0,-,-,34.4757194519043,-117.34174346923828,SAN BERNARDINO,VICTORVILLE,-117.3418426513672,34.475799560546875
90698777,2018,2018-04-04,9865,2018-03-30,1742,020725,NA,5,2,9,3600,0,1,3,NA,1,030,SR-18,GLORY RIDGE ROAD,1056,S,N,A,-,Y,NA,NA,18,NA,NA,NA,NA,NA,NA,Y,3,0,1,2,A,-,05,21460,A,N,A,C,A,A,H,-,A,D,0,NA,NA,NA,NA,Y,NA,A,07,0,1,0,0,0,0,0,0,0,-,-,34.25019836425781,-117.01409912109376,SAN BERNARDINO,UNINCORPORATED,-117.01409149169922,34.25019454956055
90701715,2018,2018-04-09,9860,2018-04-05,0825,018275,NA,4,1,6,3610,0,1,1,NA,2,214,I-215 N/B,3RD STREET,528,S,N,A,-,Y,NA,NA,215,NA,NA,NA,NA,NA,N,Y,3,0,2,4,A,-,07,21658,A,F,B,C,A,A,H,-,A,D,0,NA,NA,NA,NA,Y,NA,-,99,0,2,0,0,0,0,0,0,0,-,-,34.10451126098633,-117.30196380615234,SAN BERNARDINO,SAN BERNARDINO,-117.3019561767578,34.10451126098633
90703585,2018,2018-04-11,9870,2018-04-02,1300,021924,NA,1,1,9,3600,0,3,5,NA,2,003,COYOTE DRY LAKE BED,BROADWAY,150,N,N,A,-,N,NA,NA,NA,NA,NA,NA,NA,NA,NA,N,2,0,1,1,A,-,03,38305,NA,N,F,A,A,A,H,-,A,D,0,NA,NA,Y,NA,Y,NA,C,02,1,0,0,0,0,0,0,0,1,-,-,34.16460037231445,-116.21676635742188,SAN BERNARDINO,UNINCORPORATED,NA,NA
90705434,2018,2018-04-16,9860,2018-04-13,0220,021030,NA,5,3,9,3600,0,1,1,NA,2,151,I-15 S/B,CLEGHORN RD,5280,S,N,A,-,Y,NA,NA,NA,NA,NA,NA,NA,NA,NA,Y,2,0,1,1,A,-,08,22107,NA,N,F,I,A,A,H,-,D,D,0,NA,NA,NA,NA,Y,NA,A,01,1,0,0,0,0,0,0,0,0,-,-,34.27341079711914,-117.45075225830078,SAN BERNARDINO,UNINCORPORATED,NA,NA
90634305,2018,2018-01-05,9855,2018-01-04,1736,017808,NA,4,2,6,3607,0,1,3,NA,2,601,SR-60 E/B (POMONA FWY),GROVE AVE.,1320,E,N,A,-,Y,NA,NA,60,NA,NA,NA,NA,NA,E,N,4,0,1,2,A,-,03,22350,NA,F,C,C,A,A,H,-,D,D,0,NA,NA,NA,NA,Y,NA,-,99,0,0,1,0,0,0,0,0,0,-,-,34.030399322509766,-117.62238311767578,SAN BERNARDINO,ONTARIO,-117.62238311767578,34.030399322509766
9070891,2020,2020-05-15,3601,2020-02-06,0902,C42,BARST,4,5,3,3601,0,0,0,NA,0,PATROL,EAST MAIN ST,YUCCA AV,800,W,N,A,-,N,NA,NA,NA,NA,NA,NA,NA,NA,NA,N,3,0,1,2,A,-,11,21954,A,N,G,B,D,A,H,-,A,A,0,Y,NA,NA,NA,Y,NA,N,60,0,1,0,0,1,0,0,0,0,-,-,NA,NA,SAN BERNARDINO,BARSTOW,-117.00931549072266,34.897525787353516
90637028,2018,2018-01-10,9870,2018-01-03,1730,019593,NA,3,2,9,3600,0,3,5,NA,2,003,SUNSET ROAD,ROCKY VISTA STREET,62,N,N,A,-,N,NA,NA,NA,NA,NA,NA,NA,NA,NA,Y,3,0,2,3,A,-,01,23152,A,N,C,C,A,A,H,-,D,D,0,NA,NA,NA,NA,Y,Y,A,01,0,1,1,0,0,0,0,0,0,-,-,34.134368896484375,-116.3172607421875,SAN BERNARDINO,UNINCORPORATED,-116.31731414794922,34.1342887878418
90710779,2018,2018-04-23,9855,2018-04-16,1120,012923,NA,1,1,6,3616,0,1,1,NA,2,201,SR-210 W/B TO I-15 S/B,SR-210 E/B,345,S,N,A,-,Y,NA,NA,NA,NA,NA,NA,NA,NA,NA,Y,3,0,1,1,A,-,08,22107,NA,N,F,I,A,A,H,-,A,D,0,NA,NA,NA,NA,Y,NA,A,01,0,1,0,0,0,0,0,0,0,-,-,34.13270950317383,-117.5014190673828,SAN BERNARDINO,RANCHO CUCAMONGA,NA,NA
90638232,2018,2018-09-28,9860,2018-01-09,0525,014829,NA,2,3,9,3600,0,1,1,NA,2,151,I-15 N/B,GLEN HELEN PKY,3168,S,N,C,-,Y,NA,NA,15,NA,NA,NA,NA,NA,N,Y,3,0,2,2,A,-,03,22350,NA,N,A,E,A,B,H,-,D,D,0,NA,NA,NA,NA,Y,NA,A,01,0,1,1,0,0,0,0,0,0,-,-,34.19424819946289,-117.42044830322266,SAN BERNARDINO,UNINCORPORATED,-117.42037200927734,34.19417190551758
90638251,2018,2018-01-11,9855,2018-01-01,0407,020659,NA,1,3,6,3607,0,1,3,NA,2,601,SR-60 W/B TO GROVE AVE.,GROVE AVE.,880,E,N,A,-,Y,NA,NA,60,NA,NA,NA,R,NA,W,Y,3,0,1,2,A,-,03,22350,NA,N,C,C,A,A,H,-,C,D,0,NA,NA,NA,NA,Y,NA,A,01,0,1,0,0,0,0,0,0,0,-,-,34.03084182739258,-117.62542724609376,SAN BERNARDINO,ONTARIO,-117.62542724609376,34.03084182739258
90656793,2018,2018-02-07,9855,2018-01-29,1719,016051,NA,1,2,5,3602,0,1,3,NA,2,603,SR-60 E/B (POMONA FWY),RAMONA AVE.,42,W,N,A,-,Y,NA,NA,60,NA,NA,NA,NA,NA,E,Y,3,0,1,2,A,-,07,21658,A,N,F,A,A,A,H,-,B,D,0,NA,NA,Y,NA,Y,NA,A,01,0,1,0,0,0,0,0,0,1,-,-,34.03009033203125,-117.70709991455078,SAN BERNARDINO,CHINO,-117.70709991455078,34.030059814453125
90660580,2018,2018-02-13,9850,2018-02-02,0813,018211,NA,5,1,9,3600,0,2,4,NA,2,066,PHELAN RD.,CLOVIS RD,0,NA,Y,A,-,N,NA,NA,NA,NA,NA,NA,NA,NA,NA,Y,3,0,2,2,A,-,09,21802,A,N,D,C,A,A,H,-,A,D,0,NA,NA,NA,NA,Y,NA,A,07,0,1,1,0,0,0,0,0,0,-,-,34.42626953125,-117.57479858398438,SAN BERNARDINO,UNINCORPORATED,-117.5747299194336,34.42631912231445