CASE_ID,ACCIDENT_YEAR,PROC_DATE,JURIS,COLLISION_DATE,COLLISION_TIME,OFFICER_ID,REPORTING_DISTRICT,DAY_OF_WEEK,CHP_SHIFT,POPULATION,CNTY_CITY_LOC,SPECIAL_COND,BEAT_TYPE,CHP_BEAT_TYPE,CITY_DIVISION_LAPD,CHP_BEAT_CLASS,BEAT_NUMBER,PRIMARY_RD,SECONDARY_RD,DISTANCE,DIRECTION,INTERSECTION,WEATHER_1,WEATHER_2,STATE_HWY_IND,CALTRANS_COUNTY,CALTRANS_DISTRICT,STATE_ROUTE,ROUTE_SUFFIX,POSTMILE_PREFIX,POSTMILE,LOCATION_TYPE,RAMP_INTERSECTION,SIDE_OF_HWY,TOW_AWAY,COLLISION_SEVERITY,NUMBER_KILLED,NUMBER_INJURED,PARTY_COUNT,PRIMARY_COLL_FACTOR,PCF_CODE_OF_VIOL,PCF_VIOL_CATEGORY,PCF_VIOLATION,PCF_VIOL_SUBSECTION,HIT_AND_RUN,TYPE_OF_COLLISION,MVIW,PED_ACTION,ROAD_SURFACE,ROAD_COND_1,ROAD_COND_2,LIGHTING,CONTROL_DEVICE,CHP_ROAD_TYPE,PEDESTRIAN_ACCIDENT,BICYCLE_ACCIDENT,MOTORCYCLE_ACCIDENT,TRUCK_ACCIDENT,NOT_PRIVATE_PROPERTY,ALCOHOL_INVOLVED,STWD_VEHTYPE_AT_FAULT,CHP_VEHTYPE_AT_FAULT,COUNT_SEVERE_INJ,COUNT_VISIBLE_INJ,COUNT_COMPLAINT_PAIN,COUNT_PED_KILLED,COUNT_PED_INJURED,COUNT_BICYCLIST_KILLED,COUNT_BICYCLIST_INJURED,COUNT_MC_KILLED,COUNT_MC_INJURED,PRIMARY_RAMP,SECONDARY_RAMP,LATITUDE,LONGITUDE,COUNTY,CITY,POINT_X,POINT_Y
91756849,2022,2022-04-26,9860,2022-03-22,1900,019062,NA,2,2,4,3603,0,1,1,NA,2,103,I-10 E/B,MOUNT VERNON AVE,72,W,N,A,-,Y,SBD,NA,10,NA,R,23.232,H,NA,R,N,4,0,1,2,A,-,07,21658,A,M,B,C,A,A,H,-,A,D,0,NA,NA,NA,NA,Y,NA,-,99,0,0,1,0,0,0,0,0,0,-,-,34.06475067138672,-117.3139190673828,SAN BERNARDINO,COLTON,-117.31391143798828,34.0648307800293
91757223,2022,2022-04-26,9855,2022-04-15,1710,021156,NA,5,2,6,3607,0,1,1,NA,2,103,I-10 EASTBOUND FROM EUCLID AVE.,EUCLID AVE.,500,E,N,A,-,Y,NA,NA,NA,NA,NA,NA,NA,NA,NA,Y,4,0,1,1,A,-,08,22107,NA,N,E,I,A,A,D,-,A,D,0,NA,NA,NA,NA,Y,NA,D,22,0,0,1,0,0,0,0,0,0,-,-,34.08700942993164,-117.65048980712892,SAN BERNARDINO,ONTARIO,-117.65048980712892,34.08700942993164
91757443,2022,2022-04-27,9855,2022-04-20,0815,016375,NA,3,1,6,3607,0,1,1,NA,2,103,I-10 W/B (SAN BERNARDINO FWY),VINEYARD AVE.,1056,W,N,B,-,Y,SBD,NA,10,NA,NA,5.892,H,NA,L,N,4,0,1,2,A,-,07,21658,A,N,B,D,A,A,D,-,A,D,0,NA,NA,NA,Y,Y,NA,-,-,0,0,1,0,0,0,0,0,0,-,-,34.072410583496094,-117.61408233642578,SAN BERNARDINO,ONTARIO,-117.61407470703124,34.072418212890625
91763402,2022,2022-05-03,9865,2022-04-19,1652,021840,NA,2,2,9,3600,0,2,4,NA,2,013,LAKE GREGORY DR,NESTAL CT,40,N,N,A,-,N,NA,NA,NA,NA,NA,NA,NA,NA,NA,N,4,0,3,2,A,-,01,23152,A,M,C,C,A,A,H,-,A,D,0,NA,NA,NA,NA,Y,Y,D,22,0,0,3,0,0,0,0,0,0,-,-,34.23413848876953,-117.26448822021484,SAN BERNARDINO,UNINCORPORATED,-117.26461029052734,34.23423767089844
91767449,2022,2022-05-09,9855,2022-04-29,1805,018313,NA,5,2,6,3604,0,1,1,NA,2,101,I-10 E/B (SAN BERNARDINO FWY),ETIWANDA AVE,2500,E,N,A,-,Y,SBD,NA,10,NA,NA,12.256,H,NA,R,Y,3,0,1,3,A,-,03,22350,NA,N,B,C,A,A,H,-,A,D,0,NA,NA,Y,NA,Y,NA,C,02,0,1,0,0,0,0,0,0,1,-,-,34.06547927856445,-117.50470733642578,SAN BERNARDINO,FONTANA,-117.50470733642578,34.06551742553711
91767685,2022,2022-05-09,9850,2022-04-30,1017,017730,NA,6,1,9,3600,0,1,3,NA,2,060,STATE ROUTE 138,OASIS ROAD,740,W,N,A,-,Y,SBD,NA,138,NA,NA,1.107,H,NA,R,N,4,0,2,3,A,-,03,22350,NA,N,C,C,A,A,H,-,A,A,0,NA,NA,NA,NA,Y,NA,D,22,0,0,2,0,0,0,0,0,0,-,-,34.44142150878906,-117.64421081542967,SAN BERNARDINO,UNINCORPORATED,-117.64418792724608,34.44144058227539
91768372,2022,2022-05-10,9855,2022-04-28,1652,015919,NA,4,2,6,3616,0,1,1,NA,2,203,SR-210 E/B (FOOTHILL FWY),ARCHIBALD AVENUE,500,E,N,A,-,Y,SBD,NA,210,NA,NA,6.058,H,NA,R,Y,4,0,1,2,A,-,01,23152,F,M,B,C,A,A,H,-,A,D,0,NA,NA,NA,NA,Y,NA,A,01,0,0,1,0,0,0,0,0,0,-,-,34.135108947753906,-117.59078216552734,SAN BERNARDINO,RANCHO CUCAMONGA,-117.59078216552734,34.13512420654297
91774108,2022,2022-05-17,9835,2022-05-06,2051,022649,NA,5,2,3,3601,0,1,1,NA,2,070,I-15 N/B,MURIEL DRIVE,54,S,N,A,-,Y,SBD,NA,15,NA,NA,74.221,H,NA,R,N,4,0,1,2,A,-,07,21658,A,N,B,C,A,A,H,-,C,D,0,NA,NA,NA,NA,Y,NA,A,07,0,0,1,0,0,0,0,0,0,-,-,34.886070251464844,-117.01074981689452,SAN BERNARDINO,BARSTOW,-117.01073455810548,34.88595962524414
91783015,2022,2022-05-27,9860,2022-05-18,0610,016536,NA,3,1,9,3600,0,1,3,NA,1,382,SR-38,BRYANT ST.,0,NA,Y,E,-,Y,SBD,NA,38,NA,NA,8.527,H,NA,R,Y,3,0,1,1,A,-,03,22350,NA,N,E,I,A,A,H,-,D,A,0,NA,NA,NA,NA,Y,NA,A,01,0,1,0,0,0,0,0,0,0,-,-,34.0783805847168,-117.04888153076172,SAN BERNARDINO,UNINCORPORATED,-117.0488510131836,34.078338623046875
91785930,2022,2022-06-01,9850,2022-05-22,1305,019278,NA,7,1,9,3600,0,2,4,NA,2,056,JOHNSON RD,DUNCAN RD,0,NA,Y,A,-,N,NA,NA,NA,NA,NA,NA,NA,NA,NA,N,4,0,1,2,A,-,09,21802,B,N,D,C,A,A,H,-,A,A,0,NA,NA,NA,NA,Y,NA,D,22,0,0,1,0,0,0,0,0,0,-,-,34.46992874145508,-117.55520629882813,SAN BERNARDINO,UNINCORPORATED,-117.55517578125,34.46993637084961
91786248,2022,2022-06-01,9860,2022-05-22,1955,021363,NA,7,2,4,3603,0,1,1,NA,2,214,I-215 S/B,IOWA AVE,1500,N,N,A,-,Y,SBD,NA,215,NA,NA,0.72,H,NA,L,Y,4,0,1,2,A,-,08,22107,NA,N,B,2,A,A,H,-,C,D,0,NA,NA,NA,NA,Y,NA,A,01,0,0,1,0,0,0,0,0,0,-,-,34.02769088745117,-117.33203887939452,SAN BERNARDINO,COLTON,-117.33206939697266,34.0277099609375
9178866,2020,2020-11-16,3600,2020-09-18,1903,D3983,RC020,5,5,6,3616,0,0,0,NA,0,RC5,CHURCH ST,SPRUCE AV,0,NA,Y,A,-,N,NA,NA,NA,NA,NA,NA,NA,NA,NA,Y,3,0,2,2,A,-,12,21453,A,N,D,C,A,A,H,-,B,A,0,NA,NA,NA,NA,Y,NA,A,07,0,1,1,0,0,0,0,0,0,-,-,NA,NA,SAN BERNARDINO,RANCHO CUCAMONGA,-117.56665802001952,34.10927963256836
91792921,2022,2022-06-10,9855,2022-05-30,2035,021156,NA,1,2,6,3607,0,1,1,NA,2,103,I-10 W/B (SAN BERNARDINO FWY),EUCLID AVE.,800,E,N,A,-,Y,SBD,NA,10,NA,NA,3.561,H,NA,L,N,4,0,1,1,A,-,03,22350,NA,N,F,A,A,A,D,-,C,D,0,NA,NA,Y,NA,Y,NA,C,02,0,0,1,0,0,0,0,0,1,-,-,34.087589263916016,-117.64951324462892,SAN BERNARDINO,ONTARIO,-117.64949798583984,34.087406158447266
91792930,2022,2022-06-10,9850,2022-06-01,1000,020648,NA,3,1,9,3600,0,3,5,NA,2,003,DEEP CREEK ROAD,WITCH'S MOUNTAIN ROAD,28,S,N,A,-,N,NA,NA,NA,NA,NA,NA,NA,NA,NA,N,3,0,1,2,A,-,06,21760,B,F,B,G,A,A,H,-,A,D,0,NA,Y,NA,NA,Y,NA,-,99,0,1,0,0,0,0,1,0,0,-,-,34.407470703125,-117.22469329833984,SAN BERNARDINO,UNINCORPORATED,NA,NA
91792989,2021,2022-06-10,9860,2021-10-30,1238,017098,NA,6,1,9,3600,0,1,3,NA,1,010,STATE ROUTE 138,LITTLE HORSETHIEF CANYON ROAD,176,W,N,A,-,Y,NA,NA,138,NA,NA,NA,NA,NA,NA,Y,1,1,1,3,A,-,03,22350,NA,N,C,C,A,A,H,-,A,D,0,NA,NA,Y,NA,Y,NA,C,02,1,0,0,0,0,0,0,1,1,-,-,34.3244514465332,-117.40869140625,SAN BERNARDINO,UNINCORPORATED,-117.40869140625,34.324440002441406
91797360,2022,2022-06-17,9860,2022-06-08,0055,021980,NA,3,3,5,3608,0,1,1,NA,2,152,I-10 W/B TO SR-210 W/B,NEW YORK ST,175,W,N,A,-,Y,SBD,NA,10,NA,NA,30.064,H,NA,L,Y,4,0,1,2,A,-,03,22350,NA,N,C,C,A,A,H,-,D,D,0,NA,NA,NA,Y,Y,NA,A,01,0,0,1,0,0,0,0,0,0,-,-,34.06364059448242,-117.19640350341795,SAN BERNARDINO,REDLANDS,-117.19658660888672,34.063419342041016
91798024,2022,2022-06-20,9860,2022-06-11,1350,022583,NA,6,1,9,3600,0,1,1,NA,2,151,I-15 N/B,GLEN HELEN RD.,1056,N,N,A,-,Y,SBD,NA,15,NA,NA,15.868,H,NA,R,Y,3,0,3,2,A,-,08,22107,NA,N,E,8,A,A,H,-,A,D,0,NA,NA,NA,NA,Y,NA,A,01,0,2,1,0,0,0,0,0,0,-,-,34.217899322509766,-117.41089630126952,SAN BERNARDINO,UNINCORPORATED,-117.41078948974608,34.2178840637207
9179869,2020,2020-11-18,3611,2020-08-06,1314,2297,3611,4,5,5,3611,0,0,0,NA,0,001,FOOTHILL BL,SAN ANTONIO AV,150,E,N,A,-,N,NA,NA,NA,NA,NA,NA,NA,NA,NA,NA,4,0,3,2,A,-,03,22350,NA,N,C,C,A,A,H,-,A,A,0,NA,NA,NA,NA,Y,NA,J,48,0,0,3,0,0,0,0,0,0,-,-,NA,NA,SAN BERNARDINO,UPLAND,-117.66029357910156,34.10697937011719
91803047,2022,2022-06-24,9835,2022-06-19,1540,021824,NA,7,2,9,3600,0,1,1,NA,2,076,I-15 SB,CIMA ROAD,19378,N,N,A,-,Y,SBD,NA,15,NA,NA,166.605,H,NA,L,N,4,0,1,2,A,-,03,22350,NA,N,C,C,A,A,H,-,A,D,0,NA,NA,NA,NA,Y,NA,A,01,0,0,1,0,0,0,0,0,0,-,-,35.4663200378418,-115.61174774169922,SAN BERNARDINO,UNINCORPORATED,-115.61171722412108,35.46625900268555
91803952,2022,2022-06-27,9855,2022-06-18,1950,018313,NA,6,2,6,3616,0,1,1,NA,2,201,SR-210 W/B (FOOTHILL FWY),DAY CREEK BLVD,3500,E,N,A,-,Y,SBD,NA,210,NA,NA,10.054,H,NA,L,Y,3,0,1,2,A,-,07,21658,A,N,B,C,A,A,H,-,A,D,0,NA,NA,NA,NA,Y,NA,A,01,0,1,0,0,0,0,0,0,0,-,-,34.13656997680664,-117.52113342285156,SAN BERNARDINO,RANCHO CUCAMONGA,-117.52113342285156,34.13650131225586
91813725,2022,2022-07-11,9860,2022-07-02,0957,022931,NA,6,1,6,3610,0,1,1,NA,2,103,I-10 W/B TO I-215,WATERMAN AVE,2640,W,N,A,-,Y,SBD,NA,10,NA,NA,24.767,H,NA,L,N,4,0,2,2,A,-,03,22350,NA,N,C,C,A,A,H,-,A,D,0,NA,NA,NA,NA,Y,NA,D,22,0,0,2,0,0,0,0,0,0,-,-,34.06393814086914,-117.28759765625,SAN BERNARDINO,SAN BERNARDINO,-117.28758239746094,34.06375503540039
91813727,2022,2022-07-11,9860,2022-07-03,1035,019495,NA,7,1,9,3600,0,1,3,NA,1,382,STATE ROUTE 38,OLD MILL CREEK RD,4224,E,N,A,-,Y,SBD,NA,38,NA,R,13.302,H,NA,R,Y,2,0,1,1,A,-,08,22107,NA,N,E,I,A,A,H,-,A,D,0,NA,NA,NA,NA,Y,NA,A,07,1,0,0,0,0,0,0,0,0,-,-,34.09878158569336,-116.98127746582033,SAN BERNARDINO,UNINCORPORATED,-116.98125457763672,34.09892272949219
91813888,2022,2022-07-11,9860,2022-07-01,1910,020346,NA,5,2,4,3640,0,1,1,NA,2,106,I-10 E/B,YUCAIPA BLVD,1000,E,N,A,-,Y,SBD,NA,10,NA,NA,35.841,H,NA,R,Y,4,0,1,2,A,-,08,22107,NA,N,B,C,A,A,H,-,A,D,0,NA,NA,NA,NA,Y,NA,A,01,0,0,1,0,0,0,0,0,0,-,-,34.02484130859375,-117.11392211914063,SAN BERNARDINO,YUCAIPA,-117.11391448974608,34.02486038208008
91815359,2022,2022-07-12,9834,2022-07-02,1400,020488,NA,6,2,9,3600,0,1,3,NA,1,062,RT 62,US-95,21120,W,N,A,-,Y,SBD,NA,62,NA,NA,121.248,H,NA,R,Y,2,0,2,1,A,-,08,22107,NA,N,E,I,A,A,H,-,A,D,0,NA,NA,NA,NA,Y,NA,-,-,2,0,0,0,0,0,0,0,0,-,-,34.152809143066406,-114.63744354248048,SAN BERNARDINO,UNINCORPORATED,-114.63734436035156,34.1527214050293
91817514,2022,2022-07-14,9855,2022-07-01,1543,022865,NA,5,2,6,3616,0,1,1,NA,2,153,I-15 N/B (ONTARIO FWY),SR-210 (FOOTHILL FWY),1750,S,N,A,-,Y,SBD,NA,15,NA,NA,7.876,H,NA,R,Y,4,0,2,4,A,-,03,22350,NA,N,B,C,A,A,H,-,A,D,0,NA,NA,Y,NA,Y,NA,C,02,0,0,2,0,0,0,0,0,2,-,-,34.13248825073242,-117.50018310546876,SAN BERNARDINO,RANCHO CUCAMONGA,-117.50022888183594,34.13252639770508
9182038,2020,2020-11-13,3603,2020-09-25,0708,4916,CPD,5,5,4,3603,0,0,0,NA,0,002,FAIRVIEW AV,COLTON AV,0,NA,Y,A,-,N,NA,NA,NA,NA,NA,NA,NA,NA,NA,N,4,0,1,2,A,-,10,21950,A,M,G,B,B,A,H,-,A,A,0,Y,NA,NA,NA,Y,NA,-,99,0,0,1,0,1,0,0,0,0,-,-,34.0767707824707,-117.31017303466795,SAN BERNARDINO,COLTON,-117.31014251708984,34.07672119140625
91820444,2022,2022-07-19,9855,2022-07-07,1317,019675,NA,4,1,6,3607,0,1,3,NA,2,601,SR-60 E/B FROM VINEYARD AVENUE,VINEYARD AVENUE,1190,E,N,A,-,Y,SBD,NA,60,NA,R,7.098,H,NA,R,Y,3,0,1,1,A,-,08,22107,NA,N,E,I,A,A,H,-,A,D,0,NA,NA,NA,NA,Y,NA,A,01,0,1,0,0,0,0,0,0,0,-,-,34.03028106689453,-117.60698699951172,SAN BERNARDINO,ONTARIO,-117.60699462890624,34.030517578125
91823971,2022,2022-07-25,9855,2022-07-14,1715,022021,NA,4,2,5,3602,0,1,3,NA,2,603,SR-60 E/B (POMONA FWY),PIPELINE AVE,55,E,N,A,-,Y,SBD,NA,60,NA,R,0.88,H,NA,R,Y,3,0,2,2,A,-,03,22350,NA,N,C,C,A,A,H,-,A,D,0,NA,NA,NA,NA,Y,NA,D,22,0,1,1,0,0,0,0,0,0,-,-,34.029170989990234,-117.71527099609376,SAN BERNARDINO,CHINO,-117.71525573730467,34.02913284301758
91825945,2022,2022-07-27,9870,2022-07-23,1550,019709,NA,6,2,9,3600,0,3,5,NA,2,003,INDIAN TRAIL,CANYON ROAD,20,W,N,A,-,N,NA,NA,NA,NA,NA,NA,NA,NA,NA,N,3,0,2,2,A,-,09,21801,A,N,D,C,A,A,H,-,A,D,0,NA,NA,NA,NA,Y,NA,D,22,0,2,0,0,0,0,0,0,0,-,-,34.186180114746094,-116.12393188476563,SAN BERNARDINO,UNINCORPORATED,-116.12437438964844,34.18613815307617
91827001,2022,2022-07-28,9855,2022-07-21,0720,019675,NA,4,1,5,3602,0,1,3,NA,2,603,SR-60 W/B (POMONA FWY),BENSON AVENUE,300,W,N,A,-,Y,SBD,NA,60,NA,R,2.801,H,NA,L,Y,4,0,2,3,A,-,03,22350,NA,N,C,C,A,A,H,-,A,D,0,NA,NA,NA,NA,Y,NA,A,01,0,0,2,0,0,0,0,0,0,-,-,34.03038024902344,-117.6818618774414,SAN BERNARDINO,CHINO,-117.6818618774414,34.03044128417969
91832464,2022,2022-08-03,9855,2022-03-09,0250,020963,NA,3,3,6,3604,0,3,5,NA,2,001,BANANA AVENUE,WHITTRAM AVE,30,N,N,A,-,N,NA,NA,NA,NA,NA,NA,NA,NA,NA,Y,2,0,2,1,A,-,01,23152,F,N,E,I,A,A,H,-,C,D,0,NA,NA,NA,NA,Y,NA,A,01,1,1,0,0,0,0,0,0,0,-,-,34.095680236816406,-117.49784088134766,SAN BERNARDINO,FONTANA,-117.49746704101563,34.0956916809082
91835354,2022,2022-08-08,9855,2022-07-31,0650,019675,NA,7,1,9,3600,0,3,5,NA,2,001,CHERRY AVENUE,MANZANITA DRIVE,100,N,N,B,-,N,NA,NA,NA,NA,NA,NA,NA,NA,NA,Y,4,0,1,3,A,-,03,22350,NA,N,C,C,A,A,H,-,A,D,0,NA,NA,NA,NA,Y,NA,A,01,0,0,1,0,0,0,0,0,0,-,-,34.08049011230469,-117.489013671875,SAN BERNARDINO,UNINCORPORATED,-117.48889923095705,34.08040237426758
91840251,2022,2022-08-15,9860,2022-08-08,0650,016575,NA,1,1,6,3610,0,1,1,NA,2,214,I-215 S/B,ORANGE SHOW ROAD,50,N,N,A,-,Y,SBD,NA,215,NA,NA,5.045,H,NA,L,Y,4,0,3,4,A,-,07,21658,A,N,B,C,A,A,H,-,A,D,0,NA,NA,NA,Y,Y,NA,F,25,0,0,3,0,0,0,0,0,0,-,-,34.07828903198242,-117.29669952392578,SAN BERNARDINO,SAN BERNARDINO,-117.2966766357422,34.07830047607422
91842632,2022,2022-08-17,9855,2022-04-25,1525,018335,NA,1,2,6,3607,0,1,3,NA,2,601,SR-60 W/B (POMONA FWY),VINEYARD AVE.,1000,E,N,A,-,Y,SBD,NA,60,NA,R,7.231,H,NA,L,N,4,0,1,2,A,-,03,22350,NA,N,C,C,A,A,H,-,A,D,0,NA,NA,NA,NA,Y,NA,A,01,0,0,1,0,0,0,0,0,0,-,-,34.03065872192383,-117.60472106933594,SAN BERNARDINO,ONTARIO,-117.60472106933594,34.03067398071289
91843475,2022,2022-08-18,9850,2022-08-10,0708,017377,NA,3,1,9,3600,0,3,5,NA,2,006,LONE PINE CANYON ROAD,JUNIPER DRIVE,0,NA,Y,A,-,N,NA,NA,NA,NA,NA,NA,NA,NA,NA,Y,4,0,1,2,A,-,09,21802,A,N,D,C,A,A,H,-,A,A,0,NA,NA,Y,NA,Y,NA,C,02,0,0,1,0,0,0,0,0,1,-,-,34.34981155395508,-117.61636352539063,SAN BERNARDINO,UNINCORPORATED,-117.61637115478516,34.349769592285156
91843529,2022,2022-08-18,9850,2022-08-10,1340,020572,NA,3,1,9,3600,0,1,3,NA,2,060,SR-138 W/B,OIL WELL RD,260,W,N,A,-,Y,SBD,NA,138,NA,NA,7.646,H,NA,L,N,3,0,1,2,A,-,03,22350,NA,N,C,C,A,A,H,-,A,D,0,NA,NA,NA,Y,Y,NA,-,-,0,1,0,0,0,0,0,0,0,-,-,34.38090896606445,-117.56495666503906,SAN BERNARDINO,UNINCORPORATED,-117.56500244140624,34.380855560302734
9184604,2020,2021-02-16,3604,2020-11-03,1358,1356,NA,2,5,6,3604,0,0,0,NA,0,NA,SIERRA,ASH,37,S,N,A,-,N,NA,NA,NA,NA,NA,NA,NA,NA,NA,Y,3,0,1,2,A,-,08,22107,NA,N,B,C,A,A,H,-,A,D,0,NA,NA,NA,NA,Y,NA,A,01,0,1,0,0,0,0,0,0,0,-,-,NA,NA,SAN BERNARDINO,FONTANA,-117.43563079833984,34.05869674682617
91846407,2022,2022-08-23,9860,2022-08-22,0911,017098,NA,1,1,9,3600,0,1,1,NA,2,152,I-15 S/B,SANTA FE ROAD,2000,N,N,A,-,Y,SBD,NA,15,NA,R,24.289,H,NA,L,N,4,0,1,2,A,-,03,22350,NA,N,C,C,A,A,H,-,A,D,0,NA,NA,NA,NA,Y,NA,A,01,0,0,1,0,0,0,0,0,0,-,-,34.34783172607422,-117.47277069091795,SAN BERNARDINO,UNINCORPORATED,-117.47276306152344,34.34790802001953
91846467,2022,2022-08-23,9855,2022-08-12,0645,017781,NA,5,1,4,3605,0,1,1,NA,2,103,I-10 E/B (SAN BERNARDINO FWY),MONTE VISTA AVE.,1950,W,N,A,-,Y,SBD,NA,10,NA,NA,0.312,H,NA,R,Y,4,0,2,3,A,-,03,22350,NA,F,C,C,A,A,D,-,A,D,0,NA,NA,NA,NA,Y,NA,A,01,0,0,2,0,0,0,0,0,0,-,-,34.08169174194336,-117.70481872558594,SAN BERNARDINO,MONTCLAIR,-117.70481872558594,34.08174133300781
91847979,2022,2022-08-24,9850,2022-08-16,1810,021675,NA,2,2,9,3600,0,3,5,NA,2,005,DUNCAN RD,CORTON ST,0,NA,Y,A,-,N,NA,NA,NA,NA,NA,NA,NA,NA,NA,Y,3,0,1,2,A,-,05,21752,D,N,D,C,A,A,H,-,A,D,0,NA,NA,NA,NA,Y,NA,A,01,0,1,0,0,0,0,0,0,0,-,-,34.46984100341797,-117.59471130371094,SAN BERNARDINO,UNINCORPORATED,-117.59471130371094,34.46985626220703
91850354,2022,2022-08-26,9860,2022-08-03,0230,020856,NA,3,3,9,3600,0,1,1,NA,2,152,I-15 SOUTHBOUND,SR-138,3168,S,N,A,-,Y,SBD,NA,15,NA,R,20.672,H,NA,L,Y,3,0,2,2,A,-,03,22350,NA,F,C,C,A,A,H,-,C,D,0,NA,NA,NA,NA,Y,NA,A,01,0,1,1,0,0,0,0,0,0,-,-,34.304969787597656,-117.46595764160156,SAN BERNARDINO,UNINCORPORATED,-117.46599578857422,34.304908752441406
9185362,2020,2020-12-04,3600,2020-09-26,1502,F5189,VC048,6,5,5,3612,0,0,0,NA,0,VC6,VILLAGE DR,CALGO DR,384,S,N,A,-,N,NA,NA,NA,NA,NA,NA,NA,NA,NA,N,3,0,1,3,A,-,07,21658,A,M,B,C,A,A,H,-,A,D,0,NA,NA,Y,NA,Y,NA,A,01,0,1,0,0,0,0,0,0,1,-,-,NA,NA,SAN BERNARDINO,VICTORVILLE,-117.31625366210938,34.53205108642578
91855194,2022,2022-09-01,9855,2022-05-01,1155,016375,NA,7,1,9,3600,0,3,5,NA,2,004,CENTRAL AVENUE  N/B (11100 BLOCK),HOWARD STREET,110,S,N,A,-,N,NA,NA,NA,NA,NA,NA,NA,NA,NA,Y,1,1,1,5,A,-,06,21755,A,N,B,C,E,A,H,-,A,D,0,Y,NA,NA,NA,Y,NA,A,01,0,1,0,0,1,0,0,0,0,-,-,34.0518798828125,-117.68934631347656,SAN BERNARDINO,UNINCORPORATED,-117.68951416015624,34.051910400390625
91857645,2022,2022-09-06,9865,2022-08-20,1400,021392,NA,6,2,9,3600,0,3,5,NA,2,001,BISHORN DR.,CROWN DR,78,S,N,A,-,N,NA,NA,NA,NA,NA,NA,NA,NA,NA,N,2,0,1,1,A,-,13,22515,A,N,G,A,A,A,H,-,A,D,0,NA,NA,NA,NA,Y,NA,D,22,1,0,0,0,0,0,0,0,0,-,-,34.263980865478516,-117.21096801757813,SAN BERNARDINO,UNINCORPORATED,-117.21092224121094,34.263999938964844
91858665,2022,2022-09-07,9850,2022-08-28,0520,019278,NA,7,3,9,3600,0,1,3,NA,2,060,SR-138 E/B,SHEEP CREEK RD,1394,E,N,A,-,Y,SBD,NA,138,NA,NA,6.124,H,NA,R,Y,4,0,2,2,A,-,05,21460,NA,N,A,C,A,A,H,-,C,D,0,NA,NA,NA,NA,Y,NA,A,07,0,0,2,0,0,0,0,0,0,-,-,34.3975715637207,-117.58042144775392,SAN BERNARDINO,UNINCORPORATED,-117.58046722412108,34.3975715637207
91858686,2022,2022-09-07,9850,2022-08-25,0820,017377,NA,4,1,9,3600,0,2,4,NA,2,066,PHELAN ROAD,SHASTA ROAD,0,NA,Y,A,-,N,NA,NA,NA,NA,NA,NA,NA,NA,NA,Y,2,0,1,3,A,-,03,22350,NA,N,C,C,A,A,H,-,A,D,0,NA,NA,NA,NA,Y,NA,D,22,1,0,0,0,0,0,0,0,0,-,-,34.42652893066406,-117.48171997070313,SAN BERNARDINO,UNINCORPORATED,-117.48175811767578,34.42654037475586
91860148,2022,2022-09-08,9860,2022-08-30,0845,019429,NA,2,1,4,3603,0,1,1,NA,2,103,I-10 W/B,PEPPER AVE,2112,E,N,A,-,Y,SBD,NA,10,NA,R,21.379,H,NA,L,Y,3,0,1,2,A,-,07,21658,A,N,B,2,A,A,H,-,A,D,0,NA,NA,Y,NA,Y,NA,A,01,0,1,0,0,0,0,0,0,1,-,-,34.06880187988281,-117.34575653076172,SAN BERNARDINO,COLTON,-117.34575653076172,34.06884002685547
91866816,2022,2022-09-16,9855,2022-09-06,1010,021543,NA,2,1,9,3600,0,3,5,NA,2,004,CENTRAL AVE (10700 BLOCK),MISSION BLVD,1056,N,N,A,-,N,NA,NA,NA,NA,NA,NA,NA,NA,NA,N,3,0,1,1,A,-,08,22107,NA,N,F,J,A,A,H,-,A,D,0,NA,Y,NA,NA,Y,NA,L,04,0,1,0,0,0,0,1,0,0,-,-,34.05863952636719,-117.689697265625,SAN BERNARDINO,UNINCORPORATED,-117.68960571289063,34.05868911743164
9186760,2020,2021-01-27,3604,2020-11-04,1212,473,NA,3,5,6,3604,0,0,0,NA,0,NA,BEECH AV,VILLAGE DR,40,N,N,A,-,N,NA,NA,NA,NA,NA,NA,NA,NA,NA,Y,4,0,1,2,A,-,03,22350,NA,N,C,C,A,A,H,-,A,A,0,NA,NA,NA,NA,Y,NA,A,01,0,0,1,0,0,0,0,0,0,-,-,NA,NA,SAN BERNARDINO,FONTANA,-117.47136688232422,34.04243087768555