CASE_ID,ACCIDENT_YEAR,PROC_DATE,JURIS,COLLISION_DATE,COLLISION_TIME,OFFICER_ID,REPORTING_DISTRICT,DAY_OF_WEEK,CHP_SHIFT,POPULATION,CNTY_CITY_LOC,SPECIAL_COND,BEAT_TYPE,CHP_BEAT_TYPE,CITY_DIVISION_LAPD,CHP_BEAT_CLASS,BEAT_NUMBER,PRIMARY_RD,SECONDARY_RD,DISTANCE,DIRECTION,INTERSECTION,WEATHER_1,WEATHER_2,STATE_HWY_IND,CALTRANS_COUNTY,CALTRANS_DISTRICT,STATE_ROUTE,ROUTE_SUFFIX,POSTMILE_PREFIX,POSTMILE,LOCATION_TYPE,RAMP_INTERSECTION,SIDE_OF_HWY,TOW_AWAY,COLLISION_SEVERITY,NUMBER_KILLED,NUMBER_INJURED,PARTY_COUNT,PRIMARY_COLL_FACTOR,PCF_CODE_OF_VIOL,PCF_VIOL_CATEGORY,PCF_VIOLATION,PCF_VIOL_SUBSECTION,HIT_AND_RUN,TYPE_OF_COLLISION,MVIW,PED_ACTION,ROAD_SURFACE,ROAD_COND_1,ROAD_COND_2,LIGHTING,CONTROL_DEVICE,CHP_ROAD_TYPE,PEDESTRIAN_ACCIDENT,BICYCLE_ACCIDENT,MOTORCYCLE_ACCIDENT,TRUCK_ACCIDENT,NOT_PRIVATE_PROPERTY,ALCOHOL_INVOLVED,STWD_VEHTYPE_AT_FAULT,CHP_VEHTYPE_AT_FAULT,COUNT_SEVERE_INJ,COUNT_VISIBLE_INJ,COUNT_COMPLAINT_PAIN,COUNT_PED_KILLED,COUNT_PED_INJURED,COUNT_BICYCLIST_KILLED,COUNT_BICYCLIST_INJURED,COUNT_MC_KILLED,COUNT_MC_INJURED,PRIMARY_RAMP,SECONDARY_RAMP,LATITUDE,LONGITUDE,COUNTY,CITY,POINT_X,POINT_Y
9227955,2021,2021-04-07,3600,2021-03-04,2014,G5408,AP025,4,5,5,3621,0,0,0,NA,0,AP3,BEAR VALLEY RD,WESTMONT DR,0,NA,Y,A,-,N,NA,NA,NA,NA,NA,NA,NA,NA,NA,Y,4,0,2,2,A,-,03,22350,NA,F,C,C,A,A,H,-,C,A,0,NA,NA,NA,NA,Y,NA,D,22,0,0,2,0,0,0,0,0,0,-,-,NA,NA,SAN BERNARDINO,APPLE VALLEY,-117.24237823486328,34.47105407714844
92279773,2024,2024-01-04,9860,2024-01-03,832,014963,NA,3,1,4,3603,0,1,1,NA,2,102,I-10 E/B,PEPPER AVE,3010,W,N,B,C,Y,SBD,NA,10,NA,NA,20.385,H,NA,R,Y,4,0,1,3,A,-,08,22107,NA,N,C,C,A,B,H,-,A,D,0,NA,NA,NA,Y,Y,NA,A,01,0,0,1,0,0,0,0,0,0,-,-,34.068721771240234,-117.36309814453124,SAN BERNARDINO,COLTON,-117.36309814453124,34.06874084472656
9228028,2021,2021-03-25,3611,2021-01-19,1622,2297,3611,2,5,5,3611,0,0,0,NA,0,003,14TH ST,CAMPUS AV,40,W,N,B,G,N,NA,NA,NA,NA,NA,NA,NA,NA,NA,Y,4,0,1,2,A,-,03,22350,NA,N,C,C,A,A,H,-,A,A,0,NA,NA,NA,NA,Y,NA,A,01,0,0,1,0,0,0,0,0,0,-,-,NA,NA,SAN BERNARDINO,UPLAND,-117.64168548583984,34.11429977416992
92280593,2023,2024-01-05,9855,2023-12-29,110,021233,NA,5,3,6,3616,0,1,1,NA,2,203,SR-210 E/B (FOOTHILL FWY),ARCHIBALD AVENUE,1300,E,N,A,-,Y,SBD,NA,210,NA,NA,6.156,H,NA,R,Y,3,0,1,2,A,-,01,23152,A,N,C,C,A,A,H,-,D,D,0,NA,NA,NA,Y,Y,Y,A,01,0,1,0,0,0,0,0,0,0,-,-,34.13518142700195,-117.58907318115234,SAN BERNARDINO,RANCHO CUCAMONGA,-117.58908081054688,34.13524627685547
92281545,2023,2024-01-08,9850,2023-12-27,2040,021342,NA,3,2,9,3600,0,3,5,NA,2,003,OFF-HIGHWAY,DEL ORO RD,700,N,N,A,-,N,NA,NA,NA,NA,NA,NA,NA,NA,NA,N,2,0,1,1,A,-,03,38305,NA,N,F,A,A,A,H,-,D,D,0,NA,NA,NA,NA,Y,Y,A,42,1,0,0,0,0,0,0,0,0,-,-,34.45915985107422,-117.16075134277344,SAN BERNARDINO,UNINCORPORATED,NA,NA
92288526,2024,2024-01-17,9850,2024-01-09,1355,021562,NA,2,1,9,3600,0,3,5,NA,2,004,BOWEN RANCH RD,ROUNDUP WAY,0,NA,Y,A,-,N,NA,NA,NA,NA,NA,NA,NA,NA,NA,Y,2,0,1,2,A,-,09,21802,A,N,D,C,A,A,H,-,A,A,0,NA,NA,NA,NA,Y,NA,D,22,1,0,0,0,0,0,0,0,0,-,-,34.421180725097656,-117.13150024414063,SAN BERNARDINO,UNINCORPORATED,-117.13153076171876,34.42118453979492
92290023,2024,2024-01-18,9860,2024-01-11,1734,020282,NA,4,2,6,3610,0,1,1,NA,2,214,I-215 N/B,RIALTO AVE,568,S,N,A,-,Y,SBD,NA,215,NA,NA,6.496,H,NA,R,Y,4,0,2,3,A,-,03,22350,NA,N,C,C,A,A,H,-,C,D,0,NA,NA,NA,NA,Y,NA,D,22,0,0,2,0,0,0,0,0,0,-,-,34.09817886352539,-117.30165100097656,SAN BERNARDINO,SAN BERNARDINO,-117.30175018310548,34.098182678222656
92293114,2024,2024-01-22,9860,2024-01-20,2335,022843,NA,6,3,4,3618,0,1,1,NA,2,203,SR-210 E/B,SR-330,2640,W,N,B,C,Y,SBD,NA,210,NA,R,28.263,H,NA,R,Y,2,0,2,2,A,-,01,23152,A,N,C,C,A,B,H,-,C,D,0,NA,NA,NA,NA,Y,Y,A,01,2,0,0,0,0,0,0,0,0,-,-,34.13175964355469,-117.21114349365234,SAN BERNARDINO,HIGHLAND,-117.21114349365234,34.13174819946289
92294916,2024,2024-01-23,9850,2024-01-14,205,023055,NA,7,3,5,3619,0,1,1,NA,2,082,I-15 N/B,JOSHUA ST,30,N,N,A,-,Y,SBD,NA,15,NA,NA,32.331,H,NA,R,N,4,0,1,1,A,-,08,22107,NA,N,E,I,A,A,D,-,D,D,0,NA,NA,NA,NA,Y,NA,A,01,0,0,1,0,0,0,0,0,0,-,-,34.4062385559082,-117.39614868164063,SAN BERNARDINO,HESPERIA,-117.39622497558594,34.406280517578125
92296848,2023,2024-01-25,9850,2023-12-29,1700,021384,NA,5,2,9,3600,0,2,4,NA,2,053,EL MIRAGE RD,SHEEP CREEK RD,0,NA,Y,A,-,N,NA,NA,NA,NA,NA,NA,NA,NA,NA,Y,2,0,2,2,A,-,08,22107,NA,N,A,C,A,A,H,-,D,D,0,NA,NA,NA,NA,Y,NA,A,01,1,0,1,0,0,0,0,0,0,-,-,34.601951599121094,-117.57827758789063,SAN BERNARDINO,UNINCORPORATED,-117.5784149169922,34.601966857910156
92297068,2024,2024-01-25,9855,2024-01-20,1207,021156,NA,6,1,5,3611,0,1,1,NA,2,103,I-10 W/B (SAN BERNARDINO FWY),EUCLID AVE.,10,E,N,B,C,Y,SBD,NA,10,NA,NA,3.489,H,NA,L,N,4,0,1,2,A,-,08,22107,NA,N,E,I,A,B,D,-,A,D,0,NA,NA,NA,NA,Y,NA,A,07,0,0,1,0,0,0,0,0,0,-,-,34.08755111694336,-117.65074920654295,SAN BERNARDINO,UPLAND,-117.65074920654295,34.08742141723633
92299636,2024,2024-01-29,9870,2024-01-21,1810,019709,NA,7,2,9,3600,0,1,3,NA,1,041,SR-62 (TWENTYNINE PALMS HWY.),IRONAGE ROAD,34320,E,N,A,-,Y,SBD,NA,62,NA,NA,60.763,H,NA,R,N,4,0,1,1,A,-,08,22107,NA,N,F,A,A,A,H,-,D,D,0,NA,NA,NA,NA,Y,NA,E,22,0,0,1,0,0,0,0,0,0,-,-,34.09115982055664,-115.58586883544922,SAN BERNARDINO,UNINCORPORATED,-115.58589935302734,34.09110641479492
92301710,2024,2024-01-31,9865,2024-01-24,2050,021392,NA,3,2,9,3600,0,1,3,NA,2,012,SR-18 S/B,MILEPOST MARKER 21.6,20,N,N,E,-,Y,SBD,NA,18,NA,NA,21.766,H,NA,L,Y,4,0,1,1,A,-,08,22107,NA,N,F,I,A,A,H,-,D,D,0,NA,NA,NA,NA,Y,NA,D,22,0,0,1,0,0,0,0,0,0,-,-,34.22726058959961,-117.24128723144533,SAN BERNARDINO,UNINCORPORATED,-117.24124908447266,34.22727966308594
92302917,2024,2024-02-01,9860,2024-01-29,1120,019495,NA,1,1,9,3600,0,3,5,NA,2,004,MANZANITA DR,CEDAR AVE,0,NA,Y,A,-,N,NA,NA,NA,NA,NA,NA,NA,NA,NA,N,3,0,2,2,A,-,09,21802,A,N,D,C,A,A,H,-,A,A,0,NA,NA,NA,NA,Y,NA,A,07,0,1,1,0,0,0,0,0,0,-,-,34.0796012878418,-117.39652252197266,SAN BERNARDINO,UNINCORPORATED,-117.39649200439452,34.0795783996582
92305184,2024,2024-02-05,9855,2024-01-26,1625,022261,NA,5,2,6,3607,0,1,3,NA,2,601,"SR-60 W/B, FROM VINEYARD AVE.",VINEYARD AVE.,800,W,N,A,-,Y,SBD,NA,60,NA,R,6.705,H,NA,L,N,4,0,1,2,A,-,03,22350,NA,N,C,C,A,A,H,-,A,A,0,NA,NA,NA,NA,Y,NA,A,01,0,0,1,0,0,0,0,0,0,-,-,34.03086853027344,-117.61392211914063,SAN BERNARDINO,ONTARIO,-117.61392211914063,34.030616760253906
92310373,2024,2024-02-09,9850,2024-02-02,745,021639,NA,5,1,9,3600,0,1,3,NA,2,062,WRIGHT MOUNTAIN RD,SR-2,1000,S,N,A,-,N,NA,NA,NA,NA,NA,NA,NA,NA,NA,Y,4,0,1,1,A,-,03,22350,NA,N,F,A,A,C,H,-,A,D,0,NA,NA,NA,NA,Y,NA,A,07,0,0,1,0,0,0,0,0,0,-,-,34.35599136352539,-117.60965728759766,SAN BERNARDINO,UNINCORPORATED,-117.60923004150392,34.35624313354492
92312652,2024,2024-02-13,9865,2024-02-05,1540,017407,NA,1,2,9,3600,0,1,3,NA,2,031,STATE ROUTE 38,BEAR LOOP,8,E,N,D,-,Y,SBD,NA,38,NA,NA,51.384,H,NA,R,Y,4,0,1,1,A,-,03,22350,NA,N,F,A,A,C,H,-,A,D,0,NA,NA,NA,NA,Y,NA,A,07,0,0,1,0,0,0,0,0,0,-,-,34.26436996459961,-116.8768310546875,SAN BERNARDINO,UNINCORPORATED,-116.87680816650392,34.26430892944336
92313013,2024,2024-02-13,9865,2024-02-07,935,016913,NA,3,1,9,3600,0,1,3,NA,1,030,SR18 N/B,LAKEVIEW POINT,5808,N,N,D,-,Y,SBD,NA,18,NA,NA,40.08,H,NA,R,Y,3,0,1,2,A,-,17,21662,A,N,A,C,A,C,E,-,A,D,0,NA,NA,NA,NA,Y,NA,A,07,0,1,0,0,0,0,0,0,0,-,-,34.24325942993164,-117.02850341796876,SAN BERNARDINO,UNINCORPORATED,-117.02851104736328,34.24330520629883
92316972,2024,2024-02-19,9860,2024-02-17,1330,020002,NA,6,1,9,3600,0,2,4,NA,2,066,CAJON BLVD,SWARTHOUT CANYON RD,0,NA,Y,A,-,N,NA,NA,NA,NA,NA,NA,NA,NA,NA,N,4,0,1,2,A,-,03,22350,NA,N,C,C,A,A,H,-,A,D,0,NA,NA,NA,NA,Y,NA,D,22,0,0,1,0,0,0,0,0,0,-,-,34.27524185180664,-117.45134735107422,SAN BERNARDINO,UNINCORPORATED,-117.4514389038086,34.27532958984375
92317990,2024,2024-02-20,9855,2024-02-12,1228,023010,NA,1,1,6,3607,0,1,1,NA,2,152,I-15 S/B (ONTARIO FWY),JURUPA ST.,150,S,N,A,-,Y,SBD,NA,15,NA,NA,0.975,H,NA,L,N,3,0,1,4,A,-,03,22350,NA,N,C,C,A,A,H,-,A,D,0,NA,NA,NA,Y,Y,NA,G,27,0,1,0,0,0,0,0,0,0,-,-,34.04756164550781,-117.55033111572266,SAN BERNARDINO,ONTARIO,-117.55022430419922,34.04754638671875
92318199,2024,2024-02-20,9834,2024-02-19,1420,013633,NA,1,2,2,3606,0,1,1,NA,2,046,INTERSTATE 40 (WESTBOUND),J STREET,1584,E,N,A,-,Y,SBD,NA,40,NA,R,142.742,H,NA,R,Y,4,0,4,2,A,-,08,22107,NA,N,B,C,A,A,H,-,A,D,0,NA,NA,NA,Y,Y,NA,G,25,0,0,4,0,0,0,0,0,0,-,-,34.83502960205078,-114.60829925537108,SAN BERNARDINO,NEEDLES,-114.60848236083984,34.83488082885742
92324270,2024,2024-02-27,9850,2024-02-17,1200,020817,NA,6,1,5,3612,0,1,1,NA,2,083,I-15 N/B,D ST,3168,S,N,A,-,Y,SBD,NA,15,NA,NA,42.863,H,NA,R,Y,4,0,1,2,A,-,17,23114,A,M,E,J,A,A,H,-,A,D,0,NA,NA,NA,NA,Y,NA,D,22,0,0,1,0,0,0,0,0,0,-,-,34.53990173339844,-117.30933380126952,SAN BERNARDINO,VICTORVILLE,-117.3093032836914,34.53988265991211
92325398,2024,2024-02-28,9870,2024-02-22,1035,021128,NA,4,1,9,3600,0,3,5,NA,2,001,SENILIS AVE,HESS BLVD,0,NA,Y,A,-,N,NA,NA,NA,NA,NA,NA,NA,NA,NA,Y,4,0,1,2,A,-,12,22450,A,N,D,C,A,A,H,-,A,A,0,NA,NA,NA,NA,Y,NA,A,07,0,0,1,0,0,0,0,0,0,-,-,34.04697036743164,-116.58531951904295,SAN BERNARDINO,UNINCORPORATED,-116.5852508544922,34.04694747924805
92332600,2024,2024-03-07,9850,2024-02-29,1815,022734,NA,4,2,9,3600,0,2,4,NA,2,057,SHEEP CREEK RD,RANCHO RD,686,S,N,A,-,N,NA,NA,NA,NA,NA,NA,NA,NA,NA,Y,3,0,1,1,A,-,08,22107,NA,N,F,I,A,A,H,-,D,D,0,NA,NA,NA,NA,Y,NA,A,01,0,1,0,0,0,0,0,0,0,-,-,34.55617904663086,-117.57785034179688,SAN BERNARDINO,UNINCORPORATED,-117.57795715332033,34.556190490722656
92333509,2023,2024-03-08,9860,2023-07-29,934,019495,NA,6,1,9,3600,0,1,3,NA,1,380,STATE ROUTE 38 (MILL CREEK ROAD),GARNET STREET,42,E,N,A,-,Y,SBD,NA,38,NA,NA,5.385,H,NA,R,N,1,1,1,3,A,-,05,21460,A,N,A,G,A,A,H,-,A,A,0,NA,Y,NA,NA,Y,NA,A,07,0,1,0,0,0,1,1,0,0,-,-,34.0714111328125,-117.09934997558594,SAN BERNARDINO,UNINCORPORATED,-117.09934997558594,34.071407318115234
9233757,2021,2021-04-13,3604,2021-02-21,0101,769,NA,7,5,6,3604,0,0,0,NA,0,004,CHERRY AV,MULBERRY AV,0,NA,Y,A,-,N,NA,NA,NA,NA,NA,NA,NA,NA,NA,Y,3,0,1,1,A,-,01,23152,A,N,E,I,A,A,H,-,C,A,0,NA,NA,NA,NA,Y,Y,A,01,0,1,0,0,0,0,0,0,0,-,-,NA,NA,SAN BERNARDINO,FONTANA,-117.50697326660156,34.03547286987305
92340607,2024,2024-03-18,9850,2024-03-07,1710,023055,NA,4,2,5,3619,0,3,5,NA,2,002,ARROWHEAD LAKE RD,WHITEHAVEN ST,950,S,N,B,-,N,NA,NA,NA,NA,NA,NA,NA,NA,NA,N,2,0,1,1,A,-,03,22350,NA,N,F,A,A,A,H,-,A,D,0,NA,NA,Y,NA,Y,NA,C,02,1,0,0,0,0,0,0,0,1,-,-,34.367591857910156,-117.24832153320313,SAN BERNARDINO,HESPERIA,-117.24839782714844,34.36760711669922
9234076,2021,2021-03-25,3604,2021-02-23,0542,1086,NA,2,5,6,3604,0,0,0,NA,0,003,CHERRY AV,VALLEY BL,50,S,N,A,-,N,NA,NA,NA,NA,NA,NA,NA,NA,NA,N,4,0,1,2,A,-,03,22350,NA,N,C,C,A,A,H,-,C,A,0,NA,NA,NA,Y,Y,NA,G,27,0,0,1,0,0,0,0,0,0,-,-,NA,NA,SAN BERNARDINO,FONTANA,-117.48892211914063,34.07007598876953
92343737,2024,2024-03-21,9865,2024-03-02,1545,021892,NA,6,2,9,3600,0,1,3,NA,2,032,RT 18,MPM 42.2,300,N,N,D,-,Y,SBD,NA,18,NA,NA,42.234,H,NA,R,N,3,0,1,4,A,-,03,22350,NA,N,C,C,E,C,H,-,A,D,0,Y,NA,NA,NA,Y,NA,A,07,0,1,0,0,1,0,0,0,0,-,-,34.24966049194336,-117.00273895263672,SAN BERNARDINO,UNINCORPORATED,-117.00279998779295,34.24961853027344
92344686,2023,2024-03-22,9865,2023-11-24,1008,018881,NA,5,1,9,3600,0,1,3,NA,2,011,STATE ROUTE 18,CREST FOREST DRIVE,5280,S,N,B,-,Y,SBD,NA,18,NA,NA,19.443,H,NA,R,Y,1,1,0,1,A,-,08,22107,NA,N,E,I,A,A,H,-,A,D,0,NA,NA,NA,NA,Y,Y,A,01,0,0,0,0,0,0,0,0,0,-,-,34.22312927246094,-117.26827239990234,SAN BERNARDINO,UNINCORPORATED,-117.26823425292967,34.2231559753418
92348549,2024,2024-03-27,9830,2024-03-18,640,022390,NA,1,1,9,3600,0,2,4,NA,1,062,TRONA RD,PINNACLE RD,5808,N,N,A,-,N,NA,NA,NA,NA,NA,NA,NA,NA,NA,Y,3,0,1,2,A,-,08,22107,NA,N,B,C,A,A,H,-,A,D,0,NA,NA,NA,Y,Y,NA,D,22,0,1,0,0,0,0,0,0,0,-,-,35.694091796875,-117.3828125,SAN BERNARDINO,UNINCORPORATED,-117.38369750976563,35.686561584472656
9235527,2021,2021-04-12,3600,2021-02-25,1817,E3370,RC033,4,5,6,3616,0,0,0,NA,0,005,ARCHIBALD AV,BUSINESS CENTER DR,63,S,N,A,-,N,NA,NA,NA,NA,NA,NA,NA,NA,NA,Y,3,0,2,3,A,-,03,22350,NA,N,C,C,A,A,H,-,C,A,0,NA,NA,NA,NA,Y,NA,A,01,0,1,1,0,0,0,0,0,0,-,-,NA,NA,SAN BERNARDINO,RANCHO CUCAMONGA,-117.5934829711914,34.09790802001953
92357633,2024,2024-04-05,9860,2024-03-29,1602,021980,NA,5,2,9,3600,0,1,1,NA,2,152,I-15 N/B,OAK HILL DR,7022,S,N,A,-,Y,SBD,NA,15,NA,R,25.405,H,NA,R,Y,4,0,3,4,A,-,08,22107,NA,F,B,C,A,A,H,-,A,D,0,NA,NA,NA,Y,Y,NA,A,01,0,0,3,0,0,0,0,0,0,-,-,34.34537887573242,-117.44512176513672,SAN BERNARDINO,UNINCORPORATED,-117.4451141357422,34.345375061035156
92361959,2024,2024-04-11,9855,2024-04-03,915,020564,NA,3,1,6,3607,0,1,1,NA,2,103,I-10 W/B (SAN BERNARDINO FWY),ARCHIBALD AVE,500,E,N,A,-,Y,SBD,NA,10,NA,NA,7.267,H,NA,L,N,4,0,1,2,A,-,03,22350,NA,N,C,C,A,A,H,-,A,D,0,NA,NA,NA,Y,Y,NA,G,25,0,0,1,0,0,0,0,0,0,-,-,34.06776809692383,-117.59146881103516,SAN BERNARDINO,ONTARIO,-117.59146881103516,34.0677375793457
92364592,2024,2024-04-15,9855,2024-04-05,1450,021543,NA,5,2,4,3605,0,1,1,NA,2,103,I-10 E/B (SAN BERNARDINO FREEWAY),MONTE VISTA AVE.,1584,W,N,A,-,Y,SBD,NA,10,NA,NA,0.298,H,NA,R,N,3,0,1,2,A,-,03,22350,NA,N,C,C,A,A,D,-,A,D,0,NA,NA,NA,NA,Y,NA,A,07,0,1,0,0,0,0,0,0,0,-,-,34.08171844482422,-117.705078125,SAN BERNARDINO,MONTCLAIR,-117.705078125,34.08174514770508
92366523,2024,2024-04-17,9835,2024-04-13,2216,023106,NA,6,3,9,3600,0,1,1,NA,2,074,I 15 NB,WEST BAKER BLVD,2112,S,N,A,-,Y,NA,NA,NA,NA,NA,NA,NA,NA,NA,Y,3,0,1,1,A,-,08,22107,NA,N,F,A,A,A,H,-,D,D,0,NA,NA,NA,NA,Y,NA,D,22,0,1,0,0,0,0,0,0,0,-,-,35.25286865234375,-116.08847808837892,SAN BERNARDINO,UNINCORPORATED,-117.61991119384766,34.07426452636719
9237122,2020,2021-03-30,3600,2020-10-16,1350,F6913,NA,5,5,6,3616,0,0,0,NA,0,NA,FOOTHILL BL,MILLIKEN AV,0,NA,Y,A,-,N,NA,NA,NA,NA,NA,NA,NA,NA,NA,Y,2,0,1,2,A,-,09,21453,C,N,D,C,A,A,H,-,A,A,0,NA,NA,Y,NA,Y,NA,A,07,1,0,0,0,0,0,0,0,1,-,-,NA,NA,SAN BERNARDINO,RANCHO CUCAMONGA,-117.55711364746094,34.10647964477539
9237132,2020,2021-03-29,3600,2020-12-21,2145,H6894,RC018,1,5,6,3616,0,0,0,NA,0,RC5,FOOTHILL BL,MILLIKEN AV,0,NA,Y,A,-,N,NA,NA,NA,NA,NA,NA,NA,NA,NA,Y,3,0,2,2,A,-,01,23152,A,N,D,C,A,A,H,-,C,A,0,NA,NA,NA,NA,Y,NA,A,01,0,2,0,0,0,0,0,0,0,-,-,NA,NA,SAN BERNARDINO,RANCHO CUCAMONGA,-117.55711364746094,34.10647964477539
9237148,2020,2021-03-17,3600,2020-10-25,0854,F6926,RC028,7,5,6,3616,0,0,0,NA,0,RC2,HERMOSA AV,19TH ST,0,NA,Y,A,-,N,NA,NA,NA,NA,NA,NA,NA,NA,NA,Y,4,0,1,2,A,-,09,21801,A,N,A,C,A,A,H,-,A,A,0,NA,NA,NA,NA,Y,NA,A,01,0,0,1,0,0,0,0,0,0,-,-,NA,NA,SAN BERNARDINO,RANCHO CUCAMONGA,-117.58477783203124,34.13243865966797
92371810,2024,2024-04-22,9865,2024-04-20,1010,018881,NA,6,1,9,3600,0,1,3,NA,1,022,SR-18,DALEY CANYON ACCESS ROAD,0,NA,Y,A,-,Y,SBD,NA,18,NA,NA,23.435,H,NA,R,N,4,0,1,2,A,-,09,21802,A,N,D,C,A,A,H,-,A,A,0,NA,NA,NA,NA,Y,NA,A,01,0,0,1,0,0,0,0,0,0,-,-,34.23086166381836,-117.2148895263672,SAN BERNARDINO,UNINCORPORATED,-117.21495056152344,34.23078918457031
92372021,2024,2024-04-22,9855,2024-04-12,1310,022450,NA,5,1,5,3630,0,1,3,NA,2,071,SR-71 S/B (CHINO FWY),PINE AVENUE,100,S,N,B,-,Y,SBD,NA,71,NA,R,6.539,H,NA,L,Y,4,0,2,4,A,-,03,22350,NA,N,C,C,A,A,H,-,A,D,0,NA,NA,NA,NA,Y,NA,A,01,0,0,2,0,0,0,0,0,0,-,-,33.94746017456055,-117.67446899414063,SAN BERNARDINO,CHINO HILLS,-117.67428588867188,33.94754409790039
92374052,2024,2024-04-24,9860,2024-04-24,510,019419,NA,3,3,9,3600,0,1,1,NA,2,152,I-15 S/B,SR-138,1003,S,N,A,-,Y,SBD,NA,15,NA,R,21.178,H,NA,L,N,4,0,1,2,A,-,03,22350,NA,N,C,C,A,A,H,-,C,D,0,NA,NA,NA,NA,Y,NA,A,01,0,0,1,0,0,0,0,0,0,-,-,34.309730529785156,-117.4727020263672,SAN BERNARDINO,UNINCORPORATED,-117.47264862060548,34.30977249145508
92374206,2024,2024-04-24,9870,2024-04-17,1807,023080,NA,3,2,9,3600,0,1,3,NA,1,031,SR-62 (TWENTYNINE PALMS HWY.),SUNFAIR ROAD,0,NA,Y,A,-,N,NA,NA,NA,NA,NA,NA,NA,NA,NA,Y,3,0,2,3,A,-,09,21801,A,N,D,C,A,A,H,-,A,D,0,NA,NA,NA,NA,Y,NA,A,07,0,2,0,0,0,0,0,0,0,-,-,34.13526153564453,-116.24723052978516,SAN BERNARDINO,UNINCORPORATED,NA,NA
9237602,2021,2021-04-12,3600,2021-02-14,0923,F6913,RC046,7,5,6,3616,0,0,0,NA,0,001,CARNELIAN ST,BANYAN ST,0,NA,Y,A,-,N,NA,NA,NA,NA,NA,NA,NA,NA,NA,Y,4,0,1,2,A,-,09,21801,A,N,A,C,A,A,H,-,A,A,0,NA,NA,NA,NA,Y,NA,A,01,0,0,1,0,0,0,0,0,0,-,-,NA,NA,SAN BERNARDINO,RANCHO CUCAMONGA,-117.61632537841795,34.143741607666016
92378170,2024,2024-04-30,9860,2024-04-22,1745,021638,NA,1,2,6,3610,0,1,1,NA,2,216,I-215 N/B,PALM AVENUE,1150,N,N,A,-,Y,SBD,NA,215,NA,NA,14.331,H,NA,R,N,4,0,2,2,A,-,03,22350,NA,N,C,C,A,A,H,-,A,D,0,NA,NA,NA,NA,Y,NA,A,01,0,0,2,0,0,0,0,0,0,-,-,34.1932487487793,-117.36434936523438,SAN BERNARDINO,SAN BERNARDINO,-117.36431121826172,34.19328689575195
92378218,2024,2024-04-30,9855,2024-04-29,215,022840,NA,1,3,6,3604,0,3,5,NA,2,001,ELM AVENUE (4500 BLOCK),SEQUOIA AVENUE,150,S,N,A,-,N,NA,NA,NA,NA,NA,NA,NA,NA,NA,Y,4,0,2,2,A,-,01,23152,A,N,C,C,A,A,H,-,D,D,0,NA,NA,NA,NA,Y,Y,A,01,0,0,2,0,0,0,0,0,0,-,-,34.081260681152344,-117.46682739257813,SAN BERNARDINO,FONTANA,-117.46680450439452,34.08171081542969
92379554,2024,2024-05-01,9835,2024-04-28,1720,022379,NA,7,2,9,3600,0,1,1,NA,2,074,I-15 N/B,15 SBD 116.00,1584,N,N,A,-,Y,SBD,NA,15,NA,R,116.313,H,NA,R,Y,3,0,1,1,A,-,08,22107,NA,N,F,A,A,A,H,-,A,D,0,NA,NA,NA,NA,Y,NA,A,01,0,1,0,0,0,0,0,0,0,-,-,35.08768081665039,-116.33406829833984,SAN BERNARDINO,UNINCORPORATED,-116.33408355712892,35.08763122558594
92380259,2024,2024-05-02,9860,2024-04-26,2056,023041,NA,5,2,9,3600,0,3,5,NA,2,002,NOLAN ST,CALIFORNIA ST,792,N,N,B,-,N,NA,NA,NA,NA,NA,NA,NA,NA,NA,N,3,0,1,2,A,-,11,21956,A,N,G,B,E,B,H,-,D,D,0,Y,NA,NA,NA,Y,NA,N,60,0,1,0,0,1,0,0,0,0,-,-,34.1505012512207,-117.3327865600586,SAN BERNARDINO,UNINCORPORATED,-117.33272552490234,34.15040969848633
92381251,2024,2024-05-03,9850,2024-05-02,1144,021562,NA,4,1,9,3600,0,1,3,NA,2,052,SR-18,BUTTEMERE RD,0,NA,Y,A,-,Y,SBD,NA,18,NA,NA,106.892,H,NA,R,Y,3,0,2,2,A,-,09,21801,A,N,D,C,A,A,H,-,A,D,0,NA,NA,NA,NA,Y,NA,A,01,0,1,1,0,0,0,0,0,0,-,-,34.50693893432617,-117.5036392211914,SAN BERNARDINO,UNINCORPORATED,-117.5036392211914,34.50697708129883
92383068,2024,2024-05-06,9860,2024-05-02,1550,022843,NA,4,2,9,3600,0,1,1,NA,2,102,I-10 E/B TO CEDAR AVE OFR,CEDAR AVE,528,W,N,A,-,Y,NA,NA,NA,NA,NA,NA,NA,NA,NA,N,4,0,2,2,A,-,03,22350,NA,F,C,C,A,A,D,-,A,A,0,NA,NA,NA,Y,Y,NA,G,25,0,0,2,0,0,0,0,0,0,-,-,34.06789016723633,-117.39836883544922,SAN BERNARDINO,UNINCORPORATED,-117.39984893798828,34.068119049072266