CASE_ID,ACCIDENT_YEAR,PROC_DATE,JURIS,COLLISION_DATE,COLLISION_TIME,OFFICER_ID,REPORTING_DISTRICT,DAY_OF_WEEK,CHP_SHIFT,POPULATION,CNTY_CITY_LOC,SPECIAL_COND,BEAT_TYPE,CHP_BEAT_TYPE,CITY_DIVISION_LAPD,CHP_BEAT_CLASS,BEAT_NUMBER,PRIMARY_RD,SECONDARY_RD,DISTANCE,DIRECTION,INTERSECTION,WEATHER_1,WEATHER_2,STATE_HWY_IND,CALTRANS_COUNTY,CALTRANS_DISTRICT,STATE_ROUTE,ROUTE_SUFFIX,POSTMILE_PREFIX,POSTMILE,LOCATION_TYPE,RAMP_INTERSECTION,SIDE_OF_HWY,TOW_AWAY,COLLISION_SEVERITY,NUMBER_KILLED,NUMBER_INJURED,PARTY_COUNT,PRIMARY_COLL_FACTOR,PCF_CODE_OF_VIOL,PCF_VIOL_CATEGORY,PCF_VIOLATION,PCF_VIOL_SUBSECTION,HIT_AND_RUN,TYPE_OF_COLLISION,MVIW,PED_ACTION,ROAD_SURFACE,ROAD_COND_1,ROAD_COND_2,LIGHTING,CONTROL_DEVICE,CHP_ROAD_TYPE,PEDESTRIAN_ACCIDENT,BICYCLE_ACCIDENT,MOTORCYCLE_ACCIDENT,TRUCK_ACCIDENT,NOT_PRIVATE_PROPERTY,ALCOHOL_INVOLVED,STWD_VEHTYPE_AT_FAULT,CHP_VEHTYPE_AT_FAULT,COUNT_SEVERE_INJ,COUNT_VISIBLE_INJ,COUNT_COMPLAINT_PAIN,COUNT_PED_KILLED,COUNT_PED_INJURED,COUNT_BICYCLIST_KILLED,COUNT_BICYCLIST_INJURED,COUNT_MC_KILLED,COUNT_MC_INJURED,PRIMARY_RAMP,SECONDARY_RAMP,LATITUDE,LONGITUDE,COUNTY,CITY,POINT_X,POINT_Y
94402948,2024,2024-09-20,9850,2024-09-12,405,022591,NA,4,3,5,3612,0,1,1,NA,2,083,I-15 S/B,BEAR VALLEY RD,2000,S,N,A,-,Y,SBD,NA,15,NA,NA,36.213,H,NA,L,Y,4,0,3,2,A,-,08,22107,NA,N,B,C,A,A,D,-,D,D,0,NA,NA,NA,NA,Y,NA,A,01,0,0,3,0,0,0,0,0,0,-,-,34.453548431396484,-117.35929107666016,SAN BERNARDINO,VICTORVILLE,-117.35948944091795,34.45365905761719
94413231,2024,2024-09-30,9850,2024-09-11,1350,023112,NA,3,1,5,3619,0,1,1,NA,2,081,I-15 S/B,OAK HILL DR,5280,N,N,A,-,Y,SBD,NA,15,NA,R,29.675,H,NA,L,Y,2,0,3,3,A,-,03,22350,NA,N,F,C,A,A,D,-,A,D,0,NA,NA,NA,NA,Y,NA,A,07,1,1,1,0,0,0,0,0,0,-,-,34.37443923950195,-117.42223358154295,SAN BERNARDINO,HESPERIA,-117.42241668701172,34.37454605102539
94414587,2024,2024-10-01,9835,2024-07-28,545,022980,NA,7,3,9,3600,0,3,5,NA,2,039,KELBAKER ROAD,BRANNIGAN MINE ROAD,145,S,N,A,-,N,NA,NA,NA,NA,NA,NA,NA,NA,NA,Y,1,1,0,1,A,-,08,22107,NA,N,E,I,A,A,H,-,A,D,0,NA,NA,NA,NA,Y,NA,A,01,0,0,0,0,0,0,0,0,0,-,-,35.25653839111328,-116.05677795410156,SAN BERNARDINO,UNINCORPORATED,-116.05773162841795,35.25661849975586
94414928,2024,2024-10-01,9855,2024-09-20,240,023999,NA,5,3,6,3607,0,1,1,NA,2,101,I-10 W/B (SAN BERNARDINO FWY),HAVEN AVE,310,E,N,A,-,Y,NA,NA,NA,NA,NA,NA,NA,NA,NA,Y,3,0,1,1,A,-,01,23152,A,N,E,J,A,A,D,-,C,D,0,NA,NA,NA,NA,Y,Y,A,01,0,1,0,0,0,0,0,0,0,-,-,34.06789016723633,-117.57467651367188,SAN BERNARDINO,ONTARIO,-117.5749282836914,34.06766891479492
9441771,2022,2022-05-13,3604,2022-04-13,0800,1367,NA,3,5,6,3604,0,0,0,NA,0,NA,EAST YOSEMITE LOOP RD,WEST CONSTITUTION WY,0,NA,Y,A,-,N,NA,NA,NA,NA,NA,NA,NA,NA,NA,Y,4,0,2,2,A,-,12,22450,A,N,D,C,A,A,H,-,A,D,0,NA,NA,NA,NA,Y,NA,A,07,0,0,2,0,0,0,0,0,0,-,-,NA,NA,SAN BERNARDINO,FONTANA,-117.50314331054688,34.11164855957031
9442141,2022,2022-05-18,3610,2022-04-04,2115,51370,NA,1,5,6,3610,0,0,0,NA,0,BAKER,PALM AV,IRVINGTON AV,51,S,N,A,-,N,NA,NA,NA,NA,NA,NA,NA,NA,NA,N,4,0,1,2,A,-,03,22350,NA,N,C,G,A,A,H,-,C,A,0,NA,Y,NA,NA,Y,NA,A,01,0,0,1,0,0,0,1,0,0,-,-,34.1905517578125,-117.34451293945313,SAN BERNARDINO,SAN BERNARDINO,-117.35846710205078,34.19564437866211
94423083,2024,2024-10-08,9850,2024-09-29,1825,019176,NA,7,2,9,3600,0,2,4,NA,2,053,EL MIRAGE RD.,TANNER RD.,800,W,N,A,-,N,NA,NA,NA,NA,NA,NA,NA,NA,NA,N,4,0,1,2,A,-,11,21956,A,F,G,B,E,A,H,-,A,D,0,Y,NA,NA,NA,Y,NA,N,60,0,0,1,0,1,0,0,0,0,-,-,34.60198974609375,-117.59886169433594,SAN BERNARDINO,UNINCORPORATED,-117.59877014160156,34.60200119018555
9442464,2022,2022-05-02,3610,2022-02-28,1605,51104,NA,1,5,6,3610,0,0,0,NA,0,POLICE,W RIALTO AV,RANCHO AV,0,NA,Y,A,-,N,NA,NA,NA,NA,NA,NA,NA,NA,NA,Y,4,0,3,2,A,-,09,21801,A,N,D,C,A,A,H,-,A,A,0,NA,NA,NA,NA,Y,NA,A,07,0,0,3,0,0,0,0,0,0,-,-,34.09968948364258,-117.33299255371094,SAN BERNARDINO,SAN BERNARDINO,-117.33301544189452,34.09967803955078
94425315,2024,2024-10-09,9835,2024-10-06,1639,020976,NA,7,2,9,3600,0,1,1,NA,2,076,I-15 N/B,BAILEY RD,16368,S,N,A,-,Y,SBD,NA,15,NA,NA,168.336,H,NA,R,Y,3,0,3,1,A,-,08,22107,NA,N,E,I,A,A,H,-,A,D,0,NA,NA,NA,NA,Y,NA,A,01,0,3,0,0,0,0,0,0,0,-,-,35.47417068481445,-115.5829620361328,SAN BERNARDINO,UNINCORPORATED,-115.5829620361328,35.47422790527344
94427890,2024,2024-10-11,9860,2024-10-09,309,022539,NA,3,3,6,3610,0,1,1,NA,2,214,I-215 S/B,INLAND CENTER DR,266,N,N,A,-,Y,SBD,NA,215,NA,NA,5.651,H,NA,L,Y,4,0,1,1,A,-,08,22107,NA,N,E,8,A,A,H,-,D,D,0,NA,NA,NA,NA,Y,NA,A,07,0,0,1,0,0,0,0,0,0,-,-,34.08607864379883,-117.30174255371094,SAN BERNARDINO,SAN BERNARDINO,-117.30159759521484,34.086124420166016
94429715,2024,2024-10-14,9860,2024-10-03,2359,022890,NA,4,3,6,3610,0,1,1,NA,2,216,I-215 N/B,PALM AVE,9240,S,N,A,-,Y,SBD,NA,215,NA,NA,12.325,H,NA,R,N,3,0,3,1,A,-,01,23152,A,N,E,I,A,A,H,-,D,D,0,NA,NA,NA,NA,Y,Y,A,01,0,1,2,0,0,0,0,0,0,-,-,34.17253112792969,-117.34017944335938,SAN BERNARDINO,SAN BERNARDINO,-117.3401336669922,34.17255783081055
9442975,2022,2022-05-19,3604,2022-04-03,1102,1186,NA,7,5,6,3604,0,0,0,NA,0,NA,SIERRA AV,SLOVER AV,60,S,N,A,-,N,NA,NA,NA,NA,NA,NA,NA,NA,NA,N,3,0,1,2,A,-,09,21806,A,N,D,C,A,A,H,-,A,A,0,NA,NA,NA,NA,Y,NA,A,01,0,1,0,0,0,0,0,0,0,-,-,NA,NA,SAN BERNARDINO,FONTANA,-117.43572235107422,34.06293487548828
94430216,2024,2024-10-14,9835,2024-10-04,2240,023106,NA,5,3,9,3600,0,1,1,NA,2,074,I 15 NB,ZZYZX RD,6864,S,N,A,-,Y,SBD,NA,15,NA,R,128.82,H,NA,R,Y,3,0,2,1,A,-,08,22107,NA,N,F,J,A,A,H,-,D,D,0,NA,NA,NA,NA,Y,NA,A,01,0,1,1,0,0,0,0,0,0,-,-,35.18706130981445,-116.16177368164063,SAN BERNARDINO,UNINCORPORATED,-116.16180419921876,35.18708419799805
94436475,2024,2024-10-18,9855,2024-10-16,1410,021006,NA,3,2,6,3607,0,1,1,NA,2,101,I-10 W/B TO MILLIKEN AVENUE,MILLIKEN AVENUE,25,E,N,B,-,Y,NA,NA,NA,NA,NA,NA,NA,NA,NA,N,4,0,1,2,A,-,03,22350,NA,N,C,C,A,A,H,-,A,A,0,NA,NA,NA,NA,Y,NA,-,99,0,0,1,0,0,0,0,0,0,-,-,34.06880187988281,-117.55860900878906,SAN BERNARDINO,ONTARIO,-117.55841064453124,34.06755828857422
9443799,2022,2022-05-24,3600,2022-04-21,1157,F8172,HE403,4,5,5,3619,0,0,0,NA,0,HE2,I AV,OLIVE ST,0,NA,Y,A,-,N,NA,NA,NA,NA,NA,NA,NA,NA,NA,Y,4,0,2,2,A,-,09,21802,A,N,D,C,A,A,H,-,A,A,0,NA,NA,NA,NA,Y,NA,A,01,0,0,2,0,0,0,0,0,0,-,-,NA,NA,SAN BERNARDINO,HESPERIA,-117.28382873535156,34.41529846191406
94439426,2024,2024-10-21,9855,2024-10-08,1455,015763,NA,2,2,6,3607,0,1,1,NA,2,103,I-10 E/B (SAN BERNARDINO FWY),GROVE AVENUE,528,W,N,A,-,Y,SBD,NA,10,NA,NA,4.786,H,NA,R,Y,3,0,5,3,A,-,08,22107,NA,N,B,C,A,A,H,-,A,D,0,NA,NA,NA,Y,Y,NA,A,01,0,1,4,0,0,0,0,0,0,-,-,34.081321716308594,-117.63011169433594,SAN BERNARDINO,ONTARIO,-117.63007354736328,34.08136749267578
94442767,2024,2024-10-23,9850,2024-10-16,246,023055,NA,3,3,9,3600,0,1,2,NA,2,054,US-395,MPM 34,10,S,N,A,-,N,NA,NA,NA,NA,NA,NA,NA,NA,NA,Y,4,0,1,3,A,-,03,22350,NA,N,C,C,A,A,H,-,D,D,0,NA,NA,NA,Y,Y,NA,A,01,0,0,1,0,0,0,0,0,0,-,-,34.82674026489258,-117.49584197998048,SAN BERNARDINO,UNINCORPORATED,NA,NA
9444573,2022,2022-06-10,3600,2022-05-16,1508,F8172,HE304,1,5,5,3619,0,0,0,NA,0,HE3,MAIN ST,MOUNTAIN VISTA AV,0,NA,Y,A,-,N,NA,NA,NA,NA,NA,NA,NA,NA,NA,Y,4,0,1,2,D,-,00,NA,NA,N,D,C,A,A,H,-,A,A,0,NA,NA,NA,NA,Y,NA,-,-,0,0,1,0,0,0,0,0,0,-,-,NA,NA,SAN BERNARDINO,HESPERIA,-117.37532806396484,34.42658233642578
94449514,2024,2024-10-29,9835,2024-10-24,350,023936,NA,4,3,9,3600,0,1,1,NA,2,075,NB I-15,HALLORAN SUMMIT RD,2059,S,N,A,-,Y,SBD,NA,15,NA,NA,155.179,H,NA,R,N,3,0,1,2,A,-,03,22350,NA,N,C,C,A,A,H,-,D,D,0,NA,NA,NA,Y,Y,NA,G,25,0,1,0,0,0,0,0,0,0,-,-,35.4007682800293,-115.79786682128906,SAN BERNARDINO,UNINCORPORATED,-115.7978744506836,35.40079116821289
94450316,2024,2024-10-30,9860,2024-10-24,2105,022439,NA,4,2,9,3600,0,2,4,NA,2,411,CEDAR AVE (SOUTHBOUND LANES),4TH ST,30,S,N,A,-,N,NA,NA,NA,NA,NA,NA,NA,NA,NA,N,4,0,1,1,A,-,08,22107,NA,N,E,I,A,A,H,-,D,D,0,NA,NA,NA,NA,Y,NA,A,07,0,0,1,0,0,0,0,0,0,-,-,34.03710174560547,-117.39591217041016,SAN BERNARDINO,UNINCORPORATED,-117.39581298828124,34.03711700439453
94452145,2024,2024-10-31,9835,2024-10-19,339,020150,NA,6,3,9,3600,0,1,1,NA,2,047,I-40 E/B,40-SBD-65.00,60,W,N,G,-,Y,SBD,NA,40,NA,R,65.036,H,NA,R,Y,3,0,2,1,A,-,08,22107,NA,N,F,I,A,A,H,-,D,C,0,NA,NA,NA,Y,Y,NA,G,25,0,2,0,0,0,0,0,0,0,-,-,34.729408264160156,-115.90544891357422,SAN BERNARDINO,UNINCORPORATED,-115.9054718017578,34.72948455810547
9445499,2022,2022-06-13,3600,2022-05-16,1314,F6893,CH009,1,5,5,3630,0,0,0,NA,0,CH2,CHINO HILLS PKWY,FROST AV,0,NA,Y,A,-,Y,SBD,8,142,-,R,4.14,H,-,W,Y,3,0,2,2,A,-,01,23153,A,F,D,C,A,A,H,-,A,D,0,NA,NA,NA,NA,Y,Y,A,01,0,2,0,0,0,0,0,0,0,-,-,NA,NA,SAN BERNARDINO,CHINO HILLS,-117.73655700683594,33.98145294189453
94456803,2024,2024-12-04,9850,2024-10-07,150,023055,NA,1,3,5,3619,0,1,1,NA,2,082,I-15 N/B,MAIN STREET,100,S,N,A,-,Y,SBD,NA,15,NA,NA,33.962,H,NA,R,Y,3,0,1,2,A,-,08,22107,NA,M,D,C,A,A,D,-,D,D,0,NA,NA,NA,Y,Y,NA,A,01,0,1,0,0,0,0,0,0,0,-,-,34.42626190185547,-117.38053131103516,SAN BERNARDINO,HESPERIA,-117.3805923461914,34.42629623413086
94460183,2024,2025-01-16,9860,2024-10-28,1555,016536,NA,1,2,6,3610,0,1,1,NA,2,202,SR-210 WESTBOUND,DEL ROSA AVE.,1901,W,N,A,-,Y,SBD,NA,210,NA,R,25.356,H,NA,L,Y,4,0,2,3,A,-,08,22107,NA,N,B,C,A,A,H,-,A,D,0,NA,NA,NA,NA,Y,NA,A,01,0,0,2,0,0,0,0,0,0,-,-,34.14379119873047,-117.25885009765624,SAN BERNARDINO,SAN BERNARDINO,-117.25885009765624,34.143795013427734
9446852,2022,2022-10-31,3600,2022-05-01,0031,H8981,LL010,7,5,3,3615,0,0,0,NA,0,002,BARTON RD,BARTON RD 24954,0,NA,N,A,-,N,NA,NA,NA,NA,NA,NA,NA,NA,NA,N,2,0,1,2,A,-,11,21955,NA,N,G,B,D,A,H,-,C,D,0,Y,NA,NA,NA,Y,Y,N,60,1,0,0,0,1,0,0,0,0,-,-,34.04861831665039,-117.25968933105467,SAN BERNARDINO,LOMA LINDA,-117.2998046875,34.044281005859375
9446922,2022,2022-05-20,3608,2022-04-25,1535,5071,NA,1,5,5,3608,0,0,0,NA,0,NA,FERN AV,SAN JACINTO,196,E,N,A,-,N,NA,NA,NA,NA,NA,NA,NA,NA,NA,N,4,0,1,2,A,-,08,22103,NA,N,B,C,A,A,H,-,A,D,0,NA,NA,NA,NA,Y,NA,A,01,0,0,1,0,0,0,0,0,0,-,-,34.04344940185547,-117.191162109375,SAN BERNARDINO,REDLANDS,-117.19139862060548,34.04345703125
9446923,2022,2022-05-19,3608,2022-04-19,1451,5193,NA,2,5,5,3608,0,0,0,NA,0,NA,CALIFORNIA ST,REDLANDS BL,0,NA,Y,A,-,N,NA,NA,NA,NA,NA,NA,NA,NA,NA,N,4,0,1,2,A,-,03,22350,NA,N,C,C,A,A,H,-,A,A,0,NA,NA,NA,NA,Y,NA,A,01,0,0,1,0,0,0,0,0,0,-,-,NA,NA,SAN BERNARDINO,REDLANDS,-117.22612762451172,34.063072204589844
9446929,2022,2022-05-19,3608,2022-04-02,1617,4963,3608,6,5,5,3608,0,0,0,NA,0,NA,ORANGE ST,ORANGE ST 2100,0,NA,Y,A,-,N,NA,NA,NA,NA,NA,NA,NA,NA,NA,Y,3,0,2,2,A,-,05,21460,A,N,A,C,A,A,H,-,A,D,0,NA,NA,NA,NA,Y,NA,A,01,0,2,0,0,0,0,0,0,0,-,-,34.08089828491211,-117.18238067626952,SAN BERNARDINO,REDLANDS,-117.18251800537108,34.06283187866211
94469787,2024,2024-11-14,9855,2024-11-11,1803,023027,NA,1,2,6,3607,0,1,1,NA,2,152,I-15 S/B (ONTARIO FWY),AIRPORT DR,1700,S,N,A,-,Y,SBD,NA,15,NA,NA,1.751,H,NA,L,Y,4,0,3,2,A,-,03,22350,NA,N,C,C,A,A,H,-,D,D,0,NA,NA,NA,NA,Y,NA,A,01,0,0,3,0,0,0,0,0,0,-,-,34.058128356933594,-117.54564666748048,SAN BERNARDINO,ONTARIO,-117.54573822021484,34.05815124511719
94471846,2024,2024-11-15,9850,2024-11-15,800,021878,NA,5,1,9,3600,0,2,4,NA,2,050,BALDY MESA ROAD,WHITE FOX TRAIL,0,NA,Y,B,-,N,NA,NA,NA,NA,NA,NA,NA,NA,NA,Y,3,0,1,2,A,-,03,22350,NA,N,C,C,A,A,H,-,A,D,0,NA,NA,NA,NA,Y,NA,A,07,0,1,0,0,0,0,0,0,0,-,-,34.430179595947266,-117.45098876953124,SAN BERNARDINO,UNINCORPORATED,-117.45085906982422,34.43013000488281
94481758,2024,2024-11-25,9855,2024-11-16,1435,023630,NA,6,2,9,3600,0,3,5,NA,2,004,MISSION BLVD (5600 BLOCK),BENSON AVENUE,529,W,N,A,-,N,NA,NA,NA,NA,NA,NA,NA,NA,NA,N,2,0,1,1,A,-,08,22107,NA,N,E,I,A,A,H,-,A,D,0,NA,Y,NA,NA,Y,NA,M,91,1,0,0,0,0,0,1,0,0,-,-,34.05596923828125,-117.68271636962892,SAN BERNARDINO,UNINCORPORATED,-117.68254089355467,34.055850982666016
9448275,2022,2022-06-13,3604,2022-05-06,1418,1047,NA,5,5,6,3604,0,0,0,NA,0,NA,SIERRA AV,JURUPA AV,15,N,N,A,-,N,NA,NA,NA,NA,NA,NA,NA,NA,NA,N,4,0,1,2,A,-,03,22350,NA,N,C,C,A,A,H,-,A,A,0,NA,NA,NA,NA,Y,NA,A,07,0,0,1,0,0,0,0,0,0,-,-,NA,NA,SAN BERNARDINO,FONTANA,-117.43551635742188,34.04833984375
94482757,2024,2024-11-25,9835,2024-11-24,1650,022968,NA,7,2,9,3600,0,1,1,NA,2,073,AFTON RD.,I-15 N/B,12091,E,N,A,-,N,NA,NA,NA,NA,NA,NA,NA,NA,NA,N,2,0,1,1,A,-,03,22350,NA,N,F,A,A,A,H,-,A,D,0,NA,NA,NA,NA,Y,NA,A,42,1,0,0,0,0,0,0,0,0,-,-,35.04084014892578,-116.39380645751952,SAN BERNARDINO,UNINCORPORATED,-116.41162872314452,35.06999969482422
94488696,2024,2024-12-02,9860,2024-10-21,1505,024096,NA,1,2,9,3600,0,1,3,NA,1,380,SR-38,HILLSIDE DR,374,W,N,A,-,Y,SBD,NA,38,NA,NA,6.462,H,NA,R,Y,4,0,1,2,A,-,03,22350,NA,N,C,C,A,A,H,-,A,D,0,NA,NA,Y,NA,Y,NA,C,02,0,0,1,0,0,0,0,0,1,-,-,34.07332992553711,-117.08144378662108,SAN BERNARDINO,UNINCORPORATED,-117.08143615722656,34.07331466674805
94491493,2024,2024-12-04,9860,2024-11-26,1705,022539,NA,2,2,9,3600,0,2,4,NA,2,066,CAJON BLVD,KEENBROOK RD,2640,S,N,A,-,N,NA,NA,NA,NA,NA,NA,NA,NA,NA,Y,3,0,3,2,A,-,03,22350,NA,N,C,C,A,A,H,-,C,D,0,NA,NA,NA,NA,Y,NA,A,01,0,1,2,0,0,0,0,0,0,-,-,34.24729919433594,-117.44725036621094,SAN BERNARDINO,UNINCORPORATED,-117.44757080078124,34.247440338134766
9449232,2022,2022-06-08,3604,2022-05-03,1823,680,NA,2,5,6,3604,0,0,0,NA,0,NA,CHERRY AV,VALLEY BL,70,N,N,A,-,N,NA,NA,NA,NA,NA,NA,NA,NA,NA,Y,4,0,1,1,A,-,01,23152,F,N,E,I,A,A,H,-,A,A,0,NA,NA,NA,NA,Y,NA,A,07,0,0,1,0,0,0,0,0,0,-,-,NA,NA,SAN BERNARDINO,FONTANA,-117.48885345458984,34.07039260864258
94494113,2024,2024-12-06,9855,2024-11-28,1230,020564,NA,4,1,6,3607,0,1,1,NA,2,101,I-10 E/B (SAN BERNARDINO FWY),HAVEN AVE,1056,E,N,A,-,Y,SBD,NA,10,NA,NA,8.446,H,NA,R,N,4,0,2,2,A,-,03,22350,NA,N,C,C,A,A,H,-,A,D,0,NA,NA,NA,NA,Y,NA,A,01,0,0,2,0,0,0,0,0,0,-,-,34.067291259765625,-117.57095336914063,SAN BERNARDINO,ONTARIO,-117.57094573974608,34.06742858886719
94501251,2024,2024-12-13,9835,2024-12-01,2139,020976,NA,7,2,9,3600,0,1,1,NA,2,075,I-15 S/B,HALLORAN SPRINGS RD,17952,S,N,A,-,Y,SBD,NA,15,NA,NA,146.207,H,NA,L,Y,2,0,1,1,A,-,01,23152,A,N,E,I,A,A,H,-,D,D,0,NA,NA,NA,NA,Y,Y,A,07,1,0,0,0,0,0,0,0,0,-,-,35.34941864013672,-115.94251251220705,SAN BERNARDINO,UNINCORPORATED,-115.9424285888672,35.34933090209961
94502033,2024,2024-12-13,9865,2024-12-01,2143,021732,NA,7,2,9,3600,0,1,3,NA,2,032,SR-38,DIVISION DR,1584,E,N,A,-,N,NA,NA,NA,NA,NA,NA,NA,NA,NA,Y,2,0,1,1,A,-,08,22107,NA,N,E,I,A,A,H,-,D,D,0,NA,NA,NA,NA,Y,NA,D,22,1,0,0,0,0,0,0,0,0,-,-,34.26588821411133,-116.87100982666016,SAN BERNARDINO,UNINCORPORATED,-116.86093139648438,34.26578140258789
94508276,2024,2024-12-18,9855,2024-12-10,1534,015919,NA,2,2,9,3600,0,3,5,NA,2,004,FARNDON AVE (12000 BLOCK),OLIVE STREET,40,N,N,A,-,N,NA,NA,NA,NA,NA,NA,NA,NA,NA,Y,3,0,1,1,A,-,08,22107,NA,N,F,A,A,A,H,-,A,D,0,NA,NA,Y,NA,Y,NA,C,02,0,1,0,0,0,0,0,0,1,-,-,34.031349182128906,-117.7188720703125,SAN BERNARDINO,UNINCORPORATED,-117.71887969970705,34.031219482421875
94508280,2024,2024-12-18,9855,2024-12-09,836,020216,NA,1,1,6,3616,0,1,1,NA,2,153,I-15 S/B TO BASELINE RD.,BASELINE RD.,5,N,N,A,-,Y,NA,NA,NA,NA,NA,NA,NA,NA,NA,N,3,0,1,2,A,-,12,21453,A,N,D,G,A,A,H,-,A,A,0,NA,Y,NA,NA,Y,NA,A,01,0,1,0,0,0,0,1,0,0,-,-,34.121639251708984,-117.51663970947266,SAN BERNARDINO,RANCHO CUCAMONGA,-117.51432800292967,34.12131881713867
94509026,2024,2024-12-18,9855,2024-12-11,1830,023027,NA,3,2,6,3607,0,1,1,NA,2,152,I-15 S/B (ONTARIO FWY),JURUPA AVE,1800,N,N,A,-,Y,SBD,NA,15,NA,NA,1.365,H,NA,L,N,4,0,2,3,A,-,03,22350,NA,N,C,C,A,A,H,-,C,D,0,NA,NA,NA,NA,Y,NA,D,22,0,0,2,0,0,0,0,0,0,-,-,34.05292892456055,-117.5482177734375,SAN BERNARDINO,ONTARIO,-117.54815673828124,34.05290603637695
94510298,2024,2024-12-19,9865,2024-12-18,1501,020872,NA,3,2,9,3600,0,1,3,NA,2,031,SR-38,DIVISION DRIVE,0,NA,Y,A,-,Y,SBD,NA,38,NA,NA,50.744,H,NA,R,Y,4,0,1,3,A,-,09,21801,A,N,A,C,A,A,H,-,A,D,0,NA,NA,NA,NA,Y,NA,A,07,0,0,1,0,0,0,0,0,0,-,-,34.26525115966797,-116.8661880493164,SAN BERNARDINO,UNINCORPORATED,-116.8661880493164,34.265262603759766
94512918,2024,2024-12-23,9860,2024-12-12,1610,020654,NA,4,2,9,3600,0,3,5,NA,2,003,ALABAMA ST,RIVER BLUFF AVE,0,NA,Y,A,-,N,NA,NA,NA,NA,NA,NA,NA,NA,NA,Y,3,0,1,2,A,-,08,22107,NA,M,C,C,A,A,H,-,A,A,0,NA,NA,NA,NA,Y,NA,A,01,0,1,0,0,0,0,0,0,0,-,-,34.086849212646484,-117.20884704589844,SAN BERNARDINO,UNINCORPORATED,-117.208740234375,34.08696746826172
9451348,2022,2022-06-30,3610,2022-05-01,1108,51197,NA,7,5,6,3610,0,0,0,NA,0,BAKER,WEST HIGHLAND AV,N H ST,0,NA,Y,A,-,N,NA,NA,NA,NA,NA,NA,NA,NA,NA,N,4,0,2,2,A,-,12,21453,NA,N,B,C,A,A,H,-,A,A,0,NA,NA,NA,NA,Y,NA,-,-,0,0,2,0,0,0,0,0,0,-,-,NA,NA,SAN BERNARDINO,SAN BERNARDINO,-117.30088043212892,34.13602066040039
9451353,2022,2022-07-06,3610,2022-05-11,0103,51337,NA,3,5,6,3610,0,0,0,NA,0,CHARLI,N VICTORIA AV,28TH ST,99,S,N,A,-,N,NA,NA,NA,NA,NA,NA,NA,NA,NA,Y,4,0,1,2,A,-,08,22107,NA,N,A,D,A,A,H,-,C,D,0,NA,NA,NA,NA,Y,NA,A,01,0,0,1,0,0,0,0,0,0,-,-,34.14250946044922,-117.22608184814452,SAN BERNARDINO,SAN BERNARDINO,-117.22611236572266,34.14223861694336
9451585,2022,2022-06-01,3605,2022-05-06,1831,434,NA,5,5,4,3605,0,0,0,NA,0,NA,MONTE VISTA AV,HOWARD ST,0,NA,Y,A,-,N,NA,NA,NA,NA,NA,NA,NA,NA,NA,Y,4,0,1,2,A,-,12,22450,A,N,D,C,A,A,H,-,A,A,0,NA,NA,NA,NA,Y,NA,A,01,0,0,1,0,0,0,0,0,0,-,-,NA,NA,SAN BERNARDINO,MONTCLAIR,-117.6981201171875,34.05215835571289
94520114,2024,2024-12-30,9860,2024-12-17,756,016575,NA,2,1,4,3603,0,1,1,NA,2,214,I-215 N/B,IOWA AVE.,1250,S,N,A,-,Y,SBD,NA,215,NA,NA,0.152,H,NA,R,N,4,0,1,2,A,-,03,22350,NA,N,C,C,A,A,H,-,A,D,0,NA,NA,NA,NA,Y,NA,A,01,0,0,1,0,0,0,0,0,0,-,-,34.02111053466797,-117.33795166015624,SAN BERNARDINO,COLTON,-117.33795166015624,34.021114349365234
94526798,2024,2025-01-06,9835,2024-12-29,2125,022787,NA,7,2,9,3600,0,1,3,NA,1,019,SR-247,NANDIN RD,138,N,N,A,-,Y,SBD,NA,247,NA,NA,67.96,H,NA,R,Y,3,0,1,1,A,-,08,22107,NA,N,F,A,A,A,H,-,D,D,0,NA,NA,NA,NA,Y,NA,D,22,0,1,0,0,0,0,0,0,0,-,-,34.746829986572266,-117.00263214111328,SAN BERNARDINO,UNINCORPORATED,-117.0027313232422,34.74679183959961
94527009,2025,2025-01-06,9855,2025-01-03,1355,022984,NA,5,1,5,3611,0,1,1,NA,2,103,I-10 E/B (SAN BERNARDINO FREEWAY),MOUNTAIN AVENUE,2600,W,N,A,-,Y,SBD,NA,10,NA,NA,1.866,H,NA,R,N,4,0,2,3,A,-,03,22350,NA,N,C,C,A,A,H,-,A,D,0,NA,NA,NA,NA,Y,NA,A,01,0,0,2,0,0,0,0,0,0,-,-,34.0871696472168,-117.67913818359376,SAN BERNARDINO,UPLAND,-117.67913818359376,34.08713150024414