CASE_ID,ACCIDENT_YEAR,PROC_DATE,JURIS,COLLISION_DATE,COLLISION_TIME,OFFICER_ID,REPORTING_DISTRICT,DAY_OF_WEEK,CHP_SHIFT,POPULATION,CNTY_CITY_LOC,SPECIAL_COND,BEAT_TYPE,CHP_BEAT_TYPE,CITY_DIVISION_LAPD,CHP_BEAT_CLASS,BEAT_NUMBER,PRIMARY_RD,SECONDARY_RD,DISTANCE,DIRECTION,INTERSECTION,WEATHER_1,WEATHER_2,STATE_HWY_IND,CALTRANS_COUNTY,CALTRANS_DISTRICT,STATE_ROUTE,ROUTE_SUFFIX,POSTMILE_PREFIX,POSTMILE,LOCATION_TYPE,RAMP_INTERSECTION,SIDE_OF_HWY,TOW_AWAY,COLLISION_SEVERITY,NUMBER_KILLED,NUMBER_INJURED,PARTY_COUNT,PRIMARY_COLL_FACTOR,PCF_CODE_OF_VIOL,PCF_VIOL_CATEGORY,PCF_VIOLATION,PCF_VIOL_SUBSECTION,HIT_AND_RUN,TYPE_OF_COLLISION,MVIW,PED_ACTION,ROAD_SURFACE,ROAD_COND_1,ROAD_COND_2,LIGHTING,CONTROL_DEVICE,CHP_ROAD_TYPE,PEDESTRIAN_ACCIDENT,BICYCLE_ACCIDENT,MOTORCYCLE_ACCIDENT,TRUCK_ACCIDENT,NOT_PRIVATE_PROPERTY,ALCOHOL_INVOLVED,STWD_VEHTYPE_AT_FAULT,CHP_VEHTYPE_AT_FAULT,COUNT_SEVERE_INJ,COUNT_VISIBLE_INJ,COUNT_COMPLAINT_PAIN,COUNT_PED_KILLED,COUNT_PED_INJURED,COUNT_BICYCLIST_KILLED,COUNT_BICYCLIST_INJURED,COUNT_MC_KILLED,COUNT_MC_INJURED,PRIMARY_RAMP,SECONDARY_RAMP,LATITUDE,LONGITUDE,COUNTY,CITY,POINT_X,POINT_Y
9618338,2023,2024-01-25,3600,2023-12-07,1850,J8831,VC042,4,5,5,3612,0,0,0,NA,0,VC1,D ST,SHERMAN WY,0,NA,Y,A,-,N,NA,NA,NA,NA,NA,NA,NA,NA,NA,Y,4,0,1,2,A,-,09,21804,A,N,D,C,A,A,H,-,C,D,0,NA,NA,NA,NA,Y,NA,A,01,0,0,1,0,0,0,0,0,0,-,-,34.5429801940918,-117.29955291748048,SAN BERNARDINO,VICTORVILLE,-117.2995147705078,34.54304504394531
9618502,2023,2023-09-06,3600,2023-07-20,1422,F3800,YC309,4,5,4,3640,0,0,0,NA,0,YC3,5TH PL,AVENUE H,0,NA,Y,A,-,N,NA,NA,NA,NA,NA,NA,NA,NA,NA,N,4,0,1,2,C,-,18,NA,NA,N,D,C,A,A,H,-,A,D,0,NA,NA,NA,NA,Y,NA,-,-,0,0,1,0,0,0,0,0,0,-,-,NA,NA,SAN BERNARDINO,YUCAIPA,-117.05765533447266,34.01028060913086
9618523,2023,2023-09-12,3610,2023-08-08,34,51248,NA,2,5,6,3610,0,0,0,NA,0,NA,E MILL ST,S TIPPECANOE AV,0,NA,Y,A,-,N,NA,NA,NA,NA,NA,NA,NA,NA,NA,Y,3,0,1,2,A,-,09,21453,C,N,D,C,A,A,H,-,C,A,0,NA,NA,NA,Y,Y,NA,G,25,0,1,0,0,0,0,0,0,0,-,-,34.09217071533203,-117.25965881347656,SAN BERNARDINO,SAN BERNARDINO,-117.25975036621094,34.09214401245117
9618907,2023,2023-12-28,3600,2023-10-19,335,I8673,RC072,4,5,6,3616,0,0,0,NA,0,006,ETIWANDA AV,FOOTHILL BL,7,N,N,A,-,N,NA,NA,NA,NA,NA,NA,NA,NA,NA,Y,3,0,1,2,A,-,12,21453,NA,N,D,C,A,A,H,-,C,A,0,NA,NA,NA,NA,Y,NA,A,01,0,1,0,0,0,0,0,0,0,-,-,NA,NA,SAN BERNARDINO,RANCHO CUCAMONGA,-117.52371215820313,34.10620880126953
9620080,2023,2024-02-23,3610,2023-12-17,1531,51465,NA,7,5,6,3610,0,0,0,NA,0,NA,RT 210,N H ST,0,NA,Y,A,-,Y,SBD,8,210,-,R,22.705,R,4,E,Y,4,0,2,2,A,-,12,21453,A,N,D,C,A,A,H,-,A,A,0,NA,NA,NA,NA,Y,NA,D,22,0,0,2,0,0,0,0,0,0,-,-,34.145851135253906,-117.30081939697266,SAN BERNARDINO,SAN BERNARDINO,-117.30501556396484,34.14564895629883
9622226,2023,2024-02-06,3600,2023-10-02,1807,D3381,VV232,1,5,5,3612,0,0,0,NA,0,VV1,EL EVADO RD,BONANZA RD,0,NA,Y,A,-,N,NA,NA,NA,NA,NA,NA,NA,NA,NA,Y,4,0,2,5,A,-,03,22350,NA,N,C,C,A,A,H,-,B,A,0,NA,NA,NA,NA,Y,NA,D,22,0,0,2,0,0,0,0,0,0,-,-,34.503089904785156,-117.34677886962892,SAN BERNARDINO,VICTORVILLE,-117.34674835205078,34.50312042236328
9622643,2023,2023-11-16,3604,2023-10-04,1717,1163,NA,3,5,6,3604,0,0,0,NA,0,NA,FONTANA AV,POPLAR AV,0,NA,Y,A,-,N,NA,NA,NA,NA,NA,NA,NA,NA,NA,N,4,0,1,2,A,-,12,22450,A,N,D,C,A,A,H,-,A,A,0,NA,NA,NA,NA,Y,NA,-,-,0,0,1,0,0,0,0,0,0,-,-,NA,NA,SAN BERNARDINO,FONTANA,-117.4623794555664,34.081199645996094
9624238,2023,2025-06-27,3603,2023-09-10,249,4817,CPD,7,5,4,3603,0,0,0,NA,0,004,WASHINGTON ST,MEADOW LN,329,W,N,A,-,N,NA,NA,NA,NA,NA,NA,NA,NA,NA,N,1,1,0,2,A,-,11,21954,A,N,G,B,D,A,H,-,C,A,0,Y,NA,NA,NA,Y,NA,N,60,0,0,0,1,0,0,0,0,0,-,-,34.04821014404297,-117.30130004882813,SAN BERNARDINO,COLTON,-117.3005142211914,34.04840850830078
9624765,2023,2023-09-25,3600,2023-05-26,1351,F8247,HE105,5,5,5,3619,0,0,0,NA,0,HE1,BEAR VALLEY RD,HESPERIA RD,481,E,N,A,-,N,NA,NA,NA,NA,NA,NA,NA,NA,NA,N,3,0,1,2,A,-,09,21804,A,N,D,C,A,A,H,-,A,D,0,NA,NA,Y,NA,Y,NA,A,01,0,1,0,0,0,0,0,0,1,-,-,34.47090148925781,-117.2902374267578,SAN BERNARDINO,HESPERIA,-117.29038238525392,34.47095489501953
9625364,2023,2023-10-11,3608,2023-08-15,213,5231,NA,2,5,5,3608,0,0,0,NA,0,NA,BROOKSIDE AV,ASH ST,301,E,N,A,-,N,NA,NA,NA,NA,NA,NA,NA,NA,NA,Y,3,0,1,3,A,-,08,22107,NA,N,C,E,A,A,H,-,C,A,0,NA,NA,NA,NA,Y,NA,A,01,0,1,0,0,0,0,0,0,0,-,-,NA,NA,SAN BERNARDINO,REDLANDS,-117.19239807128906,34.05162811279297
9625788,2023,2023-10-04,3610,2023-08-30,1124,50584,NA,3,5,6,3610,0,0,0,NA,0,NA,N D ST,W 10TH ST,0,NA,Y,A,-,N,NA,NA,NA,NA,NA,NA,NA,NA,NA,Y,4,0,2,2,A,-,09,21802,A,N,D,C,A,A,H,-,A,A,0,NA,NA,NA,NA,Y,NA,A,01,0,0,2,0,0,0,0,0,0,-,-,34.11766052246094,-117.29190826416016,SAN BERNARDINO,SAN BERNARDINO,-117.29190063476563,34.11764907836914
9626729,2023,2023-11-16,3610,2023-09-20,1840,51440,NA,3,5,6,3610,0,0,0,NA,0,NA,W 9TH ST,N SIERRA WAY,0,NA,Y,A,-,N,NA,NA,NA,NA,NA,NA,NA,NA,NA,Y,4,0,3,3,D,-,00,NA,NA,N,A,C,A,A,H,-,B,A,0,NA,NA,NA,NA,Y,NA,-,-,0,0,3,0,0,0,0,0,0,-,-,34.11581039428711,-117.28514862060548,SAN BERNARDINO,SAN BERNARDINO,-117.28514099121094,34.115779876708984
9627003,2023,2023-10-16,3608,2023-08-30,751,5309,NA,3,5,5,3608,0,0,0,NA,0,NA,E LUGONT AV,16TH ST,4,W,N,A,-,N,NA,NA,NA,NA,NA,NA,NA,NA,NA,N,3,0,1,2,A,-,11,21954,A,N,G,B,D,A,H,-,A,D,0,Y,NA,NA,NA,Y,NA,N,60,0,1,0,0,1,0,0,0,0,-,-,NA,NA,SAN BERNARDINO,REDLANDS,-121.42914581298828,38.6763801574707
9627182,2023,2023-10-02,3608,2023-08-21,1859,4463,3608,1,5,5,3608,0,0,0,NA,0,NA,TEXAS ST,LUGONIA AV,528,N,N,A,-,N,NA,NA,NA,NA,NA,NA,NA,NA,NA,Y,4,0,1,2,A,-,03,22350,NA,N,C,E,A,A,H,-,A,A,0,NA,NA,NA,NA,Y,NA,A,01,0,0,1,0,0,0,0,0,0,-,-,NA,NA,SAN BERNARDINO,REDLANDS,-117.19116973876952,34.07152557373047
9628336,2023,2023-11-07,3600,2023-09-13,1148,F4772,VC070,3,5,5,3612,0,0,0,NA,0,VC5,RT 395,LUNA RD,681,S,N,A,-,Y,SBD,8,395,-,-,10.04,H,-,S,N,4,0,2,2,A,-,03,22350,NA,N,C,C,A,A,H,-,A,A,0,NA,NA,NA,NA,Y,NA,A,01,0,0,2,0,0,0,0,0,0,-,-,34.4869499206543,-117.3996124267578,SAN BERNARDINO,VICTORVILLE,-117.3995361328125,34.49046325683594
9628387,2023,2023-10-28,3608,2023-08-12,2140,4965,3608,6,5,5,3608,0,0,0,NA,0,NA,ORANGE ST,W SUN AV,0,NA,Y,A,-,N,NA,NA,NA,NA,NA,NA,NA,NA,NA,N,4,0,1,2,A,-,10,21950,A,N,G,B,B,A,H,-,C,A,0,Y,NA,NA,NA,Y,NA,A,01,0,0,1,0,1,0,0,0,0,-,-,NA,NA,SAN BERNARDINO,REDLANDS,-117.18251037597656,34.06404495239258
9629065,2023,2023-10-21,3600,2023-09-05,1614,I6436,RC033,2,5,6,3616,0,0,0,NA,0,RC5,ARROW ROUTE,HAVEN AV,0,NA,Y,A,-,N,NA,NA,NA,NA,NA,NA,NA,NA,NA,Y,4,0,2,2,A,-,03,22350,NA,N,C,C,A,A,H,-,A,A,0,NA,NA,NA,NA,Y,NA,D,22,0,0,2,0,0,0,0,0,0,-,-,NA,NA,SAN BERNARDINO,RANCHO CUCAMONGA,-117.57594299316406,34.09920120239258
9631682,2023,2024-01-22,3603,2023-11-07,1117,4697,306,2,5,4,3603,0,0,0,NA,0,003,LA CADENA DR,L ST,0,NA,Y,A,-,N,NA,NA,NA,NA,NA,NA,NA,NA,NA,N,3,0,1,2,A,-,09,21801,A,N,D,-,A,A,H,-,A,D,0,NA,NA,NA,NA,Y,NA,A,01,0,1,0,0,0,0,0,0,0,-,-,NA,NA,SAN BERNARDINO,COLTON,-117.32509613037108,34.063209533691406
9632438,2023,2023-12-06,3610,2023-10-28,1612,51324,NA,6,5,6,3610,0,0,0,NA,0,NA,S E ST,FAIRWAY DR,228,N,N,A,-,N,NA,NA,NA,NA,NA,NA,NA,NA,NA,Y,4,0,1,2,A,-,08,22107,NA,N,D,C,A,A,H,-,A,D,0,NA,NA,NA,NA,Y,NA,A,01,0,0,1,0,0,0,0,0,0,-,-,34.0688591003418,-117.2941665649414,SAN BERNARDINO,SAN BERNARDINO,-117.29415130615234,34.06947326660156
9636873,2023,2023-12-05,3600,2023-08-03,811,F8172,HE3,4,5,5,3619,0,0,0,NA,0,HE117,MAIN ST,KEY POINTE DR,0,NA,Y,A,-,N,NA,NA,NA,NA,NA,NA,NA,NA,NA,Y,3,0,2,2,A,-,17,21451,A,N,D,C,A,A,H,-,A,A,0,NA,NA,NA,NA,Y,NA,D,22,0,2,0,0,0,0,0,0,0,-,-,NA,NA,SAN BERNARDINO,HESPERIA,-117.38379669189452,34.42662048339844
9638570,2023,2023-11-20,3610,2023-10-21,2130,51374,NA,6,5,6,3610,0,0,0,NA,0,NA,EAST HIGHLAND AV,N PALM AV,130,W,N,A,-,N,NA,NA,NA,NA,NA,NA,NA,NA,NA,Y,4,0,1,2,A,-,09,21801,A,N,A,C,A,A,H,-,C,D,0,NA,NA,NA,NA,Y,NA,A,01,0,0,1,0,0,0,0,0,0,-,-,NA,NA,SAN BERNARDINO,SAN BERNARDINO,-117.20919036865234,34.13576889038086
9638574,2023,2023-11-20,3610,2023-10-25,2344,51465,NA,3,5,6,3610,0,0,0,NA,0,NA,N MOUNTAIN VIEW AV,W BASELINE ST,0,NA,Y,A,-,N,NA,NA,NA,NA,NA,NA,NA,NA,NA,Y,4,0,2,3,A,-,12,21453,A,F,D,C,A,A,H,-,C,A,0,NA,NA,NA,NA,Y,NA,A,01,0,0,2,0,0,0,0,0,0,-,-,34.12133026123047,-117.28739166259766,SAN BERNARDINO,SAN BERNARDINO,NA,NA
9638738,2023,2023-11-29,3608,2023-10-21,2142,4766,NA,6,5,5,3608,0,0,0,NA,0,NA,E HIGHLAND AVE,REDLANDS BL,270,E,N,A,-,N,NA,NA,NA,NA,NA,NA,NA,NA,NA,N,3,0,1,1,C,-,18,NA,NA,N,H,G,A,A,C,-,C,A,0,NA,Y,NA,NA,Y,NA,-,-,0,1,0,0,0,0,1,0,0,-,-,NA,NA,SAN BERNARDINO,REDLANDS,-117.16517639160156,34.0449333190918
9638892,2023,2023-11-22,3610,2023-10-27,1511,51363,NA,5,5,6,3610,0,0,0,NA,0,NA,E ORANGE SHOW RD,S TIPPECANOE AV,0,NA,Y,A,-,N,NA,NA,NA,NA,NA,NA,NA,NA,NA,N,4,0,1,2,A,-,03,22350,NA,N,C,C,A,A,H,-,A,A,0,NA,NA,NA,NA,Y,NA,A,01,0,0,1,0,0,0,0,0,0,-,-,34.07752990722656,-117.25972747802734,SAN BERNARDINO,SAN BERNARDINO,-117.25975036621094,34.077537536621094
9639419,2023,2023-12-16,3604,2023-10-31,1736,1395,3604,2,5,6,3604,0,0,0,NA,0,NA,UPLAND AV,WHEELER AV,0,NA,Y,A,-,N,NA,NA,NA,NA,NA,NA,NA,NA,NA,NA,4,0,1,2,A,-,09,21802,A,N,D,C,A,A,H,-,A,A,0,NA,NA,NA,NA,Y,NA,A,01,0,0,1,0,0,0,0,0,0,-,-,NA,NA,SAN BERNARDINO,FONTANA,-117.43441009521484,34.10287094116211
9639422,2023,2023-12-16,3604,2023-10-27,1619,802,NA,5,5,6,3604,0,0,0,NA,0,NA,FONTANA AV,MERRILL AV,329,S,N,A,-,N,NA,NA,NA,NA,NA,NA,NA,NA,NA,NA,4,0,1,2,A,-,03,22350,NA,N,C,C,A,A,H,-,A,A,0,NA,NA,NA,NA,Y,NA,A,01,0,0,1,0,0,0,0,0,0,-,-,NA,NA,SAN BERNARDINO,FONTANA,-117.44960784912108,34.091468811035156
9640176,2023,2025-06-26,3600,2023-12-10,2021,H9013,HE313,7,5,5,3619,0,0,0,NA,0,HE5,HESPERIA RD,EDISON POLE #4779950E,30,N,N,A,-,N,NA,NA,NA,NA,NA,NA,NA,NA,NA,N,1,1,0,2,A,-,11,21954,A,N,G,B,E,A,H,-,D,D,0,Y,NA,NA,NA,Y,Y,N,60,0,0,0,1,0,0,0,0,0,-,-,NA,NA,SAN BERNARDINO,HESPERIA,NA,NA
9640180,2023,2024-02-06,3604,2023-12-21,1746,925,NA,4,5,6,3604,0,0,0,NA,0,NA,SLOVER AV,BANNA AV,0,NA,Y,A,-,N,NA,NA,NA,NA,NA,NA,NA,NA,NA,Y,1,1,2,3,A,-,09,21802,A,N,D,C,A,A,H,-,C,A,0,NA,NA,NA,NA,Y,NA,A,08,1,1,0,0,0,0,0,0,0,-,-,NA,NA,SAN BERNARDINO,FONTANA,-117.4975814819336,34.06283950805664
9640965,2024,2024-09-30,3610,2024-03-09,1846,51195,NA,6,5,6,3610,0,0,0,NA,0,NA,N E ST,W 16TH ST,300,N,N,A,-,N,NA,NA,NA,NA,NA,NA,NA,NA,NA,N,1,1,0,2,A,-,11,21955,NA,N,G,B,D,A,H,-,D,A,0,Y,NA,NA,NA,Y,NA,N,60,0,0,0,1,0,0,0,0,0,-,-,34.128780364990234,-117.29415893554688,SAN BERNARDINO,SAN BERNARDINO,-117.2941665649414,34.129371643066406
9643239,2023,2024-01-17,3610,2023-11-08,2500,51237,NA,3,5,6,3610,0,0,0,NA,0,NA,PACIFIC ST,TIPPECANOE AV,180,E,N,A,-,N,NA,NA,NA,NA,NA,NA,NA,NA,NA,N,4,0,1,2,A,-,03,22350,NA,N,B,C,A,A,H,-,C,D,0,NA,NA,NA,NA,Y,NA,A,01,0,0,1,0,0,0,0,0,0,-,-,34.128631591796875,-117.26186370849608,SAN BERNARDINO,SAN BERNARDINO,-117.2612762451172,34.12860870361328
9644167,2023,2023-12-11,3605,2023-10-28,1245,441,NA,6,5,4,3605,0,0,0,NA,0,NA,BENSON AV,BENITO ST,0,NA,Y,A,-,N,NA,NA,NA,NA,NA,NA,NA,NA,NA,N,4,0,2,2,A,-,12,22450,A,N,D,C,A,A,H,-,A,A,0,NA,NA,NA,NA,Y,NA,A,01,0,0,2,0,0,0,0,0,0,-,-,34.07413101196289,-117.6808624267578,SAN BERNARDINO,MONTCLAIR,-117.68080902099608,34.07414245605469
9644588,2023,2024-01-22,3605,2023-11-16,1716,437,NA,4,5,4,3605,0,0,0,NA,0,NA,MONTE VISTA AV,PALO VERDE ST,356,N,N,A,-,N,NA,NA,NA,NA,NA,NA,NA,NA,NA,Y,4,0,2,2,A,-,09,21801,A,N,D,C,A,A,H,-,B,A,0,NA,NA,NA,NA,Y,NA,A,07,0,0,2,0,0,0,0,0,0,-,-,34.08135986328125,-117.69824981689452,SAN BERNARDINO,MONTCLAIR,-117.6984405517578,34.08199691772461
9645016,2024,2024-08-22,3600,2024-02-27,1015,I1566,AP022,2,5,5,3621,0,0,0,NA,0,AP4,BEAR VALLEY RD,MESQUITE RD,91,W,N,A,-,N,NA,NA,NA,NA,NA,NA,NA,NA,NA,Y,3,0,2,2,A,-,08,22107,NA,N,A,C,A,A,H,-,A,D,0,NA,NA,NA,NA,Y,NA,A,07,0,1,1,0,0,0,0,0,0,-,-,NA,NA,SAN BERNARDINO,APPLE VALLEY,-117.16419982910156,34.47169494628906
9647279,2023,2024-01-18,3600,2023-11-22,647,G7650,NA,3,5,3,3615,0,0,0,NA,0,NA,ANDERSON ST,REDLANDS BL,20,N,N,A,-,N,NA,NA,NA,NA,NA,NA,NA,NA,NA,Y,3,0,3,2,A,-,12,21453,A,N,D,C,A,A,H,-,A,A,0,NA,NA,NA,NA,Y,NA,A,01,0,3,0,0,0,0,0,0,0,-,-,NA,NA,SAN BERNARDINO,LOMA LINDA,-117.26119232177734,34.063114166259766
9648140,2023,2024-01-23,3610,2023-11-21,717,51436,NA,2,5,6,3610,0,0,0,NA,0,NA,W REDLANDS BL,CLUB WY,147,W,N,A,-,N,NA,NA,NA,NA,NA,NA,NA,NA,NA,Y,4,0,1,2,A,-,09,21804,A,N,D,C,A,A,H,-,A,D,0,NA,NA,NA,NA,Y,NA,A,01,0,0,1,0,0,0,0,0,0,-,-,NA,NA,SAN BERNARDINO,SAN BERNARDINO,-117.28429412841795,34.063053131103516
9649024,2023,2024-08-30,3610,2023-12-13,2100,99999,NA,3,5,6,3610,0,0,0,NA,0,NA,E 5TH ST,N STERLING AV,0,NA,Y,A,-,N,NA,NA,NA,NA,NA,NA,NA,NA,NA,Y,2,0,2,2,A,-,12,21453,A,N,A,C,A,A,H,-,C,A,0,NA,NA,NA,NA,Y,NA,-,-,2,0,0,0,0,0,0,0,0,-,-,NA,NA,SAN BERNARDINO,SAN BERNARDINO,-117.24369049072266,34.108306884765625
9651522,2023,2024-01-10,3610,2023-11-25,1832,51304,NA,6,5,6,3610,0,0,0,NA,0,NA,NORTH SIERRA WY,N SEPULVEDA AV,0,NA,Y,A,-,N,NA,NA,NA,NA,NA,NA,NA,NA,NA,Y,3,0,2,2,A,-,09,21802,A,N,D,C,A,A,H,-,D,A,0,NA,NA,NA,NA,Y,NA,A,01,0,1,1,0,0,0,0,0,0,-,-,34.171958923339844,-117.28323364257813,SAN BERNARDINO,SAN BERNARDINO,-117.28279113769533,34.17164993286133
9656516,2023,2024-02-16,3600,2023-12-11,714,H9747,VC068,1,5,5,3612,0,0,0,NA,0,VC4,RT 395,BEAR VALLEY RD,50,S,N,A,-,Y,SBD,8,395,-,-,8.61,H,-,N,Y,4,0,1,2,A,-,03,22350,NA,N,C,C,A,A,H,-,A,D,0,NA,NA,NA,NA,Y,NA,A,07,0,0,1,0,0,0,0,0,0,-,-,NA,NA,SAN BERNARDINO,VICTORVILLE,-117.39949798583984,34.47018814086914
9657326,2023,2024-02-28,3600,2023-10-07,1746,15443,HE128,6,5,5,3619,0,0,0,NA,0,005,MAIN ST,COTTONWOOD AV,82,W,N,A,-,N,NA,NA,NA,NA,NA,NA,NA,NA,NA,N,4,0,1,2,A,-,09,21804,A,N,B,-,A,-,H,-,A,D,0,NA,NA,NA,NA,Y,NA,D,22,0,0,1,0,0,0,0,0,0,-,-,NA,NA,SAN BERNARDINO,HESPERIA,-117.33872222900392,34.42693328857422
9658504,2024,2024-03-21,3610,2024-01-17,1930,51510,NA,3,5,6,3610,0,0,0,NA,0,NA,METROWAY,2ND ST,18,N,N,A,-,N,NA,NA,NA,NA,NA,NA,NA,NA,NA,N,4,0,1,2,A,-,12,21453,A,F,G,B,B,A,H,-,C,A,0,Y,NA,NA,NA,Y,NA,A,01,0,0,1,0,1,0,0,0,0,-,-,34.13127136230469,-117.32251739501952,SAN BERNARDINO,SAN BERNARDINO,NA,NA
9659024,2023,2024-02-02,3600,2023-12-16,1211,H9013,HE131,6,5,5,3619,0,0,0,NA,0,HE5,MAIN ST,5TH AVE,78,E,N,A,-,N,NA,NA,NA,NA,NA,NA,NA,NA,NA,N,4,0,1,2,A,-,09,21804,A,N,D,C,A,A,H,-,A,D,0,NA,NA,NA,NA,Y,NA,A,01,0,0,1,0,0,0,0,0,0,-,-,NA,NA,SAN BERNARDINO,HESPERIA,-117.31069183349608,34.42289352416992
9659333,2024,2024-04-04,3600,2024-01-16,1734,68603,RC028,2,5,6,3616,0,0,0,NA,0,RC2,HERMOSA AV,BASELINE RD,0,NA,Y,A,-,N,NA,NA,NA,NA,NA,NA,NA,NA,NA,N,3,0,1,3,A,-,03,22350,NA,N,C,C,A,A,H,-,C,D,0,NA,NA,NA,NA,Y,NA,A,01,0,1,0,0,0,0,0,0,0,-,-,NA,NA,SAN BERNARDINO,RANCHO CUCAMONGA,-117.58468627929688,34.12152862548828
9660145,2024,2024-03-01,3608,2024-01-31,2130,4766,NA,3,5,5,3608,0,0,0,NA,0,NA,W COLTON AV,3RD ST,0,NA,Y,B,-,N,NA,NA,NA,NA,NA,NA,NA,NA,NA,N,3,0,1,2,A,-,11,21954,A,F,G,B,E,A,H,-,D,A,0,Y,NA,NA,NA,Y,NA,N,60,0,1,0,0,1,0,0,0,0,-,-,NA,NA,SAN BERNARDINO,REDLANDS,-117.18428802490234,34.06283187866211
9660149,2024,2024-03-01,3608,2024-01-20,1720,5258,3608,6,5,5,3608,0,0,0,NA,0,901,WEST REDLANDS BL,NEW YORK ST,132,W,N,A,-,N,NA,NA,NA,NA,NA,NA,NA,NA,NA,Y,4,0,2,1,A,-,08,22107,NA,N,E,I,A,A,H,-,A,A,0,NA,NA,NA,NA,Y,NA,A,01,0,0,2,0,0,0,0,0,0,-,-,NA,NA,SAN BERNARDINO,REDLANDS,-117.19612121582033,34.05960464477539
9661113,2024,2024-06-28,3600,2024-01-14,1930,J2880,YC406,7,5,4,3640,0,0,0,NA,0,YC3,YUCAIPA BL,16TH ST,0,NA,N,A,-,Y,NA,NA,NA,NA,NA,NA,NA,NA,NA,Y,3,0,1,1,D,-,00,NA,NA,N,-,A,A,A,H,-,C,D,0,NA,NA,Y,NA,Y,Y,-,-,0,1,0,0,0,0,0,0,1,-,-,34.03300094604492,-117.10099792480467,SAN BERNARDINO,YUCAIPA,-117.10305786132813,34.0329704284668
9664282,2024,2024-03-09,3600,2024-01-04,2109,H9013,HE306,4,5,5,3619,0,0,0,NA,0,HE3,TAMARISK AV,SULTANA ST,347,N,N,A,-,N,NA,NA,NA,NA,NA,NA,NA,NA,NA,Y,3,0,1,5,A,-,01,23152,A,N,C,C,A,A,H,-,C,D,0,NA,NA,NA,NA,Y,Y,A,01,0,1,0,0,0,0,0,0,0,-,-,NA,NA,SAN BERNARDINO,HESPERIA,-117.35092926025392,34.4185905456543
9664321,2024,2024-03-13,3600,2024-01-31,2039,I1592,VC016,3,5,5,3612,0,0,0,NA,0,VC2,VALLEY CENTER DR,LORENE DR,320,N,N,A,-,N,NA,NA,NA,NA,NA,NA,NA,NA,NA,N,3,0,1,2,A,-,09,21804,A,N,D,G,A,A,H,-,C,D,0,NA,Y,NA,NA,Y,NA,L,04,0,1,0,0,0,0,1,0,0,-,-,34.51520919799805,-117.3199462890625,SAN BERNARDINO,VICTORVILLE,-117.31990814208984,34.51514434814453
9664577,2024,2024-04-15,3600,2024-02-03,1806,J2651,VC073,6,5,5,3612,0,0,0,NA,0,VC06,RENO LOOP RD,MOONGLOW LN,0,NA,Y,A,-,N,NA,NA,NA,NA,NA,NA,NA,NA,NA,Y,4,0,1,2,A,-,09,21801,A,N,D,C,A,A,H,-,C,A,0,NA,NA,NA,NA,Y,NA,A,01,0,0,1,0,0,0,0,0,0,-,-,34.526161193847656,-117.35334777832033,SAN BERNARDINO,VICTORVILLE,-117.35338592529295,34.526187896728516
9665618,2024,2024-04-16,3608,2024-02-28,759,4202,3608,3,5,5,3608,0,0,0,NA,0,NA,EAST CITRUS AVE,EAST CYPRESS AVE,34,W,N,A,-,N,NA,NA,NA,NA,NA,NA,NA,NA,NA,Y,3,0,1,1,A,-,08,22107,NA,N,E,I,A,A,H,-,A,D,0,NA,NA,NA,NA,Y,NA,A,01,0,1,0,0,0,0,0,0,0,-,-,NA,NA,SAN BERNARDINO,REDLANDS,-117.16175079345705,34.055580139160156
9665824,2024,2024-04-15,3604,2024-02-15,1457,802,NA,4,5,6,3604,0,0,0,NA,0,NA,BASELINE AV,ALMERIA AV,0,NA,Y,A,-,N,NA,NA,NA,NA,NA,NA,NA,NA,NA,N,4,0,1,2,A,-,09,21800,A,N,D,G,A,A,H,-,A,A,0,NA,Y,NA,NA,Y,NA,A,01,0,0,1,0,0,0,1,0,0,-,-,34.121498107910156,-117.46038055419922,SAN BERNARDINO,FONTANA,-117.46021270751952,34.12132263183594
9666104,2024,2024-04-11,3604,2024-02-24,2314,1367,NA,6,5,6,3604,0,0,0,NA,0,NA,BASELINE AV,PALMETTO AV,80,W,N,A,-,N,NA,NA,NA,NA,NA,NA,NA,NA,NA,Y,2,0,2,1,A,-,01,23152,A,N,E,I,A,A,H,-,C,A,0,NA,NA,NA,NA,Y,Y,A,01,2,0,0,0,0,0,0,0,0,-,-,34.12099838256836,-117.427001953125,SAN BERNARDINO,FONTANA,-117.42741394042967,34.121341705322266
9666196,2024,2024-06-07,3600,2024-03-13,1153,H5258,HER20,3,5,5,3619,0,0,0,NA,0,HE2,EUCALYPTUS ST,I AV,0,NA,Y,A,-,N,NA,NA,NA,NA,NA,NA,NA,NA,NA,N,4,0,1,2,A,-,12,22450,A,N,D,C,A,A,H,-,A,A,0,NA,NA,NA,NA,Y,NA,A,07,0,0,1,0,0,0,0,0,0,-,-,NA,NA,SAN BERNARDINO,HESPERIA,-117.27719116210938,34.45524978637695
9666528,2024,2024-03-14,3603,2024-01-24,607,5212,CPD,3,5,4,3603,0,0,0,NA,0,004,E WASHINGTON ST,S VIA DE LA ZANJA,168,E,N,A,-,N,NA,NA,NA,NA,NA,NA,NA,NA,NA,N,3,0,1,2,A,-,11,21955,NA,N,G,B,E,A,H,-,C,D,0,Y,NA,NA,NA,Y,NA,N,60,0,1,0,0,1,0,0,0,0,-,-,34.048988342285156,-117.30400848388672,SAN BERNARDINO,COLTON,NA,NA