CASE_ID,ACCIDENT_YEAR,PROC_DATE,JURIS,COLLISION_DATE,COLLISION_TIME,OFFICER_ID,REPORTING_DISTRICT,DAY_OF_WEEK,CHP_SHIFT,POPULATION,CNTY_CITY_LOC,SPECIAL_COND,BEAT_TYPE,CHP_BEAT_TYPE,CITY_DIVISION_LAPD,CHP_BEAT_CLASS,BEAT_NUMBER,PRIMARY_RD,SECONDARY_RD,DISTANCE,DIRECTION,INTERSECTION,WEATHER_1,WEATHER_2,STATE_HWY_IND,CALTRANS_COUNTY,CALTRANS_DISTRICT,STATE_ROUTE,ROUTE_SUFFIX,POSTMILE_PREFIX,POSTMILE,LOCATION_TYPE,RAMP_INTERSECTION,SIDE_OF_HWY,TOW_AWAY,COLLISION_SEVERITY,NUMBER_KILLED,NUMBER_INJURED,PARTY_COUNT,PRIMARY_COLL_FACTOR,PCF_CODE_OF_VIOL,PCF_VIOL_CATEGORY,PCF_VIOLATION,PCF_VIOL_SUBSECTION,HIT_AND_RUN,TYPE_OF_COLLISION,MVIW,PED_ACTION,ROAD_SURFACE,ROAD_COND_1,ROAD_COND_2,LIGHTING,CONTROL_DEVICE,CHP_ROAD_TYPE,PEDESTRIAN_ACCIDENT,BICYCLE_ACCIDENT,MOTORCYCLE_ACCIDENT,TRUCK_ACCIDENT,NOT_PRIVATE_PROPERTY,ALCOHOL_INVOLVED,STWD_VEHTYPE_AT_FAULT,CHP_VEHTYPE_AT_FAULT,COUNT_SEVERE_INJ,COUNT_VISIBLE_INJ,COUNT_COMPLAINT_PAIN,COUNT_PED_KILLED,COUNT_PED_INJURED,COUNT_BICYCLIST_KILLED,COUNT_BICYCLIST_INJURED,COUNT_MC_KILLED,COUNT_MC_INJURED,PRIMARY_RAMP,SECONDARY_RAMP,LATITUDE,LONGITUDE,COUNTY,CITY,POINT_X,POINT_Y
9773180,2024,2025-01-07,3604,2024-10-07,1506,1492,NA,1,5,6,3604,0,0,0,NA,0,NA,SIERRA AVE,SANTA ANA AV,0,NA,Y,A,-,N,NA,NA,NA,NA,NA,NA,NA,NA,NA,Y,3,0,1,2,A,-,12,21453,A,N,D,C,A,A,H,-,A,A,0,NA,NA,NA,NA,Y,NA,A,01,0,1,0,0,0,0,0,0,0,-,-,34.05577850341797,-117.43560791015624,SAN BERNARDINO,FONTANA,-117.43563079833984,34.05579376220703
9773516,2024,2025-01-13,3610,2024-10-24,135,51470,NA,4,5,6,3610,0,0,0,NA,0,BAKER,OLIVE ST,G ST,0,NA,Y,A,-,N,NA,NA,NA,NA,NA,NA,NA,NA,NA,Y,4,0,1,2,A,-,03,22350,NA,N,C,E,A,A,H,-,B,D,0,NA,NA,NA,NA,Y,NA,A,01,0,0,1,0,0,0,0,0,0,-,-,34.118370056152344,-117.2995376586914,SAN BERNARDINO,SAN BERNARDINO,-117.29866790771484,34.1186408996582
9775372,2025,2025-02-03,3608,2025-01-01,645,4027,NA,3,5,5,3608,0,0,0,NA,0,NA,UNION AV,COLUMBIA ST,66,W,N,A,-,N,NA,NA,NA,NA,NA,NA,NA,NA,NA,Y,3,0,1,2,A,-,08,22107,NA,N,B,E,A,A,H,-,A,A,0,NA,NA,NA,NA,Y,NA,A,07,0,1,0,0,0,0,0,0,0,-,-,NA,NA,SAN BERNARDINO,REDLANDS,-117.18814849853516,34.065311431884766
9776058,2024,2025-02-03,3608,2024-10-25,2248,3372,NA,5,5,5,3608,0,0,0,NA,0,901,MARIPOSA DR,W SUNSET DR N,200,E,N,A,-,N,NA,NA,NA,NA,NA,NA,NA,NA,NA,Y,3,0,1,1,A,-,03,22350,NA,M,E,I,A,A,H,-,D,D,0,NA,NA,NA,NA,Y,NA,D,22,0,1,0,0,0,0,0,0,0,-,-,NA,NA,SAN BERNARDINO,REDLANDS,-117.16074371337892,34.02415466308594
9776532,2024,2025-01-21,3604,2024-11-22,805,1443,3604,5,5,6,3604,0,0,0,NA,0,004,CHERRY AV,MULBERRY AV,0,NA,Y,A,-,N,NA,NA,NA,NA,NA,NA,NA,NA,NA,N,4,0,1,2,A,-,12,21453,A,N,D,C,A,A,H,-,A,A,0,NA,NA,NA,NA,Y,NA,A,07,0,0,1,0,0,0,0,0,0,-,-,NA,NA,SAN BERNARDINO,FONTANA,-117.50697326660156,34.03547286987305
9777576,2025,2025-03-07,3600,2025-02-17,1003,I9526,HE410,1,5,5,3619,0,0,0,NA,0,HE4,ARROWHEAD LAKE RD,WESTLAWN ST,0,NA,Y,A,-,N,NA,NA,NA,NA,NA,NA,NA,NA,NA,Y,3,0,1,1,A,-,05,21650,NA,N,E,I,A,A,H,-,A,D,0,NA,NA,NA,NA,Y,NA,A,01,0,1,0,0,0,0,0,0,0,-,-,NA,NA,SAN BERNARDINO,HESPERIA,-117.24868011474608,34.403743743896484
9777583,2025,2025-03-03,3600,2025-01-14,1652,D3381,VC016,2,5,5,3612,0,0,0,NA,0,VC2,7TH ST,LA PAZ DR,0,NA,Y,A,-,N,NA,NA,NA,NA,NA,NA,NA,NA,NA,N,4,0,2,2,A,-,09,21804,A,N,D,C,A,A,H,-,A,A,0,NA,NA,NA,NA,Y,NA,A,01,0,0,2,0,0,0,0,0,0,-,-,34.51665115356445,-117.31281280517578,SAN BERNARDINO,VICTORVILLE,-117.3127899169922,34.51665496826172
9781468,2025,2025-02-20,3608,2025-01-06,1856,5230,REDLA,1,5,5,3608,0,0,0,NA,0,NA,ALABAMA ST,ORANGE TREE LN,0,NA,Y,A,-,N,NA,NA,NA,NA,NA,NA,NA,NA,NA,Y,3,0,4,2,A,-,12,21453,A,N,D,C,A,A,H,-,C,A,0,NA,NA,NA,NA,Y,NA,A,07,0,4,0,0,0,0,0,0,0,-,-,NA,NA,SAN BERNARDINO,REDLANDS,-117.20874786376952,34.068904876708984
9782152,2024,2025-02-19,3605,2024-11-20,1943,443,NA,3,5,4,3605,0,0,0,NA,0,NA,MONTE VISTA AV,FLORA ST,269,S,N,A,-,N,NA,NA,NA,NA,NA,NA,NA,NA,NA,N,4,0,1,2,A,-,03,22350,NA,N,H,G,A,A,H,-,C,D,0,NA,Y,NA,NA,Y,NA,L,04,0,0,1,0,0,0,1,0,0,-,-,34.0688591003418,-117.69831085205078,SAN BERNARDINO,MONTCLAIR,-117.6982879638672,34.06807327270508
9783137,2025,2025-03-13,3600,2025-02-18,2036,J6007,AD311,2,5,5,3612,0,0,0,NA,0,VC6,RT 395,PALMDALE RD,0,NA,Y,A,-,Y,SBD,8,395,-,-,11.33,H,-,S,Y,4,0,1,2,A,-,08,22107,NA,N,D,C,A,A,H,-,C,A,0,NA,NA,NA,NA,Y,NA,A,07,0,0,1,0,0,0,0,0,0,-,-,34.509090423583984,-117.39910888671876,SAN BERNARDINO,VICTORVILLE,-117.3996124267578,34.50910186767578
9786008,2024,2025-02-26,3605,2024-08-10,513,501,NA,6,5,4,3605,0,0,0,NA,0,NA,HOLT BL,BENSON AV,452,W,N,A,-,N,NA,NA,NA,NA,NA,NA,NA,NA,NA,N,1,1,0,1,A,-,08,22107,NA,N,H,I,A,A,H,-,C,D,0,NA,Y,NA,NA,Y,Y,L,04,0,0,0,0,0,1,0,0,0,-,-,34.06327819824219,-117.68092346191406,SAN BERNARDINO,MONTCLAIR,-117.68229675292967,34.063350677490234
9786109,2024,2025-04-09,3600,2024-11-02,1823,I8688,VC048,6,5,5,3612,0,0,0,NA,0,VC8,MOJAVE DR,VILLAGE DR,0,NA,Y,A,-,N,NA,NA,NA,NA,NA,NA,NA,NA,NA,N,1,1,0,2,A,-,05,21202,NA,N,-,G,A,A,H,-,C,A,0,NA,Y,NA,NA,Y,NA,L,04,0,0,0,0,0,1,0,0,0,-,-,34.52886962890625,-117.31829071044922,SAN BERNARDINO,VICTORVILLE,-117.3183135986328,34.52889633178711
9786199,2024,2025-05-03,3605,2024-08-25,1703,461,NA,7,5,4,3605,0,0,0,NA,0,NA,STATE ST,FREMONT AV,422,W,N,A,-,N,NA,NA,NA,NA,NA,NA,NA,NA,NA,N,1,1,0,2,A,-,08,22107,NA,N,D,G,A,A,H,-,A,D,0,NA,Y,NA,NA,Y,NA,L,04,0,0,0,0,0,1,0,0,0,-,-,34.059669494628906,-117.6938705444336,SAN BERNARDINO,MONTCLAIR,-117.69525146484376,34.059749603271484
9788057,2025,2025-04-29,3608,2025-02-08,1330,5257,REDLA,6,5,5,3608,0,0,0,NA,0,901,CYPRESS AV,CENTER ST,0,NA,Y,A,-,N,NA,NA,NA,NA,NA,NA,NA,NA,NA,N,3,0,2,2,A,-,09,21802,A,F,D,C,A,A,H,-,A,A,0,NA,NA,NA,NA,Y,NA,-,NA,0,2,0,0,0,0,0,0,0,-,-,NA,NA,SAN BERNARDINO,REDLANDS,-117.18373107910156,34.043365478515625
9788470,2025,2025-05-02,3600,2025-03-14,1013,G6922,RC041,5,5,6,3616,0,0,0,NA,0,RC1,19TH ST,HELLMAN AV,0,NA,Y,C,-,N,NA,NA,NA,NA,NA,NA,NA,NA,NA,Y,3,0,2,2,A,-,12,21453,A,N,D,C,A,B,H,-,A,A,0,NA,NA,NA,NA,Y,NA,A,01,0,2,0,0,0,0,0,0,0,-,-,NA,NA,SAN BERNARDINO,RANCHO CUCAMONGA,-117.6027374267578,34.13267135620117
9788974,2025,2025-05-13,3600,2025-04-15,2155,H9000,SBSUP,2,5,4,3640,0,0,0,NA,0,YC2,FREEMONT ST,AVENUE B,0,NA,-,A,-,N,NA,NA,NA,NA,NA,NA,NA,NA,NA,Y,3,0,2,1,A,-,03,22350,NA,N,A,I,A,A,H,-,C,D,0,NA,NA,NA,NA,Y,NA,A,01,0,1,1,0,0,0,0,0,0,-,-,34.032291412353516,-117.0268783569336,SAN BERNARDINO,YUCAIPA,-117.02713012695313,34.031890869140625
9789299,2025,2025-03-27,3604,2025-03-06,2240,1489,3604,4,5,6,3604,0,0,0,NA,0,003,CITRUS AV,CERES AV,128,N,N,C,-,N,NA,NA,NA,NA,NA,NA,NA,NA,NA,Y,2,0,1,3,A,-,03,22350,NA,N,C,C,A,B,H,-,C,A,0,NA,NA,NA,NA,Y,Y,A,07,1,0,0,0,0,0,0,0,0,-,-,NA,NA,SAN BERNARDINO,FONTANA,-117.45366668701172,34.09416198730469
9790881,2024,2025-03-10,3610,2024-12-23,1230,51521,NA,1,5,6,3610,0,0,0,NA,0,CHARLI,HIGHLAND AV,LAWRENCE AV,0,NA,Y,A,-,N,NA,NA,NA,NA,NA,NA,NA,NA,NA,N,4,0,1,2,A,-,07,21658,A,N,D,C,A,A,A,-,A,A,0,NA,NA,NA,NA,Y,NA,A,01,0,0,1,0,0,0,0,0,0,-,-,NA,NA,SAN BERNARDINO,SAN BERNARDINO,-117.26628875732422,34.135894775390625
9790939,2025,2025-03-04,3610,2025-01-17,642,51552,NA,5,5,6,3610,0,0,0,NA,0,DAVID,3RD ST,TIPPECANOE,236,S,N,A,-,N,NA,NA,NA,NA,NA,NA,NA,NA,NA,Y,4,0,1,1,A,-,03,22350,NA,N,E,I,A,A,H,-,A,D,0,NA,NA,NA,NA,Y,NA,A,01,0,0,1,0,0,0,0,0,0,-,-,NA,NA,SAN BERNARDINO,SAN BERNARDINO,-117.25965118408205,34.10456085205078
9791329,2025,2025-03-11,3603,2025-02-20,1420,4861,CPD,4,5,4,3603,0,0,0,NA,0,001,RANCHO AV,W B ST,50,S,N,A,-,N,NA,NA,NA,NA,NA,NA,NA,NA,NA,Y,4,0,2,2,A,-,07,21658,A,N,B,C,A,A,H,-,A,D,0,NA,NA,NA,NA,Y,NA,A,01,0,0,2,0,0,0,0,0,0,-,-,37.074501037597656,-117.33490753173828,SAN BERNARDINO,COLTON,-117.33515167236328,34.07513427734375
9792691,2025,2025-03-17,3605,2025-02-03,1313,449,NA,1,5,4,3605,0,0,0,NA,0,NA,SAN BERNARDINO ST,FREMONT AV,34,E,N,A,-,N,NA,NA,NA,NA,NA,NA,NA,NA,NA,N,4,0,2,2,A,-,09,21801,A,N,D,C,A,A,H,-,A,D,0,NA,NA,NA,NA,Y,NA,A,01,0,0,2,0,0,0,0,0,0,-,-,34.07761001586914,-117.68511962890624,SAN BERNARDINO,MONTCLAIR,-117.69377136230467,34.07765197753906
9793880,2025,2025-03-19,3600,2025-02-22,1353,H9013,YC302,6,5,4,3640,0,0,0,NA,0,YC2,2ND ST,BURGUNDY CT,0,NA,Y,A,-,N,NA,NA,NA,NA,NA,NA,NA,NA,NA,N,2,0,1,2,A,-,09,21802,A,N,D,C,A,A,H,-,A,A,0,NA,NA,Y,NA,Y,NA,C,02,1,0,0,0,0,0,0,0,1,-,-,NA,NA,SAN BERNARDINO,YUCAIPA,-117.04318237304688,34.02120590209961
9796590,2025,2025-04-03,3610,2025-02-17,2500,51572,NA,1,5,6,3610,0,0,0,NA,0,CHARLI,BASELINE ST,MYRTLE ST,0,NA,Y,A,-,N,NA,NA,NA,NA,NA,NA,NA,NA,NA,N,4,0,1,2,A,-,03,22350,NA,M,C,C,A,A,H,-,A,A,0,NA,NA,NA,NA,Y,NA,A,01,0,0,1,0,0,0,0,0,0,-,-,34.12131881713867,-117.26947784423828,SAN BERNARDINO,SAN BERNARDINO,-117.26947784423828,34.12133026123047
9797818,2025,2025-12-17,3604,2025-01-10,2215,1150,NA,5,5,6,3604,0,0,0,NA,0,NA,PALMETO AVE,SAN BERNARDINO,200,N,N,A,-,N,NA,NA,NA,NA,NA,NA,NA,NA,NA,Y,4,0,1,3,A,-,01,23152,A,M,B,E,A,A,H,-,C,D,0,NA,NA,NA,NA,Y,Y,A,01,0,0,1,0,0,0,0,0,0,-,-,NA,NA,SAN BERNARDINO,FONTANA,-117.42696380615234,34.07815933227539
9799326,2025,2025-07-01,3608,2025-05-25,1648,5419,NA,7,5,5,3608,0,0,0,NA,0,NA,REDLANDS BL,EUREKA ST,0,NA,Y,A,-,N,NA,NA,NA,NA,NA,NA,NA,NA,NA,Y,3,0,2,2,A,-,09,21800,A,N,D,C,A,A,H,-,A,A,0,NA,NA,NA,NA,Y,NA,A,01,0,1,1,0,0,0,0,0,0,-,-,NA,NA,SAN BERNARDINO,REDLANDS,-117.18576049804688,34.05733108520508
9800364,2025,2025-04-16,3600,2025-03-06,846,G7701,GT010,4,5,3,3690,0,0,0,NA,0,GT1,MAIN ST,TRANSIT AV,0,N,N,B,-,N,NA,NA,NA,NA,NA,NA,NA,NA,NA,Y,4,0,1,2,A,-,08,22107,NA,N,D,C,A,B,H,-,A,D,0,NA,NA,NA,NA,Y,NA,A,01,0,0,1,0,0,0,0,0,0,-,-,34.01900100708008,-117.33300018310548,SAN BERNARDINO,GRAND TERRACE,-117.33314514160156,34.019344329833984
9801662,2025,2025-04-10,3610,2025-02-28,1817,51570,NA,5,5,6,3610,0,0,0,NA,0,BAKER,N MOUNTAIN VIEW AV,WEST HIGHLAND AV,0,NA,Y,A,-,N,NA,NA,NA,NA,NA,NA,NA,NA,NA,N,4,0,1,2,A,-,10,21950,A,N,G,B,B,A,H,-,C,A,0,Y,NA,NA,NA,Y,NA,A,01,0,0,1,0,1,0,0,0,0,-,-,34.135948181152344,-117.28733825683594,SAN BERNARDINO,SAN BERNARDINO,-117.287353515625,34.135955810546875
9805225,2025,2025-05-02,3600,2025-01-10,1539,F8556,RC018,5,5,6,3616,0,0,0,NA,0,005,ARROW RT,RED OAK ST,0,NA,Y,A,-,N,NA,NA,NA,NA,NA,NA,NA,NA,NA,Y,3,0,3,2,A,-,12,21453,A,N,D,C,A,A,H,-,A,A,0,NA,NA,NA,NA,Y,NA,A,01,0,1,2,0,0,0,0,0,0,-,-,NA,NA,SAN BERNARDINO,RANCHO CUCAMONGA,-117.56907653808594,34.09913635253906
9806225,2025,2025-05-19,3604,2025-02-02,2006,1278,NA,7,5,6,3604,0,0,0,NA,0,004,SIERRA AV,JURUPA AV,1300,S,N,A,-,N,NA,NA,NA,NA,NA,NA,NA,NA,NA,Y,3,0,1,2,A,-,09,21801,A,N,D,C,A,A,H,-,C,D,0,NA,NA,NA,NA,Y,NA,D,22,0,1,0,0,0,0,0,0,0,-,-,NA,NA,SAN BERNARDINO,FONTANA,-117.43546295166016,34.04473876953125
9807558,2025,2025-05-30,3603,2025-04-10,1936,5339,CPD,4,5,4,3603,0,0,0,NA,0,002,MT VERNON AV,JOHNSON ST,0,NA,Y,A,-,N,NA,NA,NA,NA,NA,NA,NA,NA,NA,N,4,0,1,2,A,-,11,21453,D,N,D,G,A,A,H,-,C,A,0,NA,Y,NA,NA,Y,Y,L,04,0,0,1,0,0,0,1,0,0,-,-,NA,NA,SAN BERNARDINO,COLTON,-117.3138427734375,34.0884895324707
9807590,2025,2025-05-29,3610,2025-03-26,1801,51585,NA,3,5,6,3610,0,0,0,NA,0,BAKER,N E ST N,W 31ST ST,134,S,N,A,-,N,NA,NA,NA,NA,NA,NA,NA,NA,NA,Y,4,0,2,2,A,-,01,23152,A,M,A,C,A,-,H,-,A,D,0,NA,NA,NA,NA,Y,Y,A,01,0,0,2,0,0,0,0,0,0,-,-,34.14741134643555,-117.29399871826172,SAN BERNARDINO,SAN BERNARDINO,-117.29409027099608,34.14741134643555
9808559,2025,2025-08-06,3600,2025-05-11,127,J4373,HE134,7,5,5,3619,0,0,0,NA,0,HE1,RT 395,MAIN ST,88,S,N,A,-,Y,SBD,8,395,-,R,5.59,H,-,N,Y,4,0,3,2,A,-,03,22350,NA,N,C,C,A,A,H,-,C,A,0,NA,NA,NA,NA,Y,NA,-,-,0,0,3,0,0,0,0,0,0,-,-,NA,NA,SAN BERNARDINO,HESPERIA,-117.40007019042967,34.42642593383789
9809382,2025,2025-05-19,3610,2025-03-03,1000,51552,NA,1,5,6,3610,0,0,0,NA,0,CHARLI,WATERMAN CANYON,RT 18,0,NA,Y,A,-,Y,SBD,8,18,-,R,9.35,H,-,S,Y,4,0,4,3,A,-,03,22350,NA,N,C,C,A,A,H,-,A,A,0,NA,NA,NA,NA,Y,NA,A,07,0,0,4,0,0,0,0,0,0,-,-,34.18244934082031,-117.27378082275392,SAN BERNARDINO,SAN BERNARDINO,-117.27659606933594,34.183868408203125
9809386,2025,2025-06-02,3610,2025-03-08,2500,51550,NA,6,5,6,3610,0,0,0,NA,0,ADAM,HIGHLAND AV,MEDICAL CENTER DR,0,NA,Y,A,-,N,NA,NA,NA,NA,NA,NA,NA,NA,NA,N,3,0,1,2,A,-,17,21451,A,N,D,C,A,-,H,-,-,A,0,NA,NA,NA,NA,Y,NA,A,07,0,1,0,0,0,0,0,0,0,-,-,34.1361083984375,-117.32254791259766,SAN BERNARDINO,SAN BERNARDINO,-117.32257080078124,34.1361083984375
9810508,2025,2025-06-19,3600,2025-05-21,1528,F3800,YC402,3,5,4,3640,0,0,0,NA,0,YC3,YUCAIPA BL,12TH ST,295,E,N,A,-,N,NA,NA,NA,NA,NA,NA,NA,NA,NA,N,3,0,1,3,A,-,08,22107,NA,N,D,C,A,A,H,-,A,D,0,NA,NA,Y,NA,Y,NA,C,02,0,1,0,0,0,0,0,0,1,-,-,NA,NA,SAN BERNARDINO,YUCAIPA,-117.08574676513672,34.033809661865234
9810827,2025,2025-06-23,3600,2025-05-04,1925,D3381,VC068,7,5,5,3612,0,0,0,NA,0,VC4,NORTH STAR AV,COBALT RD,0,NA,Y,-,-,N,NA,NA,NA,NA,NA,NA,NA,NA,NA,Y,4,0,1,2,A,-,09,21802,A,N,D,C,A,A,H,-,A,A,0,NA,NA,NA,NA,Y,NA,A,01,0,0,1,0,0,0,0,0,0,-,-,34.477638244628906,-117.37310791015624,SAN BERNARDINO,VICTORVILLE,-117.37313079833984,34.4776496887207
9813118,2025,2025-12-10,3600,2025-09-18,823,J6127,TW002,4,5,3,3617,0,0,0,NA,0,TW1,29 PALMS HWY,NOELS KNOLL RD,0,NA,Y,B,C,Y,SBD,8,62,-,-,29.93,H,-,E,Y,4,0,1,1,A,-,03,22350,NA,N,F,J,A,B,H,-,A,D,0,NA,NA,NA,NA,Y,NA,A,01,0,0,1,0,0,0,0,0,0,-,-,34.1351203918457,-116.11338806152344,SAN BERNARDINO,TWENTYNINE PALMS,-116.11160278320313,34.135250091552734
9814326,2025,2025-06-30,3600,2025-06-08,1502,J9736,BB207,7,5,2,3680,0,0,0,NA,0,001,DIVISION DR,BIG BEAR BL,58,N,N,A,-,N,NA,NA,NA,NA,NA,NA,NA,NA,NA,N,3,0,1,2,A,-,09,21453,C,N,D,G,A,A,H,-,A,A,0,NA,Y,NA,NA,Y,NA,L,04,0,1,0,0,0,0,1,0,0,-,-,34.26070022583008,-116.86599731445313,SAN BERNARDINO,BIG BEAR LAKE,-116.8661651611328,34.26066970825195
9814696,2025,2025-06-02,3610,2025-04-01,904,51546,NA,2,5,6,3610,0,0,0,NA,0,NA,WATERMAN,COMMERCIAL,0,NA,Y,B,-,N,NA,NA,NA,NA,NA,NA,NA,NA,NA,N,4,0,2,2,A,-,12,21453,A,N,D,C,A,A,H,-,A,A,0,NA,NA,NA,NA,Y,NA,-,-,0,0,2,0,0,0,0,0,0,-,-,34.05550003051758,-117.27799987792967,SAN BERNARDINO,SAN BERNARDINO,-117.27872467041016,34.05583953857422
9816164,2025,2025-06-25,3610,2025-05-21,1245,50756,NA,3,5,6,3610,0,0,0,NA,0,NA,N WATERMAN,E 13TH ST,109,N,N,A,-,N,NA,NA,NA,NA,NA,NA,NA,NA,NA,N,4,0,1,2,A,-,03,22350,NA,N,C,C,A,A,H,-,A,A,0,NA,NA,NA,NA,Y,NA,A,01,0,0,1,0,0,0,0,0,0,-,-,34.123531341552734,-117.27880859375,SAN BERNARDINO,SAN BERNARDINO,-117.27879333496094,34.12364959716797
9816603,2025,2025-06-05,3610,2025-04-29,858,51546,NA,2,5,6,3610,0,0,0,NA,0,CHARLI,E BASELINE ST,WALL AV,141,N,N,A,-,N,NA,NA,NA,NA,NA,NA,NA,NA,NA,N,3,0,1,1,A,-,08,22107,NA,N,E,I,A,A,A,H,A,A,0,NA,NA,NA,NA,Y,NA,A,01,0,1,0,0,0,0,0,0,0,-,-,34.12133026123047,-117.27879333496094,SAN BERNARDINO,SAN BERNARDINO,-117.28135681152344,34.12133026123047
9816650,2025,2025-06-16,3600,2025-05-07,1454,F4772,VC013,3,5,5,3612,0,0,0,NA,0,VC5,BEAR VALLEY RD,DUNIA RD,0,NA,Y,A,-,N,NA,NA,NA,NA,NA,NA,NA,NA,NA,Y,4,0,1,2,A,-,12,21453,A,N,-,C,A,A,H,-,A,A,0,NA,NA,NA,NA,Y,NA,D,22,0,0,1,0,0,0,0,0,0,-,-,NA,NA,SAN BERNARDINO,VICTORVILLE,-117.35366821289063,34.47041320800781
9816884,2025,2025-06-20,3600,2025-05-05,820,J1624,VC4,1,5,5,3612,0,0,0,NA,0,VC064,AMARGOSA RD,LUNA RD,783,N,N,A,-,N,NA,NA,NA,NA,NA,NA,NA,NA,NA,Y,3,0,1,2,A,-,03,22350,NA,N,C,C,A,B,H,-,A,A,0,NA,NA,NA,NA,Y,NA,A,01,0,1,0,0,0,0,0,0,0,-,-,34.493980407714844,-117.33045196533205,SAN BERNARDINO,VICTORVILLE,-117.33031463623048,34.494102478027344
9817085,2025,2025-06-17,3600,2025-05-16,1455,G4109,HI005,5,5,4,3618,0,0,0,NA,0,HI1,BASELINE ST,GUTHRIE ST,0,NA,Y,A,-,N,NA,NA,NA,NA,NA,NA,NA,NA,NA,Y,2,0,1,2,A,-,01,23153,A,F,D,C,A,A,H,-,A,D,0,NA,NA,NA,NA,Y,Y,A,01,1,0,0,0,0,0,0,0,0,-,-,NA,NA,SAN BERNARDINO,HIGHLAND,-117.24008941650392,34.12130355834961
9820512,2025,2025-10-23,3600,2025-08-03,1810,I4720,HE131,7,5,5,3619,0,0,0,NA,0,HE5,MAIN ST,3RD AV,0,NA,Y,A,-,N,NA,NA,NA,NA,NA,NA,NA,NA,NA,Y,3,0,3,2,A,-,12,21453,A,N,A,C,A,A,H,-,A,A,0,NA,NA,NA,NA,Y,NA,A,01,0,1,2,0,0,0,0,0,0,-,-,NA,NA,SAN BERNARDINO,HESPERIA,-117.3066864013672,34.422298431396484
9820644,2025,2025-10-01,3603,2025-09-05,1418,4974,CPD,5,5,4,3603,0,0,0,NA,0,003,W VALLEY BL,N RANCHO AV,400,W,N,A,-,N,NA,NA,NA,NA,NA,NA,NA,NA,NA,N,4,0,1,2,A,-,09,21803,A,N,D,G,A,A,H,-,A,D,0,NA,NA,Y,NA,Y,NA,C,03,0,0,1,0,0,0,0,0,1,-,-,34.06856155395508,-117.3357162475586,SAN BERNARDINO,COLTON,-117.3370361328125,34.06863021850586
9821102,2024,2025-08-07,3600,2024-09-13,1459,I3868,AP010,5,5,5,3621,0,0,0,NA,0,AP3,KIOWA RD,WREN ST,0,NA,Y,A,-,N,NA,NA,NA,NA,NA,NA,NA,NA,NA,N,3,0,1,2,A,-,03,22350,NA,N,C,C,A,A,H,-,A,A,0,NA,NA,NA,NA,Y,NA,A,01,0,1,0,0,0,0,0,0,0,-,-,NA,NA,SAN BERNARDINO,APPLE VALLEY,-117.20764923095705,34.44978713989258
9822283,2025,2025-09-08,3604,2025-08-08,808,D213,NA,5,5,6,3604,0,0,0,NA,0,002,CITRUS AV,MERRILL AVE,132,N,N,A,-,N,NA,NA,NA,NA,NA,NA,NA,NA,NA,N,3,0,1,2,A,-,05,21650,NA,N,A,G,A,A,H,-,A,D,0,NA,Y,NA,NA,Y,NA,L,04,0,1,0,0,0,0,1,0,0,-,-,NA,NA,SAN BERNARDINO,FONTANA,-117.45366668701172,34.092430114746094
9822541,2025,2025-12-19,3600,2025-08-13,913,I5412,RC068,3,5,6,3616,0,0,0,NA,0,RC6,FOOTHILL BL,ROCHESTER AV,0,NA,Y,A,-,N,NA,NA,NA,NA,NA,NA,NA,NA,NA,Y,3,0,2,3,A,-,03,22350,NA,N,C,C,A,A,H,-,A,A,0,NA,NA,Y,Y,Y,NA,F,26,0,2,0,0,0,0,0,0,2,-,-,NA,NA,SAN BERNARDINO,RANCHO CUCAMONGA,-117.5456314086914,34.106300354003906
9822744,2025,2025-09-05,3600,2025-07-22,1521,H9757,HI016,2,5,4,3618,0,0,0,NA,0,HI2,BASELINE ST,PALM AV,71,W,N,A,-,N,NA,NA,NA,NA,NA,NA,NA,NA,NA,Y,4,0,1,4,A,-,01,23152,G,N,C,-,A,A,H,-,A,A,0,NA,NA,NA,NA,Y,Y,A,01,0,0,1,0,0,0,0,0,0,-,-,34.12125015258789,-117.2087631225586,SAN BERNARDINO,HIGHLAND,-117.2090072631836,34.121238708496094
9822834,2025,2025-09-03,3600,2025-05-06,1834,F5499,RC014,2,5,6,3616,0,0,0,NA,0,RC6,MILLIKEN AV,TERRA VISTA PKWY,0,NA,Y,A,-,N,NA,NA,NA,NA,NA,NA,NA,NA,NA,N,4,0,2,2,A,-,12,21453,A,N,D,C,A,A,H,-,A,A,0,NA,NA,NA,NA,Y,NA,A,01,0,0,2,0,0,0,0,0,0,-,-,NA,NA,SAN BERNARDINO,RANCHO CUCAMONGA,-117.55860900878906,34.119117736816406
9824051,2025,2025-09-24,3605,2025-07-22,1839,507,NA,2,5,4,3605,0,0,0,NA,0,NA,MORENO ST,FREMONT AV,0,NA,Y,-,-,N,NA,NA,NA,NA,NA,NA,NA,NA,NA,Y,4,0,1,2,A,-,12,21453,A,N,D,C,A,A,H,-,A,A,0,NA,NA,NA,NA,Y,NA,A,01,0,0,1,0,0,0,0,0,0,-,-,34.08871078491211,-117.69394683837892,SAN BERNARDINO,MONTCLAIR,-117.69394683837892,34.08869552612305